cohort,batch,run,stage,duration_us
before,1,1,cli-parse,1868
before,1,1,event-loop-create,5706
before,1,1,application-default-state,205
before,1,1,application-state-and-paths,255
before,1,1,config-read-parse,221
before,1,1,workspace-model-and-runtimes,17
before,1,1,window-create-and-branding,21056
before,1,1,font-database-create,1
before,1,1,system-font-discovery,49598
before,1,1,font-generic-family-query,18
before,1,1,font-primary-monospace-validation,0
before,1,1,font-family-resolution,47
before,1,1,fallback-candidate-collection,19
before,1,1,fallback-candidate-sort,1867
before,1,1,fallback-candidate-ordering,1918
before,1,1,font-cache-setup,5
before,1,1,font-family-preparation,51662
before,1,1,font-metrics,94
before,1,1,gpu-backend-policy,16
before,1,1,wgpu-instance,10876
before,1,1,surface-create,50
before,1,1,adapter-request-call,61963
before,1,1,adapter-request-poll,8
before,1,1,adapter-request,62020
before,1,1,device-request-call,68251
before,1,1,device-request-poll,4
before,1,1,device-request,68308
before,1,1,gpu-initialize,142202
before,1,1,adapter-info,1
before,1,1,surface-capabilities-and-config,15
before,1,1,surface-configure,9669
before,1,1,initial-grid-resize,202
before,1,1,initial-ui-and-pane-layout,14
before,1,1,initial-projection,71
before,1,1,surface-acquire,87
before,1,1,shader-module-create,745
before,1,1,glyph-bind-group-layout,87
before,1,1,shader-and-layout,894
before,1,1,rectangle-pipeline,9016
before,1,1,glyph-pipeline,9975
before,1,1,atlas-texture-create,3287
before,1,1,atlas-view-sampler-bind-group,585
before,1,1,glyph-atlas,3979
before,1,1,frame-texture-view,20
before,1,1,instance-generation,4
before,1,1,instance-buffer-allocation,246
before,1,1,instance-buffer-writes,214
before,1,1,buffer-create-upload,511
before,1,1,render-encoding,980
before,1,1,queue-submit,545
before,1,1,pre-present-notify,0
before,1,1,first-present,763
before,1,2,cli-parse,1190
before,1,2,event-loop-create,6388
before,1,2,application-default-state,172
before,1,2,application-state-and-paths,211
before,1,2,config-read-parse,207
before,1,2,workspace-model-and-runtimes,14
before,1,2,window-create-and-branding,23532
before,1,2,font-database-create,4
before,1,2,system-font-discovery,31222
before,1,2,font-generic-family-query,13
before,1,2,font-primary-monospace-validation,0
before,1,2,font-family-resolution,33
before,1,2,fallback-candidate-collection,10
before,1,2,fallback-candidate-sort,1296
before,1,2,fallback-candidate-ordering,1331
before,1,2,font-cache-setup,4
before,1,2,font-family-preparation,32685
before,1,2,font-metrics,72
before,1,2,gpu-backend-policy,53
before,1,2,wgpu-instance,7519
before,1,2,surface-create,39
before,1,2,adapter-request-call,43901
before,1,2,adapter-request-poll,6
before,1,2,adapter-request,43946
before,1,2,device-request-call,46249
before,1,2,device-request-poll,3
before,1,2,device-request,46288
before,1,2,gpu-initialize,98649
before,1,2,adapter-info,1
before,1,2,surface-capabilities-and-config,9
before,1,2,surface-configure,6396
before,1,2,initial-grid-resize,153
before,1,2,initial-ui-and-pane-layout,5
before,1,2,initial-projection,32
before,1,2,surface-acquire,43
before,1,2,shader-module-create,356
before,1,2,glyph-bind-group-layout,41
before,1,2,shader-and-layout,421
before,1,2,rectangle-pipeline,6218
before,1,2,glyph-pipeline,5948
before,1,2,atlas-texture-create,2519
before,1,2,atlas-view-sampler-bind-group,722
before,1,2,glyph-atlas,3388
before,1,2,frame-texture-view,20
before,1,2,instance-generation,4
before,1,2,instance-buffer-allocation,218
before,1,2,instance-buffer-writes,172
before,1,2,buffer-create-upload,428
before,1,2,render-encoding,557
before,1,2,queue-submit,365
before,1,2,pre-present-notify,0
before,1,2,first-present,437
before,1,3,cli-parse,1988
before,1,3,event-loop-create,11235
before,1,3,application-default-state,168
before,1,3,application-state-and-paths,209
before,1,3,config-read-parse,184
before,1,3,workspace-model-and-runtimes,13
before,1,3,window-create-and-branding,34976
before,1,3,font-database-create,2
before,1,3,system-font-discovery,34070
before,1,3,font-generic-family-query,11
before,1,3,font-primary-monospace-validation,0
before,1,3,font-family-resolution,31
before,1,3,fallback-candidate-collection,9
before,1,3,fallback-candidate-sort,1609
before,1,3,fallback-candidate-ordering,1658
before,1,3,font-cache-setup,9
before,1,3,font-family-preparation,35840
before,1,3,font-metrics,155
before,1,3,gpu-backend-policy,12
before,1,3,wgpu-instance,9478
before,1,3,surface-create,33
before,1,3,adapter-request-call,40689
before,1,3,adapter-request-poll,6
before,1,3,adapter-request,40734
before,1,3,device-request-call,56280
before,1,3,device-request-poll,6
before,1,3,device-request,56467
before,1,3,gpu-initialize,107496
before,1,3,adapter-info,2
before,1,3,surface-capabilities-and-config,20
before,1,3,surface-configure,11125
before,1,3,initial-grid-resize,118
before,1,3,initial-ui-and-pane-layout,9
before,1,3,initial-projection,38
before,1,3,surface-acquire,59
before,1,3,shader-module-create,450
before,1,3,glyph-bind-group-layout,79
before,1,3,shader-and-layout,581
before,1,3,rectangle-pipeline,14640
before,1,3,glyph-pipeline,12513
before,1,3,atlas-texture-create,3403
before,1,3,atlas-view-sampler-bind-group,676
before,1,3,glyph-atlas,4184
before,1,3,frame-texture-view,34
before,1,3,instance-generation,10
before,1,3,instance-buffer-allocation,464
before,1,3,instance-buffer-writes,375
before,1,3,buffer-create-upload,924
before,1,3,render-encoding,767
before,1,3,queue-submit,522
before,1,3,pre-present-notify,0
before,1,3,first-present,623
before,1,4,cli-parse,2545
before,1,4,event-loop-create,17765
before,1,4,application-default-state,652
before,1,4,application-state-and-paths,938
before,1,4,config-read-parse,420
before,1,4,workspace-model-and-runtimes,27
before,1,4,window-create-and-branding,40333
before,1,4,font-database-create,2
before,1,4,system-font-discovery,51373
before,1,4,font-generic-family-query,15
before,1,4,font-primary-monospace-validation,0
before,1,4,font-family-resolution,45
before,1,4,fallback-candidate-collection,21
before,1,4,fallback-candidate-sort,2021
before,1,4,fallback-candidate-ordering,2078
before,1,4,font-cache-setup,6
before,1,4,font-family-preparation,53598
before,1,4,font-metrics,138
before,1,4,gpu-backend-policy,15
before,1,4,wgpu-instance,12966
before,1,4,surface-create,49
before,1,4,adapter-request-call,81531
before,1,4,adapter-request-poll,28
before,1,4,adapter-request,81707
before,1,4,device-request-call,72189
before,1,4,device-request-poll,4
before,1,4,device-request,72244
before,1,4,gpu-initialize,168923
before,1,4,adapter-info,1
before,1,4,surface-capabilities-and-config,13
before,1,4,surface-configure,30746
before,1,4,initial-grid-resize,193
before,1,4,initial-ui-and-pane-layout,14
before,1,4,initial-projection,76
before,1,4,surface-acquire,109
before,1,4,shader-module-create,912
before,1,4,glyph-bind-group-layout,1260
before,1,4,shader-and-layout,2838
before,1,4,rectangle-pipeline,11538
before,1,4,glyph-pipeline,19944
before,1,4,atlas-texture-create,4795
before,1,4,atlas-view-sampler-bind-group,1207
before,1,4,glyph-atlas,6163
before,1,4,frame-texture-view,27
before,1,4,instance-generation,5
before,1,4,instance-buffer-allocation,561
before,1,4,instance-buffer-writes,553
before,1,4,buffer-create-upload,1259
before,1,4,render-encoding,2898
before,1,4,queue-submit,2372
before,1,4,pre-present-notify,0
before,1,4,first-present,1557
before,1,5,cli-parse,491
before,1,5,event-loop-create,9061
before,1,5,application-default-state,183
before,1,5,application-state-and-paths,228
before,1,5,config-read-parse,202
before,1,5,workspace-model-and-runtimes,15
before,1,5,window-create-and-branding,39798
before,1,5,font-database-create,1
before,1,5,system-font-discovery,32395
before,1,5,font-generic-family-query,11
before,1,5,font-primary-monospace-validation,0
before,1,5,font-family-resolution,31
before,1,5,fallback-candidate-collection,8
before,1,5,fallback-candidate-sort,1638
before,1,5,fallback-candidate-ordering,1671
before,1,5,font-cache-setup,5
before,1,5,font-family-preparation,34170
before,1,5,font-metrics,119
before,1,5,gpu-backend-policy,18
before,1,5,wgpu-instance,7367
before,1,5,surface-create,31
before,1,5,adapter-request-call,58651
before,1,5,adapter-request-poll,7
before,1,5,adapter-request,58699
before,1,5,device-request-call,51115
before,1,5,device-request-poll,3
before,1,5,device-request,51156
before,1,5,gpu-initialize,117998
before,1,5,adapter-info,1
before,1,5,surface-capabilities-and-config,9
before,1,5,surface-configure,5748
before,1,5,initial-grid-resize,138
before,1,5,initial-ui-and-pane-layout,7
before,1,5,initial-projection,35
before,1,5,surface-acquire,43
before,1,5,shader-module-create,353
before,1,5,glyph-bind-group-layout,40
before,1,5,shader-and-layout,418
before,1,5,rectangle-pipeline,6647
before,1,5,glyph-pipeline,7584
before,1,5,atlas-texture-create,1230
before,1,5,atlas-view-sampler-bind-group,244
before,1,5,glyph-atlas,1520
before,1,5,frame-texture-view,13
before,1,5,instance-generation,3
before,1,5,instance-buffer-allocation,149
before,1,5,instance-buffer-writes,151
before,1,5,buffer-create-upload,326
before,1,5,render-encoding,511
before,1,5,queue-submit,427
before,1,5,pre-present-notify,0
before,1,5,first-present,553
before,2,1,cli-parse,3779
before,2,1,event-loop-create,8241
before,2,1,application-default-state,306
before,2,1,application-state-and-paths,451
before,2,1,config-read-parse,315
before,2,1,workspace-model-and-runtimes,24
before,2,1,window-create-and-branding,37510
before,2,1,font-database-create,5
before,2,1,system-font-discovery,39528
before,2,1,font-generic-family-query,11
before,2,1,font-primary-monospace-validation,0
before,2,1,font-family-resolution,34
before,2,1,fallback-candidate-collection,8
before,2,1,fallback-candidate-sort,1483
before,2,1,fallback-candidate-ordering,1518
before,2,1,font-cache-setup,5
before,2,1,font-family-preparation,41182
before,2,1,font-metrics,82
before,2,1,gpu-backend-policy,11
before,2,1,wgpu-instance,12372
before,2,1,surface-create,34
before,2,1,adapter-request-call,52692
before,2,1,adapter-request-poll,7
before,2,1,adapter-request,52739
before,2,1,device-request-call,57632
before,2,1,device-request-poll,4
before,2,1,device-request,57695
before,2,1,gpu-initialize,123591
before,2,1,adapter-info,1
before,2,1,surface-capabilities-and-config,12
before,2,1,surface-configure,6162
before,2,1,initial-grid-resize,139
before,2,1,initial-ui-and-pane-layout,5
before,2,1,initial-projection,29
before,2,1,surface-acquire,47
before,2,1,shader-module-create,392
before,2,1,glyph-bind-group-layout,48
before,2,1,shader-and-layout,469
before,2,1,rectangle-pipeline,6671
before,2,1,glyph-pipeline,6798
before,2,1,atlas-texture-create,1601
before,2,1,atlas-view-sampler-bind-group,298
before,2,1,glyph-atlas,1963
before,2,1,frame-texture-view,12
before,2,1,instance-generation,3
before,2,1,instance-buffer-allocation,145
before,2,1,instance-buffer-writes,136
before,2,1,buffer-create-upload,313
before,2,1,render-encoding,656
before,2,1,queue-submit,405
before,2,1,pre-present-notify,0
before,2,1,first-present,838
before,2,2,cli-parse,814
before,2,2,event-loop-create,7746
before,2,2,application-default-state,167
before,2,2,application-state-and-paths,207
before,2,2,config-read-parse,184
before,2,2,workspace-model-and-runtimes,12
before,2,2,window-create-and-branding,19873
before,2,2,font-database-create,3
before,2,2,system-font-discovery,39424
before,2,2,font-generic-family-query,18
before,2,2,font-primary-monospace-validation,0
before,2,2,font-family-resolution,42
before,2,2,fallback-candidate-collection,13
before,2,2,fallback-candidate-sort,1606
before,2,2,fallback-candidate-ordering,1647
before,2,2,font-cache-setup,5
before,2,2,font-family-preparation,41205
before,2,2,font-metrics,94
before,2,2,gpu-backend-policy,109
before,2,2,wgpu-instance,7027
before,2,2,surface-create,33
before,2,2,adapter-request-call,42998
before,2,2,adapter-request-poll,9
before,2,2,adapter-request,43056
before,2,2,device-request-call,49473
before,2,2,device-request-poll,3
before,2,2,device-request,49516
before,2,2,gpu-initialize,100513
before,2,2,adapter-info,1
before,2,2,surface-capabilities-and-config,10
before,2,2,surface-configure,5518
before,2,2,initial-grid-resize,158
before,2,2,initial-ui-and-pane-layout,5
before,2,2,initial-projection,33
before,2,2,surface-acquire,43
before,2,2,shader-module-create,368
before,2,2,glyph-bind-group-layout,48
before,2,2,shader-and-layout,442
before,2,2,rectangle-pipeline,6548
before,2,2,glyph-pipeline,8799
before,2,2,atlas-texture-create,1538
before,2,2,atlas-view-sampler-bind-group,267
before,2,2,glyph-atlas,1863
before,2,2,frame-texture-view,13
before,2,2,instance-generation,3
before,2,2,instance-buffer-allocation,205
before,2,2,instance-buffer-writes,194
before,2,2,buffer-create-upload,448
before,2,2,render-encoding,620
before,2,2,queue-submit,701
before,2,2,pre-present-notify,0
before,2,2,first-present,374
before,2,3,cli-parse,508
before,2,3,event-loop-create,5616
before,2,3,application-default-state,234
before,2,3,application-state-and-paths,292
before,2,3,config-read-parse,246
before,2,3,workspace-model-and-runtimes,17
before,2,3,window-create-and-branding,22943
before,2,3,font-database-create,2
before,2,3,system-font-discovery,41577
before,2,3,font-generic-family-query,13
before,2,3,font-primary-monospace-validation,0
before,2,3,font-family-resolution,36
before,2,3,fallback-candidate-collection,10
before,2,3,fallback-candidate-sort,1466
before,2,3,fallback-candidate-ordering,1505
before,2,3,font-cache-setup,5
before,2,3,font-family-preparation,43201
before,2,3,font-metrics,135
before,2,3,gpu-backend-policy,13
before,2,3,wgpu-instance,8088
before,2,3,surface-create,35
before,2,3,adapter-request-call,46832
before,2,3,adapter-request-poll,7
before,2,3,adapter-request,46880
before,2,3,device-request-call,50710
before,2,3,device-request-poll,3
before,2,3,device-request,50760
before,2,3,gpu-initialize,106691
before,2,3,adapter-info,0
before,2,3,surface-capabilities-and-config,12
before,2,3,surface-configure,5261
before,2,3,initial-grid-resize,93
before,2,3,initial-ui-and-pane-layout,5
before,2,3,initial-projection,34
before,2,3,surface-acquire,47
before,2,3,shader-module-create,377
before,2,3,glyph-bind-group-layout,46
before,2,3,shader-and-layout,451
before,2,3,rectangle-pipeline,8527
before,2,3,glyph-pipeline,8937
before,2,3,atlas-texture-create,2076
before,2,3,atlas-view-sampler-bind-group,269
before,2,3,glyph-atlas,2402
before,2,3,frame-texture-view,15
before,2,3,instance-generation,3
before,2,3,instance-buffer-allocation,106
before,2,3,instance-buffer-writes,122
before,2,3,buffer-create-upload,258
before,2,3,render-encoding,868
before,2,3,queue-submit,1142
before,2,3,pre-present-notify,0
before,2,3,first-present,1125
before,2,4,cli-parse,492
before,2,4,event-loop-create,7609
before,2,4,application-default-state,173
before,2,4,application-state-and-paths,258
before,2,4,config-read-parse,202
before,2,4,workspace-model-and-runtimes,13
before,2,4,window-create-and-branding,16501
before,2,4,font-database-create,3
before,2,4,system-font-discovery,47205
before,2,4,font-generic-family-query,11
before,2,4,font-primary-monospace-validation,0
before,2,4,font-family-resolution,33
before,2,4,fallback-candidate-collection,12
before,2,4,fallback-candidate-sort,1434
before,2,4,fallback-candidate-ordering,1471
before,2,4,font-cache-setup,4
before,2,4,font-family-preparation,48805
before,2,4,font-metrics,73
before,2,4,gpu-backend-policy,11
before,2,4,wgpu-instance,7211
before,2,4,surface-create,34
before,2,4,adapter-request-call,43017
before,2,4,adapter-request-poll,7
before,2,4,adapter-request,43066
before,2,4,device-request-call,52224
before,2,4,device-request-poll,3
before,2,4,device-request,52274
before,2,4,gpu-initialize,103315
before,2,4,adapter-info,1
before,2,4,surface-capabilities-and-config,11
before,2,4,surface-configure,5543
before,2,4,initial-grid-resize,112
before,2,4,initial-ui-and-pane-layout,6
before,2,4,initial-projection,33
before,2,4,surface-acquire,50
before,2,4,shader-module-create,403
before,2,4,glyph-bind-group-layout,68
before,2,4,shader-and-layout,498
before,2,4,rectangle-pipeline,7949
before,2,4,glyph-pipeline,6876
before,2,4,atlas-texture-create,1789
before,2,4,atlas-view-sampler-bind-group,208
before,2,4,glyph-atlas,2043
before,2,4,frame-texture-view,11
before,2,4,instance-generation,3
before,2,4,instance-buffer-allocation,91
before,2,4,instance-buffer-writes,375
before,2,4,buffer-create-upload,504
before,2,4,render-encoding,1065
before,2,4,queue-submit,697
before,2,4,pre-present-notify,0
before,2,4,first-present,466
before,2,5,cli-parse,1356
before,2,5,event-loop-create,11054
before,2,5,application-default-state,434
before,2,5,application-state-and-paths,542
before,2,5,config-read-parse,517
before,2,5,workspace-model-and-runtimes,27
before,2,5,window-create-and-branding,31346
before,2,5,font-database-create,2
before,2,5,system-font-discovery,33108
before,2,5,font-generic-family-query,17
before,2,5,font-primary-monospace-validation,0
before,2,5,font-family-resolution,54
before,2,5,fallback-candidate-collection,16
before,2,5,fallback-candidate-sort,2382
before,2,5,fallback-candidate-ordering,2441
before,2,5,font-cache-setup,7
before,2,5,font-family-preparation,35715
before,2,5,font-metrics,150
before,2,5,gpu-backend-policy,17
before,2,5,wgpu-instance,11954
before,2,5,surface-create,35
before,2,5,adapter-request-call,49055
before,2,5,adapter-request-poll,8
before,2,5,adapter-request,49112
before,2,5,device-request-call,65720
before,2,5,device-request-poll,4
before,2,5,device-request,65799
before,2,5,gpu-initialize,128003
before,2,5,adapter-info,1
before,2,5,surface-capabilities-and-config,15
before,2,5,surface-configure,7165
before,2,5,initial-grid-resize,187
before,2,5,initial-ui-and-pane-layout,9
before,2,5,initial-projection,46
before,2,5,surface-acquire,62
before,2,5,shader-module-create,848
before,2,5,glyph-bind-group-layout,104
before,2,5,shader-and-layout,1021
before,2,5,rectangle-pipeline,13139
before,2,5,glyph-pipeline,17779
before,2,5,atlas-texture-create,4062
before,2,5,atlas-view-sampler-bind-group,774
before,2,5,glyph-atlas,4971
before,2,5,frame-texture-view,31
before,2,5,instance-generation,8
before,2,5,instance-buffer-allocation,364
before,2,5,instance-buffer-writes,392
before,2,5,buffer-create-upload,878
before,2,5,render-encoding,1701
before,2,5,queue-submit,1242
before,2,5,pre-present-notify,0
before,2,5,first-present,1155
before,3,1,cli-parse,3879
before,3,1,event-loop-create,14482
before,3,1,application-default-state,475
before,3,1,application-state-and-paths,589
before,3,1,config-read-parse,752
before,3,1,workspace-model-and-runtimes,72
before,3,1,window-create-and-branding,36981
before,3,1,font-database-create,3
before,3,1,system-font-discovery,81449
before,3,1,font-generic-family-query,27
before,3,1,font-primary-monospace-validation,0
before,3,1,font-family-resolution,67
before,3,1,fallback-candidate-collection,20
before,3,1,fallback-candidate-sort,2489
before,3,1,fallback-candidate-ordering,2552
before,3,1,font-cache-setup,6
before,3,1,font-family-preparation,84207
before,3,1,font-metrics,142
before,3,1,gpu-backend-policy,19
before,3,1,wgpu-instance,12413
before,3,1,surface-create,58
before,3,1,adapter-request-call,105510
before,3,1,adapter-request-poll,17
before,3,1,adapter-request,105624
before,3,1,device-request-call,107565
before,3,1,device-request-poll,8
before,3,1,device-request,107678
before,3,1,gpu-initialize,227470
before,3,1,adapter-info,2
before,3,1,surface-capabilities-and-config,17
before,3,1,surface-configure,10393
before,3,1,initial-grid-resize,209
before,3,1,initial-ui-and-pane-layout,17
before,3,1,initial-projection,71
before,3,1,surface-acquire,107
before,3,1,shader-module-create,686
before,3,1,glyph-bind-group-layout,83
before,3,1,shader-and-layout,815
before,3,1,rectangle-pipeline,13636
before,3,1,glyph-pipeline,17406
before,3,1,atlas-texture-create,2871
before,3,1,atlas-view-sampler-bind-group,307
before,3,1,glyph-atlas,3253
before,3,1,frame-texture-view,16
before,3,1,instance-generation,4
before,3,1,instance-buffer-allocation,166
before,3,1,instance-buffer-writes,247
before,3,1,buffer-create-upload,475
before,3,1,render-encoding,806
before,3,1,queue-submit,576
before,3,1,pre-present-notify,0
before,3,1,first-present,629
before,3,2,cli-parse,1050
before,3,2,event-loop-create,6708
before,3,2,application-default-state,173
before,3,2,application-state-and-paths,214
before,3,2,config-read-parse,187
before,3,2,workspace-model-and-runtimes,13
before,3,2,window-create-and-branding,28032
before,3,2,font-database-create,1
before,3,2,system-font-discovery,30993
before,3,2,font-generic-family-query,10
before,3,2,font-primary-monospace-validation,0
before,3,2,font-family-resolution,32
before,3,2,fallback-candidate-collection,11
before,3,2,fallback-candidate-sort,1418
before,3,2,fallback-candidate-ordering,1454
before,3,2,font-cache-setup,4
before,3,2,font-family-preparation,32556
before,3,2,font-metrics,68
before,3,2,gpu-backend-policy,11
before,3,2,wgpu-instance,7188
before,3,2,surface-create,32
before,3,2,adapter-request-call,40161
before,3,2,adapter-request-poll,7
before,3,2,adapter-request,40206
before,3,2,device-request-call,48722
before,3,2,device-request-poll,3
before,3,2,device-request,48767
before,3,2,gpu-initialize,97061
before,3,2,adapter-info,0
before,3,2,surface-capabilities-and-config,9
before,3,2,surface-configure,5712
before,3,2,initial-grid-resize,101
before,3,2,initial-ui-and-pane-layout,6
before,3,2,initial-projection,41
before,3,2,surface-acquire,53
before,3,2,shader-module-create,399
before,3,2,glyph-bind-group-layout,112
before,3,2,shader-and-layout,543
before,3,2,rectangle-pipeline,6904
before,3,2,glyph-pipeline,7259
before,3,2,atlas-texture-create,2594
before,3,2,atlas-view-sampler-bind-group,1034
before,3,2,glyph-atlas,3847
before,3,2,frame-texture-view,38
before,3,2,instance-generation,12
before,3,2,instance-buffer-allocation,710
before,3,2,instance-buffer-writes,298
before,3,2,buffer-create-upload,1093
before,3,2,render-encoding,828
before,3,2,queue-submit,1147
before,3,2,pre-present-notify,0
before,3,2,first-present,492
before,3,3,cli-parse,1185
before,3,3,event-loop-create,11248
before,3,3,application-default-state,354
before,3,3,application-state-and-paths,449
before,3,3,config-read-parse,410
before,3,3,workspace-model-and-runtimes,28
before,3,3,window-create-and-branding,24066
before,3,3,font-database-create,3
before,3,3,system-font-discovery,31425
before,3,3,font-generic-family-query,12
before,3,3,font-primary-monospace-validation,0
before,3,3,font-family-resolution,35
before,3,3,fallback-candidate-collection,9
before,3,3,fallback-candidate-sort,1442
before,3,3,fallback-candidate-ordering,1477
before,3,3,font-cache-setup,6
before,3,3,font-family-preparation,33029
before,3,3,font-metrics,89
before,3,3,gpu-backend-policy,12
before,3,3,wgpu-instance,7239
before,3,3,surface-create,33
before,3,3,adapter-request-call,42397
before,3,3,adapter-request-poll,6
before,3,3,adapter-request,42445
before,3,3,device-request-call,46402
before,3,3,device-request-poll,3
before,3,3,device-request,46452
before,3,3,gpu-initialize,96895
before,3,3,adapter-info,1
before,3,3,surface-capabilities-and-config,9
before,3,3,surface-configure,5821
before,3,3,initial-grid-resize,132
before,3,3,initial-ui-and-pane-layout,8
before,3,3,initial-projection,38
before,3,3,surface-acquire,46
before,3,3,shader-module-create,369
before,3,3,glyph-bind-group-layout,48
before,3,3,shader-and-layout,442
before,3,3,rectangle-pipeline,7001
before,3,3,glyph-pipeline,7015
before,3,3,atlas-texture-create,1711
before,3,3,atlas-view-sampler-bind-group,282
before,3,3,glyph-atlas,2054
before,3,3,frame-texture-view,13
before,3,3,instance-generation,3
before,3,3,instance-buffer-allocation,132
before,3,3,instance-buffer-writes,112
before,3,3,buffer-create-upload,273
before,3,3,render-encoding,904
before,3,3,queue-submit,961
before,3,3,pre-present-notify,0
before,3,3,first-present,735
before,3,4,cli-parse,1032
before,3,4,event-loop-create,8643
before,3,4,application-default-state,273
before,3,4,application-state-and-paths,338
before,3,4,config-read-parse,456
before,3,4,workspace-model-and-runtimes,20
before,3,4,window-create-and-branding,24560
before,3,4,font-database-create,4
before,3,4,system-font-discovery,35737
before,3,4,font-generic-family-query,14
before,3,4,font-primary-monospace-validation,0
before,3,4,font-family-resolution,39
before,3,4,fallback-candidate-collection,13
before,3,4,fallback-candidate-sort,1515
before,3,4,fallback-candidate-ordering,1556
before,3,4,font-cache-setup,5
before,3,4,font-family-preparation,37434
before,3,4,font-metrics,92
before,3,4,gpu-backend-policy,16
before,3,4,wgpu-instance,14905
before,3,4,surface-create,38
before,3,4,adapter-request-call,43432
before,3,4,adapter-request-poll,7
before,3,4,adapter-request,43481
before,3,4,device-request-call,48577
before,3,4,device-request-poll,3
before,3,4,device-request,48629
before,3,4,gpu-initialize,108581
before,3,4,adapter-info,1
before,3,4,surface-capabilities-and-config,10
before,3,4,surface-configure,7397
before,3,4,initial-grid-resize,133
before,3,4,initial-ui-and-pane-layout,5
before,3,4,initial-projection,33
before,3,4,surface-acquire,49
before,3,4,shader-module-create,367
before,3,4,glyph-bind-group-layout,46
before,3,4,shader-and-layout,439
before,3,4,rectangle-pipeline,7517
before,3,4,glyph-pipeline,8613
before,3,4,atlas-texture-create,1822
before,3,4,atlas-view-sampler-bind-group,240
before,3,4,glyph-atlas,2110
before,3,4,frame-texture-view,25
before,3,4,instance-generation,2
before,3,4,instance-buffer-allocation,133
before,3,4,instance-buffer-writes,225
before,3,4,buffer-create-upload,409
before,3,4,render-encoding,708
before,3,4,queue-submit,644
before,3,4,pre-present-notify,0
before,3,4,first-present,396
before,3,5,cli-parse,1190
before,3,5,event-loop-create,14887
before,3,5,application-default-state,409
before,3,5,application-state-and-paths,517
before,3,5,config-read-parse,479
before,3,5,workspace-model-and-runtimes,31
before,3,5,window-create-and-branding,38197
before,3,5,font-database-create,2
before,3,5,system-font-discovery,56771
before,3,5,font-generic-family-query,16
before,3,5,font-primary-monospace-validation,0
before,3,5,font-family-resolution,54
before,3,5,fallback-candidate-collection,20
before,3,5,fallback-candidate-sort,2279
before,3,5,fallback-candidate-ordering,2339
before,3,5,font-cache-setup,5
before,3,5,font-family-preparation,59281
before,3,5,font-metrics,110
before,3,5,gpu-backend-policy,17
before,3,5,wgpu-instance,11925
before,3,5,surface-create,39
before,3,5,adapter-request-call,80779
before,3,5,adapter-request-poll,16
before,3,5,adapter-request,80893
before,3,5,device-request-call,82579
before,3,5,device-request-poll,6
before,3,5,device-request,82684
before,3,5,gpu-initialize,177416
before,3,5,adapter-info,1
before,3,5,surface-capabilities-and-config,20
before,3,5,surface-configure,6725
before,3,5,initial-grid-resize,164
before,3,5,initial-ui-and-pane-layout,9
before,3,5,initial-projection,60
before,3,5,surface-acquire,61
before,3,5,shader-module-create,500
before,3,5,glyph-bind-group-layout,56
before,3,5,shader-and-layout,594
before,3,5,rectangle-pipeline,9527
before,3,5,glyph-pipeline,10383
before,3,5,atlas-texture-create,1952
before,3,5,atlas-view-sampler-bind-group,316
before,3,5,glyph-atlas,2344
before,3,5,frame-texture-view,16
before,3,5,instance-generation,3
before,3,5,instance-buffer-allocation,163
before,3,5,instance-buffer-writes,191
before,3,5,buffer-create-upload,406
before,3,5,render-encoding,835
before,3,5,queue-submit,501
before,3,5,pre-present-notify,0
before,3,5,first-present,585
before,4,1,cli-parse,1333
before,4,1,event-loop-create,4684
before,4,1,application-default-state,175
before,4,1,application-state-and-paths,213
before,4,1,config-read-parse,175
before,4,1,workspace-model-and-runtimes,11
before,4,1,window-create-and-branding,21135
before,4,1,font-database-create,2
before,4,1,system-font-discovery,30620
before,4,1,font-generic-family-query,11
before,4,1,font-primary-monospace-validation,0
before,4,1,font-family-resolution,32
before,4,1,fallback-candidate-collection,11
before,4,1,fallback-candidate-sort,1335
before,4,1,fallback-candidate-ordering,1370
before,4,1,font-cache-setup,4
before,4,1,font-family-preparation,32096
before,4,1,font-metrics,75
before,4,1,gpu-backend-policy,10
before,4,1,wgpu-instance,7470
before,4,1,surface-create,31
before,4,1,adapter-request-call,46396
before,4,1,adapter-request-poll,6
before,4,1,adapter-request,46439
before,4,1,device-request-call,41157
before,4,1,device-request-poll,3
before,4,1,device-request,41197
before,4,1,gpu-initialize,95819
before,4,1,adapter-info,1
before,4,1,surface-capabilities-and-config,9
before,4,1,surface-configure,4753
before,4,1,initial-grid-resize,151
before,4,1,initial-ui-and-pane-layout,5
before,4,1,initial-projection,33
before,4,1,surface-acquire,43
before,4,1,shader-module-create,329
before,4,1,glyph-bind-group-layout,43
before,4,1,shader-and-layout,398
before,4,1,rectangle-pipeline,6030
before,4,1,glyph-pipeline,6449
before,4,1,atlas-texture-create,1295
before,4,1,atlas-view-sampler-bind-group,236
before,4,1,glyph-atlas,1589
before,4,1,frame-texture-view,11
before,4,1,instance-generation,3
before,4,1,instance-buffer-allocation,105
before,4,1,instance-buffer-writes,136
before,4,1,buffer-create-upload,278
before,4,1,render-encoding,587
before,4,1,queue-submit,371
before,4,1,pre-present-notify,0
before,4,1,first-present,377
before,4,2,cli-parse,652
before,4,2,event-loop-create,5777
before,4,2,application-default-state,205
before,4,2,application-state-and-paths,255
before,4,2,config-read-parse,299
before,4,2,workspace-model-and-runtimes,16
before,4,2,window-create-and-branding,28605
before,4,2,font-database-create,3
before,4,2,system-font-discovery,35052
before,4,2,font-generic-family-query,12
before,4,2,font-primary-monospace-validation,0
before,4,2,font-family-resolution,34
before,4,2,fallback-candidate-collection,8
before,4,2,fallback-candidate-sort,1387
before,4,2,fallback-candidate-ordering,1422
before,4,2,font-cache-setup,4
before,4,2,font-family-preparation,36597
before,4,2,font-metrics,92
before,4,2,gpu-backend-policy,11
before,4,2,wgpu-instance,11197
before,4,2,surface-create,31
before,4,2,adapter-request-call,40511
before,4,2,adapter-request-poll,6
before,4,2,adapter-request,40553
before,4,2,device-request-call,48745
before,4,2,device-request-poll,3
before,4,2,device-request,48788
before,4,2,gpu-initialize,101235
before,4,2,adapter-info,0
before,4,2,surface-capabilities-and-config,8
before,4,2,surface-configure,4402
before,4,2,initial-grid-resize,124
before,4,2,initial-ui-and-pane-layout,5
before,4,2,initial-projection,29
before,4,2,surface-acquire,42
before,4,2,shader-module-create,321
before,4,2,glyph-bind-group-layout,42
before,4,2,shader-and-layout,399
before,4,2,rectangle-pipeline,5976
before,4,2,glyph-pipeline,6289
before,4,2,atlas-texture-create,1564
before,4,2,atlas-view-sampler-bind-group,300
before,4,2,glyph-atlas,1913
before,4,2,frame-texture-view,11
before,4,2,instance-generation,2
before,4,2,instance-buffer-allocation,622
before,4,2,instance-buffer-writes,157
before,4,2,buffer-create-upload,815
before,4,2,render-encoding,619
before,4,2,queue-submit,372
before,4,2,pre-present-notify,0
before,4,2,first-present,678
before,4,3,cli-parse,437
before,4,3,event-loop-create,6046
before,4,3,application-default-state,176
before,4,3,application-state-and-paths,216
before,4,3,config-read-parse,180
before,4,3,workspace-model-and-runtimes,14
before,4,3,window-create-and-branding,29928
before,4,3,font-database-create,1
before,4,3,system-font-discovery,30390
before,4,3,font-generic-family-query,13
before,4,3,font-primary-monospace-validation,0
before,4,3,font-family-resolution,34
before,4,3,fallback-candidate-collection,8
before,4,3,fallback-candidate-sort,1322
before,4,3,fallback-candidate-ordering,1354
before,4,3,font-cache-setup,4
before,4,3,font-family-preparation,31849
before,4,3,font-metrics,77
before,4,3,gpu-backend-policy,10
before,4,3,wgpu-instance,6834
before,4,3,surface-create,31
before,4,3,adapter-request-call,40432
before,4,3,adapter-request-poll,6
before,4,3,adapter-request,40475
before,4,3,device-request-call,44586
before,4,3,device-request-poll,2
before,4,3,device-request,44627
before,4,3,gpu-initialize,92629
before,4,3,adapter-info,1
before,4,3,surface-capabilities-and-config,10
before,4,3,surface-configure,4697
before,4,3,initial-grid-resize,146
before,4,3,initial-ui-and-pane-layout,12
before,4,3,initial-projection,64
before,4,3,surface-acquire,97
before,4,3,shader-module-create,724
before,4,3,glyph-bind-group-layout,92
before,4,3,shader-and-layout,870
before,4,3,rectangle-pipeline,6660
before,4,3,glyph-pipeline,6053
before,4,3,atlas-texture-create,2505
before,4,3,atlas-view-sampler-bind-group,263
before,4,3,glyph-atlas,2823
before,4,3,frame-texture-view,15
before,4,3,instance-generation,3
before,4,3,instance-buffer-allocation,106
before,4,3,instance-buffer-writes,113
before,4,3,buffer-create-upload,250
before,4,3,render-encoding,650
before,4,3,queue-submit,431
before,4,3,pre-present-notify,0
before,4,3,first-present,360
before,4,4,cli-parse,489
before,4,4,event-loop-create,5470
before,4,4,application-default-state,199
before,4,4,application-state-and-paths,250
before,4,4,config-read-parse,200
before,4,4,workspace-model-and-runtimes,16
before,4,4,window-create-and-branding,22040
before,4,4,font-database-create,1
before,4,4,system-font-discovery,32122
before,4,4,font-generic-family-query,17
before,4,4,font-primary-monospace-validation,0
before,4,4,font-family-resolution,39
before,4,4,fallback-candidate-collection,16
before,4,4,fallback-candidate-sort,1399
before,4,4,fallback-candidate-ordering,1444
before,4,4,font-cache-setup,6
before,4,4,font-family-preparation,33682
before,4,4,font-metrics,115
before,4,4,gpu-backend-policy,13
before,4,4,wgpu-instance,6365
before,4,4,surface-create,31
before,4,4,adapter-request-call,41035
before,4,4,adapter-request-poll,8
before,4,4,adapter-request,41091
before,4,4,device-request-call,63767
before,4,4,device-request-poll,3
before,4,4,device-request,63816
before,4,4,gpu-initialize,112118
before,4,4,adapter-info,1
before,4,4,surface-capabilities-and-config,10
before,4,4,surface-configure,6426
before,4,4,initial-grid-resize,262
before,4,4,initial-ui-and-pane-layout,10
before,4,4,initial-projection,132
before,4,4,surface-acquire,130
before,4,4,shader-module-create,1108
before,4,4,glyph-bind-group-layout,69
before,4,4,shader-and-layout,1232
before,4,4,rectangle-pipeline,7607
before,4,4,glyph-pipeline,9213
before,4,4,atlas-texture-create,3327
before,4,4,atlas-view-sampler-bind-group,334
before,4,4,glyph-atlas,3744
before,4,4,frame-texture-view,19
before,4,4,instance-generation,3
before,4,4,instance-buffer-allocation,179
before,4,4,instance-buffer-writes,171
before,4,4,buffer-create-upload,400
before,4,4,render-encoding,834
before,4,4,queue-submit,474
before,4,4,pre-present-notify,0
before,4,4,first-present,444
before,4,5,cli-parse,941
before,4,5,event-loop-create,9198
before,4,5,application-default-state,217
before,4,5,application-state-and-paths,269
before,4,5,config-read-parse,246
before,4,5,workspace-model-and-runtimes,17
before,4,5,window-create-and-branding,35105
before,4,5,font-database-create,2
before,4,5,system-font-discovery,44084
before,4,5,font-generic-family-query,13
before,4,5,font-primary-monospace-validation,0
before,4,5,font-family-resolution,41
before,4,5,fallback-candidate-collection,12
before,4,5,fallback-candidate-sort,1861
before,4,5,fallback-candidate-ordering,1905
before,4,5,font-cache-setup,5
before,4,5,font-family-preparation,46127
before,4,5,font-metrics,99
before,4,5,gpu-backend-policy,15
before,4,5,wgpu-instance,9526
before,4,5,surface-create,41
before,4,5,adapter-request-call,49645
before,4,5,adapter-request-poll,8
before,4,5,adapter-request,49700
before,4,5,device-request-call,86166
before,4,5,device-request-poll,3
before,4,5,device-request,86219
before,4,5,gpu-initialize,146405
before,4,5,adapter-info,1
before,4,5,surface-capabilities-and-config,11
before,4,5,surface-configure,8810
before,4,5,initial-grid-resize,163
before,4,5,initial-ui-and-pane-layout,9
before,4,5,initial-projection,48
before,4,5,surface-acquire,65
before,4,5,shader-module-create,485
before,4,5,glyph-bind-group-layout,58
before,4,5,shader-and-layout,579
before,4,5,rectangle-pipeline,11090
before,4,5,glyph-pipeline,18557
before,4,5,atlas-texture-create,3308
before,4,5,atlas-view-sampler-bind-group,529
before,4,5,glyph-atlas,3950
before,4,5,frame-texture-view,27
before,4,5,instance-generation,6
before,4,5,instance-buffer-allocation,337
before,4,5,instance-buffer-writes,405
before,4,5,buffer-create-upload,845
before,4,5,render-encoding,1362
before,4,5,queue-submit,863
before,4,5,pre-present-notify,0
before,4,5,first-present,739
before,5,1,cli-parse,4092
before,5,1,event-loop-create,11392
before,5,1,application-default-state,287
before,5,1,application-state-and-paths,388
before,5,1,config-read-parse,352
before,5,1,workspace-model-and-runtimes,23
before,5,1,window-create-and-branding,43061
before,5,1,font-database-create,2
before,5,1,system-font-discovery,40433
before,5,1,font-generic-family-query,12
before,5,1,font-primary-monospace-validation,0
before,5,1,font-family-resolution,39
before,5,1,fallback-candidate-collection,11
before,5,1,fallback-candidate-sort,1817
before,5,1,fallback-candidate-ordering,1858
before,5,1,font-cache-setup,4
before,5,1,font-family-preparation,42423
before,5,1,font-metrics,79
before,5,1,gpu-backend-policy,13
before,5,1,wgpu-instance,10114
before,5,1,surface-create,40
before,5,1,adapter-request-call,56282
before,5,1,adapter-request-poll,10
before,5,1,adapter-request,56346
before,5,1,device-request-call,82133
before,5,1,device-request-poll,3
before,5,1,device-request,82197
before,5,1,gpu-initialize,149698
before,5,1,adapter-info,1
before,5,1,surface-capabilities-and-config,10
before,5,1,surface-configure,7095
before,5,1,initial-grid-resize,169
before,5,1,initial-ui-and-pane-layout,7
before,5,1,initial-projection,37
before,5,1,surface-acquire,53
before,5,1,shader-module-create,432
before,5,1,glyph-bind-group-layout,48
before,5,1,shader-and-layout,511
before,5,1,rectangle-pipeline,8581
before,5,1,glyph-pipeline,8227
before,5,1,atlas-texture-create,1890
before,5,1,atlas-view-sampler-bind-group,311
before,5,1,glyph-atlas,2270
before,5,1,frame-texture-view,14
before,5,1,instance-generation,3
before,5,1,instance-buffer-allocation,136
before,5,1,instance-buffer-writes,144
before,5,1,buffer-create-upload,314
before,5,1,render-encoding,896
before,5,1,queue-submit,1087
before,5,1,pre-present-notify,0
before,5,1,first-present,1114
before,5,2,cli-parse,696
before,5,2,event-loop-create,5325
before,5,2,application-default-state,164
before,5,2,application-state-and-paths,203
before,5,2,config-read-parse,180
before,5,2,workspace-model-and-runtimes,13
before,5,2,window-create-and-branding,16400
before,5,2,font-database-create,1
before,5,2,system-font-discovery,31120
before,5,2,font-generic-family-query,13
before,5,2,font-primary-monospace-validation,0
before,5,2,font-family-resolution,33
before,5,2,fallback-candidate-collection,13
before,5,2,fallback-candidate-sort,1305
before,5,2,fallback-candidate-ordering,1343
before,5,2,font-cache-setup,4
before,5,2,font-family-preparation,32568
before,5,2,font-metrics,69
before,5,2,gpu-backend-policy,11
before,5,2,wgpu-instance,7554
before,5,2,surface-create,33
before,5,2,adapter-request-call,52738
before,5,2,adapter-request-poll,7
before,5,2,adapter-request,52783
before,5,2,device-request-call,49077
before,5,2,device-request-poll,3
before,5,2,device-request,49127
before,5,2,gpu-initialize,110295
before,5,2,adapter-info,1
before,5,2,surface-capabilities-and-config,11
before,5,2,surface-configure,5795
before,5,2,initial-grid-resize,99
before,5,2,initial-ui-and-pane-layout,5
before,5,2,initial-projection,30
before,5,2,surface-acquire,48
before,5,2,shader-module-create,549
before,5,2,glyph-bind-group-layout,47
before,5,2,shader-and-layout,625
before,5,2,rectangle-pipeline,6356
before,5,2,glyph-pipeline,9296
before,5,2,atlas-texture-create,1537
before,5,2,atlas-view-sampler-bind-group,312
before,5,2,glyph-atlas,1970
before,5,2,frame-texture-view,15
before,5,2,instance-generation,3
before,5,2,instance-buffer-allocation,259
before,5,2,instance-buffer-writes,492
before,5,2,buffer-create-upload,839
before,5,2,render-encoding,1605
before,5,2,queue-submit,1712
before,5,2,pre-present-notify,0
before,5,2,first-present,600
before,5,3,cli-parse,558
before,5,3,event-loop-create,6527
before,5,3,application-default-state,219
before,5,3,application-state-and-paths,272
before,5,3,config-read-parse,226
before,5,3,workspace-model-and-runtimes,18
before,5,3,window-create-and-branding,26615
before,5,3,font-database-create,5
before,5,3,system-font-discovery,41389
before,5,3,font-generic-family-query,13
before,5,3,font-primary-monospace-validation,0
before,5,3,font-family-resolution,40
before,5,3,fallback-candidate-collection,11
before,5,3,fallback-candidate-sort,1738
before,5,3,fallback-candidate-ordering,1780
before,5,3,font-cache-setup,4
before,5,3,font-family-preparation,43322
before,5,3,font-metrics,97
before,5,3,gpu-backend-policy,13
before,5,3,wgpu-instance,10721
before,5,3,surface-create,45
before,5,3,adapter-request-call,62672
before,5,3,adapter-request-poll,10
before,5,3,adapter-request,62727
before,5,3,device-request-call,64050
before,5,3,device-request-poll,12
before,5,3,device-request,64224
before,5,3,gpu-initialize,138795
before,5,3,adapter-info,5
before,5,3,surface-capabilities-and-config,25
before,5,3,surface-configure,10741
before,5,3,initial-grid-resize,213
before,5,3,initial-ui-and-pane-layout,13
before,5,3,initial-projection,77
before,5,3,surface-acquire,108
before,5,3,shader-module-create,880
before,5,3,glyph-bind-group-layout,100
before,5,3,shader-and-layout,1056
before,5,3,rectangle-pipeline,11408
before,5,3,glyph-pipeline,15177
before,5,3,atlas-texture-create,3397
before,5,3,atlas-view-sampler-bind-group,413
before,5,3,glyph-atlas,3912
before,5,3,frame-texture-view,23
before,5,3,instance-generation,6
before,5,3,instance-buffer-allocation,295
before,5,3,instance-buffer-writes,272
before,5,3,buffer-create-upload,626
before,5,3,render-encoding,1146
before,5,3,queue-submit,915
before,5,3,pre-present-notify,0
before,5,3,first-present,942
before,5,4,cli-parse,1110
before,5,4,event-loop-create,11676
before,5,4,application-default-state,276
before,5,4,application-state-and-paths,383
before,5,4,config-read-parse,433
before,5,4,workspace-model-and-runtimes,57
before,5,4,window-create-and-branding,30226
before,5,4,font-database-create,1
before,5,4,system-font-discovery,34275
before,5,4,font-generic-family-query,15
before,5,4,font-primary-monospace-validation,0
before,5,4,font-family-resolution,99
before,5,4,fallback-candidate-collection,18
before,5,4,fallback-candidate-sort,1444
before,5,4,fallback-candidate-ordering,1489
before,5,4,font-cache-setup,4
before,5,4,font-family-preparation,35946
before,5,4,font-metrics,155
before,5,4,gpu-backend-policy,13
before,5,4,wgpu-instance,8290
before,5,4,surface-create,40
before,5,4,adapter-request-call,43167
before,5,4,adapter-request-poll,7
before,5,4,adapter-request,43216
before,5,4,device-request-call,48534
before,5,4,device-request-poll,3
before,5,4,device-request,48580
before,5,4,gpu-initialize,100870
before,5,4,adapter-info,1
before,5,4,surface-capabilities-and-config,24
before,5,4,surface-configure,5760
before,5,4,initial-grid-resize,135
before,5,4,initial-ui-and-pane-layout,7
before,5,4,initial-projection,35
before,5,4,surface-acquire,51
before,5,4,shader-module-create,563
before,5,4,glyph-bind-group-layout,49
before,5,4,shader-and-layout,640
before,5,4,rectangle-pipeline,6305
before,5,4,glyph-pipeline,7339
before,5,4,atlas-texture-create,1618
before,5,4,atlas-view-sampler-bind-group,231
before,5,4,glyph-atlas,1909
before,5,4,frame-texture-view,13
before,5,4,instance-generation,3
before,5,4,instance-buffer-allocation,154
before,5,4,instance-buffer-writes,194
before,5,4,buffer-create-upload,379
before,5,4,render-encoding,615
before,5,4,queue-submit,536
before,5,4,pre-present-notify,0
before,5,4,first-present,517
before,5,5,cli-parse,1704
before,5,5,event-loop-create,6059
before,5,5,application-default-state,192
before,5,5,application-state-and-paths,239
before,5,5,config-read-parse,213
before,5,5,workspace-model-and-runtimes,15
before,5,5,window-create-and-branding,18762
before,5,5,font-database-create,1
before,5,5,system-font-discovery,36913
before,5,5,font-generic-family-query,11
before,5,5,font-primary-monospace-validation,0
before,5,5,font-family-resolution,31
before,5,5,fallback-candidate-collection,9
before,5,5,fallback-candidate-sort,1319
before,5,5,fallback-candidate-ordering,1352
before,5,5,font-cache-setup,4
before,5,5,font-family-preparation,38369
before,5,5,font-metrics,86
before,5,5,gpu-backend-policy,11
before,5,5,wgpu-instance,6338
before,5,5,surface-create,30
before,5,5,adapter-request-call,41280
before,5,5,adapter-request-poll,6
before,5,5,adapter-request,41323
before,5,5,device-request-call,42455
before,5,5,device-request-poll,3
before,5,5,device-request,42498
before,5,5,gpu-initialize,90863
before,5,5,adapter-info,1
before,5,5,surface-capabilities-and-config,9
before,5,5,surface-configure,4769
before,5,5,initial-grid-resize,92
before,5,5,initial-ui-and-pane-layout,8
before,5,5,initial-projection,30
before,5,5,surface-acquire,46
before,5,5,shader-module-create,333
before,5,5,glyph-bind-group-layout,42
before,5,5,shader-and-layout,401
before,5,5,rectangle-pipeline,5586
before,5,5,glyph-pipeline,6267
before,5,5,atlas-texture-create,1359
before,5,5,atlas-view-sampler-bind-group,313
before,5,5,glyph-atlas,1903
before,5,5,frame-texture-view,26
before,5,5,instance-generation,7
before,5,5,instance-buffer-allocation,464
before,5,5,instance-buffer-writes,345
before,5,5,buffer-create-upload,918
before,5,5,render-encoding,502
before,5,5,queue-submit,538
before,5,5,pre-present-notify,0
before,5,5,first-present,435
before,6,1,cli-parse,4201
before,6,1,event-loop-create,12933
before,6,1,application-default-state,316
before,6,1,application-state-and-paths,399
before,6,1,config-read-parse,347
before,6,1,workspace-model-and-runtimes,33
before,6,1,window-create-and-branding,25488
before,6,1,font-database-create,2
before,6,1,system-font-discovery,37447
before,6,1,font-generic-family-query,11
before,6,1,font-primary-monospace-validation,0
before,6,1,font-family-resolution,33
before,6,1,fallback-candidate-collection,10
before,6,1,fallback-candidate-sort,1445
before,6,1,fallback-candidate-ordering,1481
before,6,1,font-cache-setup,4
before,6,1,font-family-preparation,39051
before,6,1,font-metrics,77
before,6,1,gpu-backend-policy,12
before,6,1,wgpu-instance,8052
before,6,1,surface-create,35
before,6,1,adapter-request-call,45406
before,6,1,adapter-request-poll,7
before,6,1,adapter-request,45452
before,6,1,device-request-call,61685
before,6,1,device-request-poll,3
before,6,1,device-request,61732
before,6,1,gpu-initialize,115997
before,6,1,adapter-info,1
before,6,1,surface-capabilities-and-config,9
before,6,1,surface-configure,7901
before,6,1,initial-grid-resize,193
before,6,1,initial-ui-and-pane-layout,6
before,6,1,initial-projection,37
before,6,1,surface-acquire,51
before,6,1,shader-module-create,364
before,6,1,glyph-bind-group-layout,49
before,6,1,shader-and-layout,439
before,6,1,rectangle-pipeline,7198
before,6,1,glyph-pipeline,6708
before,6,1,atlas-texture-create,1631
before,6,1,atlas-view-sampler-bind-group,266
before,6,1,glyph-atlas,1964
before,6,1,frame-texture-view,14
before,6,1,instance-generation,3
before,6,1,instance-buffer-allocation,190
before,6,1,instance-buffer-writes,156
before,6,1,buffer-create-upload,385
before,6,1,render-encoding,937
before,6,1,queue-submit,658
before,6,1,pre-present-notify,0
before,6,1,first-present,563
before,6,2,cli-parse,671
before,6,2,event-loop-create,7061
before,6,2,application-default-state,296
before,6,2,application-state-and-paths,369
before,6,2,config-read-parse,278
before,6,2,workspace-model-and-runtimes,11
before,6,2,window-create-and-branding,19034
before,6,2,font-database-create,3
before,6,2,system-font-discovery,28847
before,6,2,font-generic-family-query,21
before,6,2,font-primary-monospace-validation,0
before,6,2,font-family-resolution,41
before,6,2,fallback-candidate-collection,10
before,6,2,fallback-candidate-sort,1393
before,6,2,fallback-candidate-ordering,1427
before,6,2,font-cache-setup,4
before,6,2,font-family-preparation,30392
before,6,2,font-metrics,83
before,6,2,gpu-backend-policy,11
before,6,2,wgpu-instance,9754
before,6,2,surface-create,32
before,6,2,adapter-request-call,39414
before,6,2,adapter-request-poll,6
before,6,2,adapter-request,39455
before,6,2,device-request-call,43893
before,6,2,device-request-poll,3
before,6,2,device-request,43930
before,6,2,gpu-initialize,93829
before,6,2,adapter-info,1
before,6,2,surface-capabilities-and-config,11
before,6,2,surface-configure,6459
before,6,2,initial-grid-resize,153
before,6,2,initial-ui-and-pane-layout,7
before,6,2,initial-projection,38
before,6,2,surface-acquire,57
before,6,2,shader-module-create,347
before,6,2,glyph-bind-group-layout,49
before,6,2,shader-and-layout,420
before,6,2,rectangle-pipeline,5506
before,6,2,glyph-pipeline,6332
before,6,2,atlas-texture-create,1942
before,6,2,atlas-view-sampler-bind-group,381
before,6,2,glyph-atlas,2424
before,6,2,frame-texture-view,14
before,6,2,instance-generation,2
before,6,2,instance-buffer-allocation,149
before,6,2,instance-buffer-writes,180
before,6,2,buffer-create-upload,374
before,6,2,render-encoding,674
before,6,2,queue-submit,350
before,6,2,pre-present-notify,0
before,6,2,first-present,399
before,6,3,cli-parse,606
before,6,3,event-loop-create,4826
before,6,3,application-default-state,166
before,6,3,application-state-and-paths,207
before,6,3,config-read-parse,170
before,6,3,workspace-model-and-runtimes,12
before,6,3,window-create-and-branding,22168
before,6,3,font-database-create,3
before,6,3,system-font-discovery,36907
before,6,3,font-generic-family-query,12
before,6,3,font-primary-monospace-validation,0
before,6,3,font-family-resolution,32
before,6,3,fallback-candidate-collection,8
before,6,3,fallback-candidate-sort,1459
before,6,3,fallback-candidate-ordering,1491
before,6,3,font-cache-setup,4
before,6,3,font-family-preparation,38510
before,6,3,font-metrics,72
before,6,3,gpu-backend-policy,10
before,6,3,wgpu-instance,7525
before,6,3,surface-create,32
before,6,3,adapter-request-call,88590
before,6,3,adapter-request-poll,16
before,6,3,adapter-request,88705
before,6,3,device-request-call,57700
before,6,3,device-request-poll,6
before,6,3,device-request,57847
before,6,3,gpu-initialize,155587
before,6,3,adapter-info,2
before,6,3,surface-capabilities-and-config,12
before,6,3,surface-configure,8079
before,6,3,initial-grid-resize,117
before,6,3,initial-ui-and-pane-layout,7
before,6,3,initial-projection,38
before,6,3,surface-acquire,64
before,6,3,shader-module-create,443
before,6,3,glyph-bind-group-layout,54
before,6,3,shader-and-layout,530
before,6,3,rectangle-pipeline,8253
before,6,3,glyph-pipeline,10283
before,6,3,atlas-texture-create,2793
before,6,3,atlas-view-sampler-bind-group,411
before,6,3,glyph-atlas,3412
before,6,3,frame-texture-view,32
before,6,3,instance-generation,8
before,6,3,instance-buffer-allocation,488
before,6,3,instance-buffer-writes,465
before,6,3,buffer-create-upload,1041
before,6,3,render-encoding,1375
before,6,3,queue-submit,2165
before,6,3,pre-present-notify,0
before,6,3,first-present,1400
before,6,4,cli-parse,572
before,6,4,event-loop-create,6376
before,6,4,application-default-state,211
before,6,4,application-state-and-paths,262
before,6,4,config-read-parse,231
before,6,4,workspace-model-and-runtimes,26
before,6,4,window-create-and-branding,27467
before,6,4,font-database-create,7
before,6,4,system-font-discovery,84876
before,6,4,font-generic-family-query,12
before,6,4,font-primary-monospace-validation,0
before,6,4,font-family-resolution,39
before,6,4,fallback-candidate-collection,14
before,6,4,fallback-candidate-sort,1789
before,6,4,fallback-candidate-ordering,1835
before,6,4,font-cache-setup,5
before,6,4,font-family-preparation,86876
before,6,4,font-metrics,123
before,6,4,gpu-backend-policy,15
before,6,4,wgpu-instance,9417
before,6,4,surface-create,41
before,6,4,adapter-request-call,66842
before,6,4,adapter-request-poll,8
before,6,4,adapter-request,66897
before,6,4,device-request-call,83557
before,6,4,device-request-poll,4
before,6,4,device-request,83621
before,6,4,gpu-initialize,160996
before,6,4,adapter-info,4
before,6,4,surface-capabilities-and-config,55
before,6,4,surface-configure,14433
before,6,4,initial-grid-resize,171
before,6,4,initial-ui-and-pane-layout,7
before,6,4,initial-projection,40
before,6,4,surface-acquire,59
before,6,4,shader-module-create,674
before,6,4,glyph-bind-group-layout,82
before,6,4,shader-and-layout,824
before,6,4,rectangle-pipeline,14545
before,6,4,glyph-pipeline,15451
before,6,4,atlas-texture-create,2407
before,6,4,atlas-view-sampler-bind-group,606
before,6,4,glyph-atlas,3105
before,6,4,frame-texture-view,34
before,6,4,instance-generation,7
before,6,4,instance-buffer-allocation,533
before,6,4,instance-buffer-writes,727
before,6,4,buffer-create-upload,1600
before,6,4,render-encoding,2032
before,6,4,queue-submit,568
before,6,4,pre-present-notify,0
before,6,4,first-present,653
before,6,5,cli-parse,573
before,6,5,event-loop-create,9588
before,6,5,application-default-state,377
before,6,5,application-state-and-paths,787
before,6,5,config-read-parse,180
before,6,5,workspace-model-and-runtimes,13
before,6,5,window-create-and-branding,17776
before,6,5,font-database-create,2
before,6,5,system-font-discovery,30098
before,6,5,font-generic-family-query,12
before,6,5,font-primary-monospace-validation,0
before,6,5,font-family-resolution,32
before,6,5,fallback-candidate-collection,9
before,6,5,fallback-candidate-sort,1309
before,6,5,fallback-candidate-ordering,1344
before,6,5,font-cache-setup,4
before,6,5,font-family-preparation,31547
before,6,5,font-metrics,80
before,6,5,gpu-backend-policy,11
before,6,5,wgpu-instance,7102
before,6,5,surface-create,31
before,6,5,adapter-request-call,39626
before,6,5,adapter-request-poll,6
before,6,5,adapter-request,39667
before,6,5,device-request-call,47238
before,6,5,device-request-poll,3
before,6,5,device-request,47280
before,6,5,gpu-initialize,94745
before,6,5,adapter-info,1
before,6,5,surface-capabilities-and-config,9
before,6,5,surface-configure,5561
before,6,5,initial-grid-resize,101
before,6,5,initial-ui-and-pane-layout,7
before,6,5,initial-projection,39
before,6,5,surface-acquire,53
before,6,5,shader-module-create,381
before,6,5,glyph-bind-group-layout,54
before,6,5,shader-and-layout,473
before,6,5,rectangle-pipeline,6943
before,6,5,glyph-pipeline,6778
before,6,5,atlas-texture-create,2393
before,6,5,atlas-view-sampler-bind-group,321
before,6,5,glyph-atlas,2776
before,6,5,frame-texture-view,19
before,6,5,instance-generation,3
before,6,5,instance-buffer-allocation,113
before,6,5,instance-buffer-writes,192
before,6,5,buffer-create-upload,335
before,6,5,render-encoding,757
before,6,5,queue-submit,362
before,6,5,pre-present-notify,0
before,6,5,first-present,458
after,1,1,cli-parse,6273
after,1,1,event-loop-create,20298
after,1,1,application-default-state,238
after,1,1,application-state-and-paths,293
after,1,1,config-read-parse,216
after,1,1,workspace-model-and-runtimes,45
after,1,1,window-create-and-branding,32445
after,1,1,font-database-create,3
after,1,1,system-font-discovery,41082
after,1,1,font-generic-family-query,13
after,1,1,font-primary-monospace-validation,0
after,1,1,font-family-resolution,36
after,1,1,fallback-candidate-collection,24
after,1,1,fallback-candidate-sort,1449
after,1,1,fallback-candidate-ordering,1501
after,1,1,font-cache-setup,9
after,1,1,font-family-preparation,42723
after,1,1,font-metrics,110
after,1,1,gpu-backend-policy,20
after,1,1,wgpu-instance,8741
after,1,1,surface-create,62
after,1,1,adapter-request-call,151391
after,1,1,adapter-request-poll,13
after,1,1,adapter-request,151445
after,1,1,device-request-call,161961
after,1,1,device-request-poll,6
after,1,1,device-request,162024
after,1,1,gpu-initialize,323076
after,1,1,adapter-info,1
after,1,1,surface-capabilities-and-config,21
after,1,1,surface-configure,8797
after,1,1,initial-grid-resize,259
after,1,1,initial-ui-and-pane-layout,23
after,1,1,initial-projection,97
after,1,1,surface-acquire,155
after,1,1,shader-module-create,965
after,1,1,glyph-bind-group-layout,113
after,1,1,shader-and-layout,1131
after,1,1,rectangle-pipeline,402758
after,1,1,glyph-pipeline,371201
after,1,1,atlas-texture-create,1564
after,1,1,atlas-view-sampler-bind-group,184
after,1,1,glyph-atlas,1794
after,1,1,frame-texture-view,13
after,1,1,instance-generation,1
after,1,1,instance-buffer-allocation,104
after,1,1,instance-buffer-writes,124
after,1,1,buffer-create-upload,256
after,1,1,render-encoding,536
after,1,1,queue-submit,480
after,1,1,pre-present-notify,0
after,1,1,first-present,527
after,1,2,cli-parse,1719
after,1,2,event-loop-create,23869
after,1,2,application-default-state,172
after,1,2,application-state-and-paths,213
after,1,2,config-read-parse,190
after,1,2,workspace-model-and-runtimes,13
after,1,2,window-create-and-branding,22147
after,1,2,font-database-create,1
after,1,2,system-font-discovery,40621
after,1,2,font-generic-family-query,11
after,1,2,font-primary-monospace-validation,0
after,1,2,font-family-resolution,31
after,1,2,fallback-candidate-collection,8
after,1,2,fallback-candidate-sort,1329
after,1,2,fallback-candidate-ordering,1361
after,1,2,font-cache-setup,4
after,1,2,font-family-preparation,42083
after,1,2,font-metrics,87
after,1,2,gpu-backend-policy,11
after,1,2,wgpu-instance,8394
after,1,2,surface-create,34
after,1,2,adapter-request-call,48503
after,1,2,adapter-request-poll,7
after,1,2,adapter-request,48546
after,1,2,device-request-call,37112
after,1,2,device-request-poll,3
after,1,2,device-request,37157
after,1,2,gpu-initialize,94853
after,1,2,adapter-info,1
after,1,2,surface-capabilities-and-config,10
after,1,2,surface-configure,7717
after,1,2,initial-grid-resize,319
after,1,2,initial-ui-and-pane-layout,7
after,1,2,initial-projection,40
after,1,2,surface-acquire,57
after,1,2,shader-module-create,367
after,1,2,glyph-bind-group-layout,45
after,1,2,shader-and-layout,438
after,1,2,rectangle-pipeline,7416
after,1,2,glyph-pipeline,7418
after,1,2,atlas-texture-create,1855
after,1,2,atlas-view-sampler-bind-group,232
after,1,2,glyph-atlas,2143
after,1,2,frame-texture-view,12
after,1,2,instance-generation,3
after,1,2,instance-buffer-allocation,94
after,1,2,instance-buffer-writes,141
after,1,2,buffer-create-upload,271
after,1,2,render-encoding,598
after,1,2,queue-submit,464
after,1,2,pre-present-notify,0
after,1,2,first-present,396
after,1,3,cli-parse,433
after,1,3,event-loop-create,6537
after,1,3,application-default-state,164
after,1,3,application-state-and-paths,204
after,1,3,config-read-parse,199
after,1,3,workspace-model-and-runtimes,13
after,1,3,window-create-and-branding,16682
after,1,3,font-database-create,1
after,1,3,system-font-discovery,33100
after,1,3,font-generic-family-query,11
after,1,3,font-primary-monospace-validation,0
after,1,3,font-family-resolution,31
after,1,3,fallback-candidate-collection,8
after,1,3,fallback-candidate-sort,1316
after,1,3,fallback-candidate-ordering,1348
after,1,3,font-cache-setup,4
after,1,3,font-family-preparation,34553
after,1,3,font-metrics,71
after,1,3,gpu-backend-policy,10
after,1,3,wgpu-instance,6466
after,1,3,surface-create,33
after,1,3,adapter-request-call,39051
after,1,3,adapter-request-poll,6
after,1,3,adapter-request,39092
after,1,3,device-request-call,27212
after,1,3,device-request-poll,3
after,1,3,device-request,27256
after,1,3,gpu-initialize,73513
after,1,3,adapter-info,1
after,1,3,surface-capabilities-and-config,10
after,1,3,surface-configure,6274
after,1,3,initial-grid-resize,146
after,1,3,initial-ui-and-pane-layout,5
after,1,3,initial-projection,29
after,1,3,surface-acquire,48
after,1,3,shader-module-create,340
after,1,3,glyph-bind-group-layout,42
after,1,3,shader-and-layout,407
after,1,3,rectangle-pipeline,6735
after,1,3,glyph-pipeline,7893
after,1,3,atlas-texture-create,2037
after,1,3,atlas-view-sampler-bind-group,295
after,1,3,glyph-atlas,2397
after,1,3,frame-texture-view,16
after,1,3,instance-generation,3
after,1,3,instance-buffer-allocation,150
after,1,3,instance-buffer-writes,150
after,1,3,buffer-create-upload,341
after,1,3,render-encoding,606
after,1,3,queue-submit,456
after,1,3,pre-present-notify,0
after,1,3,first-present,356
after,1,4,cli-parse,1174
after,1,4,event-loop-create,5718
after,1,4,application-default-state,221
after,1,4,application-state-and-paths,326
after,1,4,config-read-parse,467
after,1,4,workspace-model-and-runtimes,36
after,1,4,window-create-and-branding,28021
after,1,4,font-database-create,1
after,1,4,system-font-discovery,32436
after,1,4,font-generic-family-query,11
after,1,4,font-primary-monospace-validation,0
after,1,4,font-family-resolution,31
after,1,4,fallback-candidate-collection,9
after,1,4,fallback-candidate-sort,1310
after,1,4,fallback-candidate-ordering,1343
after,1,4,font-cache-setup,4
after,1,4,font-family-preparation,33882
after,1,4,font-metrics,68
after,1,4,gpu-backend-policy,11
after,1,4,wgpu-instance,11473
after,1,4,surface-create,48
after,1,4,adapter-request-call,66501
after,1,4,adapter-request-poll,17
after,1,4,adapter-request,66621
after,1,4,device-request-call,34151
after,1,4,device-request-poll,3
after,1,4,device-request,34204
after,1,4,gpu-initialize,113215
after,1,4,adapter-info,1
after,1,4,surface-capabilities-and-config,10
after,1,4,surface-configure,6866
after,1,4,initial-grid-resize,132
after,1,4,initial-ui-and-pane-layout,9
after,1,4,initial-projection,45
after,1,4,surface-acquire,66
after,1,4,shader-module-create,440
after,1,4,glyph-bind-group-layout,51
after,1,4,shader-and-layout,521
after,1,4,rectangle-pipeline,8634
after,1,4,glyph-pipeline,8273
after,1,4,atlas-texture-create,2038
after,1,4,atlas-view-sampler-bind-group,310
after,1,4,glyph-atlas,2415
after,1,4,frame-texture-view,14
after,1,4,instance-generation,4
after,1,4,instance-buffer-allocation,125
after,1,4,instance-buffer-writes,141
after,1,4,buffer-create-upload,302
after,1,4,render-encoding,978
after,1,4,queue-submit,1158
after,1,4,pre-present-notify,0
after,1,4,first-present,675
after,1,5,cli-parse,489
after,1,5,event-loop-create,7909
after,1,5,application-default-state,193
after,1,5,application-state-and-paths,236
after,1,5,config-read-parse,206
after,1,5,workspace-model-and-runtimes,15
after,1,5,window-create-and-branding,69561
after,1,5,font-database-create,2
after,1,5,system-font-discovery,70649
after,1,5,font-generic-family-query,13
after,1,5,font-primary-monospace-validation,0
after,1,5,font-family-resolution,56
after,1,5,fallback-candidate-collection,12
after,1,5,fallback-candidate-sort,2000
after,1,5,fallback-candidate-ordering,2101
after,1,5,font-cache-setup,8
after,1,5,font-family-preparation,72948
after,1,5,font-metrics,190
after,1,5,gpu-backend-policy,17
after,1,5,wgpu-instance,10808
after,1,5,surface-create,41
after,1,5,adapter-request-call,65791
after,1,5,adapter-request-poll,9
after,1,5,adapter-request,65854
after,1,5,device-request-call,38616
after,1,5,device-request-poll,4
after,1,5,device-request,38684
after,1,5,gpu-initialize,116322
after,1,5,adapter-info,1
after,1,5,surface-capabilities-and-config,13
after,1,5,surface-configure,8556
after,1,5,initial-grid-resize,178
after,1,5,initial-ui-and-pane-layout,8
after,1,5,initial-projection,41
after,1,5,surface-acquire,68
after,1,5,shader-module-create,509
after,1,5,glyph-bind-group-layout,59
after,1,5,shader-and-layout,605
after,1,5,rectangle-pipeline,9570
after,1,5,glyph-pipeline,9828
after,1,5,atlas-texture-create,3532
after,1,5,atlas-view-sampler-bind-group,1075
after,1,5,glyph-atlas,4810
after,1,5,frame-texture-view,34
after,1,5,instance-generation,12
after,1,5,instance-buffer-allocation,746
after,1,5,instance-buffer-writes,708
after,1,5,buffer-create-upload,1618
after,1,5,render-encoding,1628
after,1,5,queue-submit,543
after,1,5,pre-present-notify,0
after,1,5,first-present,461
after,2,1,cli-parse,4061
after,2,1,event-loop-create,10317
after,2,1,application-default-state,407
after,2,1,application-state-and-paths,533
after,2,1,config-read-parse,769
after,2,1,workspace-model-and-runtimes,44
after,2,1,window-create-and-branding,48723
after,2,1,font-database-create,5
after,2,1,system-font-discovery,108025
after,2,1,font-generic-family-query,27
after,2,1,font-primary-monospace-validation,0
after,2,1,font-family-resolution,87
after,2,1,fallback-candidate-collection,37
after,2,1,fallback-candidate-sort,3689
after,2,1,fallback-candidate-ordering,3799
after,2,1,font-cache-setup,12
after,2,1,font-family-preparation,112125
after,2,1,font-metrics,245
after,2,1,gpu-backend-policy,38
after,2,1,wgpu-instance,20605
after,2,1,surface-create,58
after,2,1,adapter-request-call,72866
after,2,1,adapter-request-poll,9
after,2,1,adapter-request,72922
after,2,1,device-request-call,37895
after,2,1,device-request-poll,4
after,2,1,device-request,37948
after,2,1,gpu-initialize,132812
after,2,1,adapter-info,1
after,2,1,surface-capabilities-and-config,11
after,2,1,surface-configure,6227
after,2,1,initial-grid-resize,108
after,2,1,initial-ui-and-pane-layout,7
after,2,1,initial-projection,35
after,2,1,surface-acquire,54
after,2,1,shader-module-create,425
after,2,1,glyph-bind-group-layout,51
after,2,1,shader-and-layout,509
after,2,1,rectangle-pipeline,9193
after,2,1,glyph-pipeline,9600
after,2,1,atlas-texture-create,1706
after,2,1,atlas-view-sampler-bind-group,266
after,2,1,glyph-atlas,2030
after,2,1,frame-texture-view,15
after,2,1,instance-generation,4
after,2,1,instance-buffer-allocation,127
after,2,1,instance-buffer-writes,137
after,2,1,buffer-create-upload,299
after,2,1,render-encoding,682
after,2,1,queue-submit,762
after,2,1,pre-present-notify,0
after,2,1,first-present,460
after,2,2,cli-parse,536
after,2,2,event-loop-create,7432
after,2,2,application-default-state,165
after,2,2,application-state-and-paths,206
after,2,2,config-read-parse,172
after,2,2,workspace-model-and-runtimes,13
after,2,2,window-create-and-branding,17854
after,2,2,font-database-create,2
after,2,2,system-font-discovery,38936
after,2,2,font-generic-family-query,11
after,2,2,font-primary-monospace-validation,0
after,2,2,font-family-resolution,32
after,2,2,fallback-candidate-collection,7
after,2,2,fallback-candidate-sort,1317
after,2,2,fallback-candidate-ordering,1411
after,2,2,font-cache-setup,9
after,2,2,font-family-preparation,40587
after,2,2,font-metrics,128
after,2,2,gpu-backend-policy,11
after,2,2,wgpu-instance,6963
after,2,2,surface-create,32
after,2,2,adapter-request-call,41012
after,2,2,adapter-request-poll,7
after,2,2,adapter-request,41057
after,2,2,device-request-call,28789
after,2,2,device-request-poll,3
after,2,2,device-request,28834
after,2,2,gpu-initialize,77562
after,2,2,adapter-info,1
after,2,2,surface-capabilities-and-config,10
after,2,2,surface-configure,5451
after,2,2,initial-grid-resize,127
after,2,2,initial-ui-and-pane-layout,5
after,2,2,initial-projection,46
after,2,2,surface-acquire,48
after,2,2,shader-module-create,370
after,2,2,glyph-bind-group-layout,52
after,2,2,shader-and-layout,447
after,2,2,rectangle-pipeline,5679
after,2,2,glyph-pipeline,7335
after,2,2,atlas-texture-create,1913
after,2,2,atlas-view-sampler-bind-group,259
after,2,2,glyph-atlas,2222
after,2,2,frame-texture-view,11
after,2,2,instance-generation,3
after,2,2,instance-buffer-allocation,103
after,2,2,instance-buffer-writes,102
after,2,2,buffer-create-upload,232
after,2,2,render-encoding,556
after,2,2,queue-submit,509
after,2,2,pre-present-notify,0
after,2,2,first-present,426
after,2,3,cli-parse,804
after,2,3,event-loop-create,6733
after,2,3,application-default-state,221
after,2,3,application-state-and-paths,276
after,2,3,config-read-parse,227
after,2,3,workspace-model-and-runtimes,16
after,2,3,window-create-and-branding,21828
after,2,3,font-database-create,1
after,2,3,system-font-discovery,34480
after,2,3,font-generic-family-query,12
after,2,3,font-primary-monospace-validation,0
after,2,3,font-family-resolution,33
after,2,3,fallback-candidate-collection,9
after,2,3,fallback-candidate-sort,1309
after,2,3,fallback-candidate-ordering,1343
after,2,3,font-cache-setup,5
after,2,3,font-family-preparation,35928
after,2,3,font-metrics,82
after,2,3,gpu-backend-policy,11
after,2,3,wgpu-instance,6902
after,2,3,surface-create,32
after,2,3,adapter-request-call,39046
after,2,3,adapter-request-poll,7
after,2,3,adapter-request,39164
after,2,3,device-request-call,29792
after,2,3,device-request-poll,3
after,2,3,device-request,29836
after,2,3,gpu-initialize,76660
after,2,3,adapter-info,1
after,2,3,surface-capabilities-and-config,10
after,2,3,surface-configure,5454
after,2,3,initial-grid-resize,158
after,2,3,initial-ui-and-pane-layout,8
after,2,3,initial-projection,169
after,2,3,surface-acquire,58
after,2,3,shader-module-create,780
after,2,3,glyph-bind-group-layout,106
after,2,3,shader-and-layout,958
after,2,3,rectangle-pipeline,5854
after,2,3,glyph-pipeline,6293
after,2,3,atlas-texture-create,1295
after,2,3,atlas-view-sampler-bind-group,220
after,2,3,glyph-atlas,1572
after,2,3,frame-texture-view,13
after,2,3,instance-generation,3
after,2,3,instance-buffer-allocation,156
after,2,3,instance-buffer-writes,140
after,2,3,buffer-create-upload,324
after,2,3,render-encoding,594
after,2,3,queue-submit,821
after,2,3,pre-present-notify,0
after,2,3,first-present,475
after,2,4,cli-parse,473
after,2,4,event-loop-create,4233
after,2,4,application-default-state,171
after,2,4,application-state-and-paths,213
after,2,4,config-read-parse,174
after,2,4,workspace-model-and-runtimes,15
after,2,4,window-create-and-branding,24997
after,2,4,font-database-create,1
after,2,4,system-font-discovery,32840
after,2,4,font-generic-family-query,11
after,2,4,font-primary-monospace-validation,0
after,2,4,font-family-resolution,31
after,2,4,fallback-candidate-collection,13
after,2,4,fallback-candidate-sort,1419
after,2,4,fallback-candidate-ordering,1471
after,2,4,font-cache-setup,9
after,2,4,font-family-preparation,34421
after,2,4,font-metrics,144
after,2,4,gpu-backend-policy,12
after,2,4,wgpu-instance,7034
after,2,4,surface-create,35
after,2,4,adapter-request-call,40884
after,2,4,adapter-request-poll,6
after,2,4,adapter-request,40928
after,2,4,device-request-call,28170
after,2,4,device-request-poll,3
after,2,4,device-request,28210
after,2,4,gpu-initialize,76886
after,2,4,adapter-info,1
after,2,4,surface-capabilities-and-config,9
after,2,4,surface-configure,5552
after,2,4,initial-grid-resize,163
after,2,4,initial-ui-and-pane-layout,8
after,2,4,initial-projection,36
after,2,4,surface-acquire,55
after,2,4,shader-module-create,331
after,2,4,glyph-bind-group-layout,44
after,2,4,shader-and-layout,398
after,2,4,rectangle-pipeline,5906
after,2,4,glyph-pipeline,6674
after,2,4,atlas-texture-create,1354
after,2,4,atlas-view-sampler-bind-group,215
after,2,4,glyph-atlas,1615
after,2,4,frame-texture-view,10
after,2,4,instance-generation,3
after,2,4,instance-buffer-allocation,145
after,2,4,instance-buffer-writes,174
after,2,4,buffer-create-upload,364
after,2,4,render-encoding,542
after,2,4,queue-submit,415
after,2,4,pre-present-notify,0
after,2,4,first-present,523
after,2,5,cli-parse,522
after,2,5,event-loop-create,8375
after,2,5,application-default-state,206
after,2,5,application-state-and-paths,255
after,2,5,config-read-parse,226
after,2,5,workspace-model-and-runtimes,17
after,2,5,window-create-and-branding,21478
after,2,5,font-database-create,1
after,2,5,system-font-discovery,35447
after,2,5,font-generic-family-query,15
after,2,5,font-primary-monospace-validation,0
after,2,5,font-family-resolution,36
after,2,5,fallback-candidate-collection,14
after,2,5,fallback-candidate-sort,1369
after,2,5,fallback-candidate-ordering,1409
after,2,5,font-cache-setup,5
after,2,5,font-family-preparation,36971
after,2,5,font-metrics,91
after,2,5,gpu-backend-policy,11
after,2,5,wgpu-instance,12735
after,2,5,surface-create,33
after,2,5,adapter-request-call,49286
after,2,5,adapter-request-poll,7
after,2,5,adapter-request,49338
after,2,5,device-request-call,34985
after,2,5,device-request-poll,4
after,2,5,device-request,35052
after,2,5,gpu-initialize,97899
after,2,5,adapter-info,1
after,2,5,surface-capabilities-and-config,13
after,2,5,surface-configure,6553
after,2,5,initial-grid-resize,137
after,2,5,initial-ui-and-pane-layout,9
after,2,5,initial-projection,75
after,2,5,surface-acquire,75
after,2,5,shader-module-create,494
after,2,5,glyph-bind-group-layout,62
after,2,5,shader-and-layout,598
after,2,5,rectangle-pipeline,7792
after,2,5,glyph-pipeline,7376
after,2,5,atlas-texture-create,1921
after,2,5,atlas-view-sampler-bind-group,445
after,2,5,glyph-atlas,2438
after,2,5,frame-texture-view,18
after,2,5,instance-generation,4
after,2,5,instance-buffer-allocation,233
after,2,5,instance-buffer-writes,474
after,2,5,buffer-create-upload,787
after,2,5,render-encoding,1578
after,2,5,queue-submit,2947
after,2,5,pre-present-notify,0
after,2,5,first-present,717
after,3,1,cli-parse,5842
after,3,1,event-loop-create,10905
after,3,1,application-default-state,413
after,3,1,application-state-and-paths,523
after,3,1,config-read-parse,483
after,3,1,workspace-model-and-runtimes,34
after,3,1,window-create-and-branding,38815
after,3,1,font-database-create,2
after,3,1,system-font-discovery,51428
after,3,1,font-generic-family-query,21
after,3,1,font-primary-monospace-validation,0
after,3,1,font-family-resolution,72
after,3,1,fallback-candidate-collection,21
after,3,1,fallback-candidate-sort,4500
after,3,1,fallback-candidate-ordering,4618
after,3,1,font-cache-setup,21
after,3,1,font-family-preparation,56287
after,3,1,font-metrics,344
after,3,1,gpu-backend-policy,27
after,3,1,wgpu-instance,15763
after,3,1,surface-create,71
after,3,1,adapter-request-call,98579
after,3,1,adapter-request-poll,14
after,3,1,adapter-request,98678
after,3,1,device-request-call,64863
after,3,1,device-request-poll,3
after,3,1,device-request,64922
after,3,1,gpu-initialize,181300
after,3,1,adapter-info,1
after,3,1,surface-capabilities-and-config,11
after,3,1,surface-configure,9063
after,3,1,initial-grid-resize,166
after,3,1,initial-ui-and-pane-layout,7
after,3,1,initial-projection,36
after,3,1,surface-acquire,56
after,3,1,shader-module-create,636
after,3,1,glyph-bind-group-layout,55
after,3,1,shader-and-layout,725
after,3,1,rectangle-pipeline,8050
after,3,1,glyph-pipeline,9173
after,3,1,atlas-texture-create,2029
after,3,1,atlas-view-sampler-bind-group,397
after,3,1,glyph-atlas,2504
after,3,1,frame-texture-view,17
after,3,1,instance-generation,5
after,3,1,instance-buffer-allocation,224
after,3,1,instance-buffer-writes,229
after,3,1,buffer-create-upload,513
after,3,1,render-encoding,1083
after,3,1,queue-submit,663
after,3,1,pre-present-notify,0
after,3,1,first-present,571
after,3,2,cli-parse,566
after,3,2,event-loop-create,7035
after,3,2,application-default-state,164
after,3,2,application-state-and-paths,202
after,3,2,config-read-parse,186
after,3,2,workspace-model-and-runtimes,15
after,3,2,window-create-and-branding,16703
after,3,2,font-database-create,1
after,3,2,system-font-discovery,29613
after,3,2,font-generic-family-query,11
after,3,2,font-primary-monospace-validation,0
after,3,2,font-family-resolution,30
after,3,2,fallback-candidate-collection,8
after,3,2,fallback-candidate-sort,1303
after,3,2,fallback-candidate-ordering,1334
after,3,2,font-cache-setup,4
after,3,2,font-family-preparation,31050
after,3,2,font-metrics,62
after,3,2,gpu-backend-policy,10
after,3,2,wgpu-instance,8543
after,3,2,surface-create,32
after,3,2,adapter-request-call,50791
after,3,2,adapter-request-poll,6
after,3,2,adapter-request,50833
after,3,2,device-request-call,30484
after,3,2,device-request-poll,3
after,3,2,device-request,30525
after,3,2,gpu-initialize,90599
after,3,2,adapter-info,1
after,3,2,surface-capabilities-and-config,8
after,3,2,surface-configure,5584
after,3,2,initial-grid-resize,149
after,3,2,initial-ui-and-pane-layout,5
after,3,2,initial-projection,29
after,3,2,surface-acquire,44
after,3,2,shader-module-create,324
after,3,2,glyph-bind-group-layout,40
after,3,2,shader-and-layout,388
after,3,2,rectangle-pipeline,6768
after,3,2,glyph-pipeline,6480
after,3,2,atlas-texture-create,1767
after,3,2,atlas-view-sampler-bind-group,387
after,3,2,glyph-atlas,2210
after,3,2,frame-texture-view,14
after,3,2,instance-generation,3
after,3,2,instance-buffer-allocation,94
after,3,2,instance-buffer-writes,101
after,3,2,buffer-create-upload,221
after,3,2,render-encoding,629
after,3,2,queue-submit,410
after,3,2,pre-present-notify,0
after,3,2,first-present,412
after,3,3,cli-parse,1035
after,3,3,event-loop-create,8853
after,3,3,application-default-state,359
after,3,3,application-state-and-paths,445
after,3,3,config-read-parse,382
after,3,3,workspace-model-and-runtimes,21
after,3,3,window-create-and-branding,18338
after,3,3,font-database-create,1
after,3,3,system-font-discovery,30441
after,3,3,font-generic-family-query,11
after,3,3,font-primary-monospace-validation,0
after,3,3,font-family-resolution,32
after,3,3,fallback-candidate-collection,10
after,3,3,fallback-candidate-sort,1320
after,3,3,fallback-candidate-ordering,1359
after,3,3,font-cache-setup,4
after,3,3,font-family-preparation,31905
after,3,3,font-metrics,72
after,3,3,gpu-backend-policy,12
after,3,3,wgpu-instance,6552
after,3,3,surface-create,32
after,3,3,adapter-request-call,38149
after,3,3,adapter-request-poll,6
after,3,3,adapter-request,38190
after,3,3,device-request-call,28709
after,3,3,device-request-poll,3
after,3,3,device-request,28749
after,3,3,gpu-initialize,74440
after,3,3,adapter-info,1
after,3,3,surface-capabilities-and-config,11
after,3,3,surface-configure,5637
after,3,3,initial-grid-resize,92
after,3,3,initial-ui-and-pane-layout,5
after,3,3,initial-projection,27
after,3,3,surface-acquire,48
after,3,3,shader-module-create,335
after,3,3,glyph-bind-group-layout,45
after,3,3,shader-and-layout,404
after,3,3,rectangle-pipeline,5619
after,3,3,glyph-pipeline,6476
after,3,3,atlas-texture-create,1386
after,3,3,atlas-view-sampler-bind-group,251
after,3,3,glyph-atlas,1689
after,3,3,frame-texture-view,11
after,3,3,instance-generation,2
after,3,3,instance-buffer-allocation,101
after,3,3,instance-buffer-writes,103
after,3,3,buffer-create-upload,230
after,3,3,render-encoding,496
after,3,3,queue-submit,1206
after,3,3,pre-present-notify,0
after,3,3,first-present,355
after,3,4,cli-parse,687
after,3,4,event-loop-create,9958
after,3,4,application-default-state,164
after,3,4,application-state-and-paths,203
after,3,4,config-read-parse,179
after,3,4,workspace-model-and-runtimes,12
after,3,4,window-create-and-branding,17247
after,3,4,font-database-create,1
after,3,4,system-font-discovery,32584
after,3,4,font-generic-family-query,12
after,3,4,font-primary-monospace-validation,0
after,3,4,font-family-resolution,32
after,3,4,fallback-candidate-collection,9
after,3,4,fallback-candidate-sort,1331
after,3,4,fallback-candidate-ordering,1363
after,3,4,font-cache-setup,4
after,3,4,font-family-preparation,34050
after,3,4,font-metrics,67
after,3,4,gpu-backend-policy,10
after,3,4,wgpu-instance,6561
after,3,4,surface-create,30
after,3,4,adapter-request-call,42778
after,3,4,adapter-request-poll,6
after,3,4,adapter-request,42820
after,3,4,device-request-call,30487
after,3,4,device-request-poll,3
after,3,4,device-request,30528
after,3,4,gpu-initialize,80600
after,3,4,adapter-info,1
after,3,4,surface-capabilities-and-config,10
after,3,4,surface-configure,6021
after,3,4,initial-grid-resize,163
after,3,4,initial-ui-and-pane-layout,5
after,3,4,initial-projection,34
after,3,4,surface-acquire,52
after,3,4,shader-module-create,367
after,3,4,glyph-bind-group-layout,43
after,3,4,shader-and-layout,437
after,3,4,rectangle-pipeline,6676
after,3,4,glyph-pipeline,6280
after,3,4,atlas-texture-create,3185
after,3,4,atlas-view-sampler-bind-group,737
after,3,4,glyph-atlas,4068
after,3,4,frame-texture-view,29
after,3,4,instance-generation,8
after,3,4,instance-buffer-allocation,478
after,3,4,instance-buffer-writes,341
after,3,4,buffer-create-upload,918
after,3,4,render-encoding,732
after,3,4,queue-submit,422
after,3,4,pre-present-notify,0
after,3,4,first-present,502
after,3,5,cli-parse,1303
after,3,5,event-loop-create,8227
after,3,5,application-default-state,216
after,3,5,application-state-and-paths,268
after,3,5,config-read-parse,328
after,3,5,workspace-model-and-runtimes,21
after,3,5,window-create-and-branding,21726
after,3,5,font-database-create,2
after,3,5,system-font-discovery,30140
after,3,5,font-generic-family-query,14
after,3,5,font-primary-monospace-validation,0
after,3,5,font-family-resolution,34
after,3,5,fallback-candidate-collection,8
after,3,5,fallback-candidate-sort,1335
after,3,5,fallback-candidate-ordering,1366
after,3,5,font-cache-setup,4
after,3,5,font-family-preparation,31614
after,3,5,font-metrics,71
after,3,5,gpu-backend-policy,10
after,3,5,wgpu-instance,6060
after,3,5,surface-create,31
after,3,5,adapter-request-call,37481
after,3,5,adapter-request-poll,7
after,3,5,adapter-request,37538
after,3,5,device-request-call,28625
after,3,5,device-request-poll,3
after,3,5,device-request,28664
after,3,5,gpu-initialize,72959
after,3,5,adapter-info,0
after,3,5,surface-capabilities-and-config,8
after,3,5,surface-configure,5193
after,3,5,initial-grid-resize,160
after,3,5,initial-ui-and-pane-layout,5
after,3,5,initial-projection,29
after,3,5,surface-acquire,48
after,3,5,shader-module-create,359
after,3,5,glyph-bind-group-layout,44
after,3,5,shader-and-layout,429
after,3,5,rectangle-pipeline,6236
after,3,5,glyph-pipeline,7375
after,3,5,atlas-texture-create,1391
after,3,5,atlas-view-sampler-bind-group,240
after,3,5,glyph-atlas,1684
after,3,5,frame-texture-view,11
after,3,5,instance-generation,3
after,3,5,instance-buffer-allocation,180
after,3,5,instance-buffer-writes,171
after,3,5,buffer-create-upload,390
after,3,5,render-encoding,525
after,3,5,queue-submit,458
after,3,5,pre-present-notify,0
after,3,5,first-present,562
after,4,1,cli-parse,1867
after,4,1,event-loop-create,4168
after,4,1,application-default-state,182
after,4,1,application-state-and-paths,223
after,4,1,config-read-parse,177
after,4,1,workspace-model-and-runtimes,13
after,4,1,window-create-and-branding,18124
after,4,1,font-database-create,2
after,4,1,system-font-discovery,41124
after,4,1,font-generic-family-query,11
after,4,1,font-primary-monospace-validation,0
after,4,1,font-family-resolution,33
after,4,1,fallback-candidate-collection,10
after,4,1,fallback-candidate-sort,1430
after,4,1,fallback-candidate-ordering,1467
after,4,1,font-cache-setup,4
after,4,1,font-family-preparation,42707
after,4,1,font-metrics,88
after,4,1,gpu-backend-policy,11
after,4,1,wgpu-instance,8471
after,4,1,surface-create,69
after,4,1,adapter-request-call,42047
after,4,1,adapter-request-poll,7
after,4,1,adapter-request,42091
after,4,1,device-request-call,30868
after,4,1,device-request-poll,3
after,4,1,device-request,30914
after,4,1,gpu-initialize,82284
after,4,1,adapter-info,1
after,4,1,surface-capabilities-and-config,9
after,4,1,surface-configure,5393
after,4,1,initial-grid-resize,139
after,4,1,initial-ui-and-pane-layout,6
after,4,1,initial-projection,30
after,4,1,surface-acquire,51
after,4,1,shader-module-create,519
after,4,1,glyph-bind-group-layout,49
after,4,1,shader-and-layout,610
after,4,1,rectangle-pipeline,6831
after,4,1,glyph-pipeline,8061
after,4,1,atlas-texture-create,1510
after,4,1,atlas-view-sampler-bind-group,193
after,4,1,glyph-atlas,1746
after,4,1,frame-texture-view,10
after,4,1,instance-generation,3
after,4,1,instance-buffer-allocation,151
after,4,1,instance-buffer-writes,174
after,4,1,buffer-create-upload,365
after,4,1,render-encoding,598
after,4,1,queue-submit,505
after,4,1,pre-present-notify,0
after,4,1,first-present,396
after,4,2,cli-parse,582
after,4,2,event-loop-create,4064
after,4,2,application-default-state,158
after,4,2,application-state-and-paths,196
after,4,2,config-read-parse,166
after,4,2,workspace-model-and-runtimes,12
after,4,2,window-create-and-branding,16149
after,4,2,font-database-create,1
after,4,2,system-font-discovery,31231
after,4,2,font-generic-family-query,11
after,4,2,font-primary-monospace-validation,0
after,4,2,font-family-resolution,31
after,4,2,fallback-candidate-collection,8
after,4,2,fallback-candidate-sort,1308
after,4,2,fallback-candidate-ordering,1341
after,4,2,font-cache-setup,4
after,4,2,font-family-preparation,32675
after,4,2,font-metrics,78
after,4,2,gpu-backend-policy,10
after,4,2,wgpu-instance,6698
after,4,2,surface-create,30
after,4,2,adapter-request-call,39374
after,4,2,adapter-request-poll,6
after,4,2,adapter-request,39414
after,4,2,device-request-call,30362
after,4,2,device-request-poll,3
after,4,2,device-request,30410
after,4,2,gpu-initialize,77218
after,4,2,adapter-info,1
after,4,2,surface-capabilities-and-config,8
after,4,2,surface-configure,4938
after,4,2,initial-grid-resize,98
after,4,2,initial-ui-and-pane-layout,5
after,4,2,initial-projection,32
after,4,2,surface-acquire,42
after,4,2,shader-module-create,337
after,4,2,glyph-bind-group-layout,45
after,4,2,shader-and-layout,408
after,4,2,rectangle-pipeline,5439
after,4,2,glyph-pipeline,6227
after,4,2,atlas-texture-create,1234
after,4,2,atlas-view-sampler-bind-group,205
after,4,2,glyph-atlas,1488
after,4,2,frame-texture-view,10
after,4,2,instance-generation,3
after,4,2,instance-buffer-allocation,125
after,4,2,instance-buffer-writes,144
after,4,2,buffer-create-upload,298
after,4,2,render-encoding,553
after,4,2,queue-submit,507
after,4,2,pre-present-notify,0
after,4,2,first-present,390
after,4,3,cli-parse,579
after,4,3,event-loop-create,4240
after,4,3,application-default-state,158
after,4,3,application-state-and-paths,194
after,4,3,config-read-parse,173
after,4,3,workspace-model-and-runtimes,13
after,4,3,window-create-and-branding,15321
after,4,3,font-database-create,1
after,4,3,system-font-discovery,30387
after,4,3,font-generic-family-query,12
after,4,3,font-primary-monospace-validation,0
after,4,3,font-family-resolution,32
after,4,3,fallback-candidate-collection,8
after,4,3,fallback-candidate-sort,1898
after,4,3,fallback-candidate-ordering,1948
after,4,3,font-cache-setup,12
after,4,3,font-family-preparation,32462
after,4,3,font-metrics,313
after,4,3,gpu-backend-policy,15
after,4,3,wgpu-instance,6699
after,4,3,surface-create,33
after,4,3,adapter-request-call,41171
after,4,3,adapter-request-poll,6
after,4,3,adapter-request,41213
after,4,3,device-request-call,31259
after,4,3,device-request-poll,3
after,4,3,device-request,31312
after,4,3,gpu-initialize,79973
after,4,3,adapter-info,1
after,4,3,surface-capabilities-and-config,10
after,4,3,surface-configure,5094
after,4,3,initial-grid-resize,134
after,4,3,initial-ui-and-pane-layout,18
after,4,3,initial-projection,35
after,4,3,surface-acquire,39
after,4,3,shader-module-create,328
after,4,3,glyph-bind-group-layout,37
after,4,3,shader-and-layout,389
after,4,3,rectangle-pipeline,5498
after,4,3,glyph-pipeline,8084
after,4,3,atlas-texture-create,1788
after,4,3,atlas-view-sampler-bind-group,290
after,4,3,glyph-atlas,2131
after,4,3,frame-texture-view,11
after,4,3,instance-generation,3
after,4,3,instance-buffer-allocation,212
after,4,3,instance-buffer-writes,192
after,4,3,buffer-create-upload,442
after,4,3,render-encoding,691
after,4,3,queue-submit,426
after,4,3,pre-present-notify,0
after,4,3,first-present,344
after,4,4,cli-parse,535
after,4,4,event-loop-create,4627
after,4,4,application-default-state,191
after,4,4,application-state-and-paths,240
after,4,4,config-read-parse,188
after,4,4,workspace-model-and-runtimes,13
after,4,4,window-create-and-branding,16166
after,4,4,font-database-create,1
after,4,4,system-font-discovery,31075
after,4,4,font-generic-family-query,16
after,4,4,font-primary-monospace-validation,0
after,4,4,font-family-resolution,46
after,4,4,fallback-candidate-collection,19
after,4,4,fallback-candidate-sort,1685
after,4,4,fallback-candidate-ordering,1741
after,4,4,font-cache-setup,6
after,4,4,font-family-preparation,32952
after,4,4,font-metrics,125
after,4,4,gpu-backend-policy,14
after,4,4,wgpu-instance,7074
after,4,4,surface-create,35
after,4,4,adapter-request-call,37813
after,4,4,adapter-request-poll,6
after,4,4,adapter-request,37856
after,4,4,device-request-call,30434
after,4,4,device-request-poll,2
after,4,4,device-request,30474
after,4,4,gpu-initialize,76103
after,4,4,adapter-info,1
after,4,4,surface-capabilities-and-config,8
after,4,4,surface-configure,4917
after,4,4,initial-grid-resize,92
after,4,4,initial-ui-and-pane-layout,8
after,4,4,initial-projection,29
after,4,4,surface-acquire,47
after,4,4,shader-module-create,326
after,4,4,glyph-bind-group-layout,41
after,4,4,shader-and-layout,390
after,4,4,rectangle-pipeline,7398
after,4,4,glyph-pipeline,6581
after,4,4,atlas-texture-create,1798
after,4,4,atlas-view-sampler-bind-group,337
after,4,4,glyph-atlas,2261
after,4,4,frame-texture-view,20
after,4,4,instance-generation,9
after,4,4,instance-buffer-allocation,308
after,4,4,instance-buffer-writes,255
after,4,4,buffer-create-upload,620
after,4,4,render-encoding,906
after,4,4,queue-submit,484
after,4,4,pre-present-notify,0
after,4,4,first-present,540
after,4,5,cli-parse,601
after,4,5,event-loop-create,8637
after,4,5,application-default-state,221
after,4,5,application-state-and-paths,271
after,4,5,config-read-parse,242
after,4,5,workspace-model-and-runtimes,18
after,4,5,window-create-and-branding,24344
after,4,5,font-database-create,3
after,4,5,system-font-discovery,44719
after,4,5,font-generic-family-query,17
after,4,5,font-primary-monospace-validation,0
after,4,5,font-family-resolution,45
after,4,5,fallback-candidate-collection,16
after,4,5,fallback-candidate-sort,1820
after,4,5,fallback-candidate-ordering,1871
after,4,5,font-cache-setup,6
after,4,5,font-family-preparation,46754
after,4,5,font-metrics,136
after,4,5,gpu-backend-policy,15
after,4,5,wgpu-instance,9707
after,4,5,surface-create,44
after,4,5,adapter-request-call,55223
after,4,5,adapter-request-poll,10
after,4,5,adapter-request,55286
after,4,5,device-request-call,40657
after,4,5,device-request-poll,5
after,4,5,device-request,40713
after,4,5,gpu-initialize,106716
after,4,5,adapter-info,1
after,4,5,surface-capabilities-and-config,12
after,4,5,surface-configure,7889
after,4,5,initial-grid-resize,136
after,4,5,initial-ui-and-pane-layout,10
after,4,5,initial-projection,56
after,4,5,surface-acquire,155
after,4,5,shader-module-create,774
after,4,5,glyph-bind-group-layout,56
after,4,5,shader-and-layout,869
after,4,5,rectangle-pipeline,10221
after,4,5,glyph-pipeline,9450
after,4,5,atlas-texture-create,2254
after,4,5,atlas-view-sampler-bind-group,505
after,4,5,glyph-atlas,2863
after,4,5,frame-texture-view,24
after,4,5,instance-generation,6
after,4,5,instance-buffer-allocation,211
after,4,5,instance-buffer-writes,192
after,4,5,buffer-create-upload,453
after,4,5,render-encoding,810
after,4,5,queue-submit,800
after,4,5,pre-present-notify,0
after,4,5,first-present,653
after,5,1,cli-parse,5012
after,5,1,event-loop-create,11879
after,5,1,application-default-state,543
after,5,1,application-state-and-paths,659
after,5,1,config-read-parse,473
after,5,1,workspace-model-and-runtimes,32
after,5,1,window-create-and-branding,39416
after,5,1,font-database-create,5
after,5,1,system-font-discovery,68066
after,5,1,font-generic-family-query,21
after,5,1,font-primary-monospace-validation,0
after,5,1,font-family-resolution,58
after,5,1,fallback-candidate-collection,16
after,5,1,fallback-candidate-sort,4083
after,5,1,fallback-candidate-ordering,4171
after,5,1,font-cache-setup,15
after,5,1,font-family-preparation,72458
after,5,1,font-metrics,291
after,5,1,gpu-backend-policy,18
after,5,1,wgpu-instance,9961
after,5,1,surface-create,70
after,5,1,adapter-request-call,61637
after,5,1,adapter-request-poll,9
after,5,1,adapter-request,61697
after,5,1,device-request-call,46007
after,5,1,device-request-poll,7
after,5,1,device-request,46113
after,5,1,gpu-initialize,119058
after,5,1,adapter-info,2
after,5,1,surface-capabilities-and-config,22
after,5,1,surface-configure,7404
after,5,1,initial-grid-resize,239
after,5,1,initial-ui-and-pane-layout,11
after,5,1,initial-projection,54
after,5,1,surface-acquire,72
after,5,1,shader-module-create,484
after,5,1,glyph-bind-group-layout,61
after,5,1,shader-and-layout,576
after,5,1,rectangle-pipeline,11680
after,5,1,glyph-pipeline,10933
after,5,1,atlas-texture-create,2000
after,5,1,atlas-view-sampler-bind-group,253
after,5,1,glyph-atlas,2324
after,5,1,frame-texture-view,15
after,5,1,instance-generation,4
after,5,1,instance-buffer-allocation,166
after,5,1,instance-buffer-writes,185
after,5,1,buffer-create-upload,407
after,5,1,render-encoding,842
after,5,1,queue-submit,833
after,5,1,pre-present-notify,0
after,5,1,first-present,744
after,5,2,cli-parse,1108
after,5,2,event-loop-create,10058
after,5,2,application-default-state,417
after,5,2,application-state-and-paths,525
after,5,2,config-read-parse,648
after,5,2,workspace-model-and-runtimes,60
after,5,2,window-create-and-branding,37700
after,5,2,font-database-create,3
after,5,2,system-font-discovery,53942
after,5,2,font-generic-family-query,15
after,5,2,font-primary-monospace-validation,0
after,5,2,font-family-resolution,43
after,5,2,fallback-candidate-collection,16
after,5,2,fallback-candidate-sort,1825
after,5,2,fallback-candidate-ordering,1873
after,5,2,font-cache-setup,6
after,5,2,font-family-preparation,55958
after,5,2,font-metrics,115
after,5,2,gpu-backend-policy,14
after,5,2,wgpu-instance,11244
after,5,2,surface-create,44
after,5,2,adapter-request-call,76285
after,5,2,adapter-request-poll,12
after,5,2,adapter-request,76368
after,5,2,device-request-call,52789
after,5,2,device-request-poll,4
after,5,2,device-request,52861
after,5,2,gpu-initialize,141775
after,5,2,adapter-info,1
after,5,2,surface-capabilities-and-config,14
after,5,2,surface-configure,8286
after,5,2,initial-grid-resize,170
after,5,2,initial-ui-and-pane-layout,9
after,5,2,initial-projection,49
after,5,2,surface-acquire,62
after,5,2,shader-module-create,694
after,5,2,glyph-bind-group-layout,65
after,5,2,shader-and-layout,812
after,5,2,rectangle-pipeline,10541
after,5,2,glyph-pipeline,15347
after,5,2,atlas-texture-create,2453
after,5,2,atlas-view-sampler-bind-group,311
after,5,2,glyph-atlas,2842
after,5,2,frame-texture-view,18
after,5,2,instance-generation,5
after,5,2,instance-buffer-allocation,287
after,5,2,instance-buffer-writes,195
after,5,2,buffer-create-upload,531
after,5,2,render-encoding,1052
after,5,2,queue-submit,1413
after,5,2,pre-present-notify,0
after,5,2,first-present,770
after,5,3,cli-parse,961
after,5,3,event-loop-create,6209
after,5,3,application-default-state,362
after,5,3,application-state-and-paths,427
after,5,3,config-read-parse,243
after,5,3,workspace-model-and-runtimes,17
after,5,3,window-create-and-branding,19253
after,5,3,font-database-create,1
after,5,3,system-font-discovery,34464
after,5,3,font-generic-family-query,11
after,5,3,font-primary-monospace-validation,0
after,5,3,font-family-resolution,32
after,5,3,fallback-candidate-collection,10
after,5,3,fallback-candidate-sort,1342
after,5,3,fallback-candidate-ordering,1378
after,5,3,font-cache-setup,5
after,5,3,font-family-preparation,35948
after,5,3,font-metrics,111
after,5,3,gpu-backend-policy,12
after,5,3,wgpu-instance,7513
after,5,3,surface-create,62
after,5,3,adapter-request-call,44846
after,5,3,adapter-request-poll,7
after,5,3,adapter-request,44891
after,5,3,device-request-call,32617
after,5,3,device-request-poll,5
after,5,3,device-request,32747
after,5,3,gpu-initialize,86187
after,5,3,adapter-info,3
after,5,3,surface-capabilities-and-config,13
after,5,3,surface-configure,6702
after,5,3,initial-grid-resize,190
after,5,3,initial-ui-and-pane-layout,11
after,5,3,initial-projection,57
after,5,3,surface-acquire,74
after,5,3,shader-module-create,530
after,5,3,glyph-bind-group-layout,68
after,5,3,shader-and-layout,640
after,5,3,rectangle-pipeline,8203
after,5,3,glyph-pipeline,6587
after,5,3,atlas-texture-create,1194
after,5,3,atlas-view-sampler-bind-group,216
after,5,3,glyph-atlas,1455
after,5,3,frame-texture-view,11
after,5,3,instance-generation,3
after,5,3,instance-buffer-allocation,92
after,5,3,instance-buffer-writes,103
after,5,3,buffer-create-upload,220
after,5,3,render-encoding,486
after,5,3,queue-submit,383
after,5,3,pre-present-notify,0
after,5,3,first-present,701
after,5,4,cli-parse,674
after,5,4,event-loop-create,12778
after,5,4,application-default-state,591
after,5,4,application-state-and-paths,751
after,5,4,config-read-parse,513
after,5,4,workspace-model-and-runtimes,36
after,5,4,window-create-and-branding,37031
after,5,4,font-database-create,3
after,5,4,system-font-discovery,56506
after,5,4,font-generic-family-query,18
after,5,4,font-primary-monospace-validation,0
after,5,4,font-family-resolution,60
after,5,4,fallback-candidate-collection,15
after,5,4,fallback-candidate-sort,2586
after,5,4,fallback-candidate-ordering,2651
after,5,4,font-cache-setup,8
after,5,4,font-family-preparation,59344
after,5,4,font-metrics,158
after,5,4,gpu-backend-policy,19
after,5,4,wgpu-instance,10167
after,5,4,surface-create,39
after,5,4,adapter-request-call,57850
after,5,4,adapter-request-poll,6
after,5,4,adapter-request,57892
after,5,4,device-request-call,50409
after,5,4,device-request-poll,5
after,5,4,device-request,50497
after,5,4,gpu-initialize,119490
after,5,4,adapter-info,2
after,5,4,surface-capabilities-and-config,15
after,5,4,surface-configure,13702
after,5,4,initial-grid-resize,346
after,5,4,initial-ui-and-pane-layout,10
after,5,4,initial-projection,40
after,5,4,surface-acquire,105
after,5,4,shader-module-create,394
after,5,4,glyph-bind-group-layout,81
after,5,4,shader-and-layout,512
after,5,4,rectangle-pipeline,9428
after,5,4,glyph-pipeline,10118
after,5,4,atlas-texture-create,1738
after,5,4,atlas-view-sampler-bind-group,285
after,5,4,glyph-atlas,2110
after,5,4,frame-texture-view,15
after,5,4,instance-generation,3
after,5,4,instance-buffer-allocation,229
after,5,4,instance-buffer-writes,329
after,5,4,buffer-create-upload,647
after,5,4,render-encoding,1410
after,5,4,queue-submit,1168
after,5,4,pre-present-notify,0
after,5,4,first-present,1179
after,5,5,cli-parse,667
after,5,5,event-loop-create,8060
after,5,5,application-default-state,162
after,5,5,application-state-and-paths,200
after,5,5,config-read-parse,198
after,5,5,workspace-model-and-runtimes,13
after,5,5,window-create-and-branding,24139
after,5,5,font-database-create,5
after,5,5,system-font-discovery,39977
after,5,5,font-generic-family-query,13
after,5,5,font-primary-monospace-validation,0
after,5,5,font-family-resolution,40
after,5,5,fallback-candidate-collection,10
after,5,5,fallback-candidate-sort,1817
after,5,5,fallback-candidate-ordering,1857
after,5,5,font-cache-setup,5
after,5,5,font-family-preparation,41978
after,5,5,font-metrics,95
after,5,5,gpu-backend-policy,11
after,5,5,wgpu-instance,11650
after,5,5,surface-create,47
after,5,5,adapter-request-call,78230
after,5,5,adapter-request-poll,6
after,5,5,adapter-request,78276
after,5,5,device-request-call,52478
after,5,5,device-request-poll,3
after,5,5,device-request,52533
after,5,5,gpu-initialize,143224
after,5,5,adapter-info,1
after,5,5,surface-capabilities-and-config,11
after,5,5,surface-configure,8333
after,5,5,initial-grid-resize,176
after,5,5,initial-ui-and-pane-layout,12
after,5,5,initial-projection,58
after,5,5,surface-acquire,81
after,5,5,shader-module-create,1719
after,5,5,glyph-bind-group-layout,177
after,5,5,shader-and-layout,2036
after,5,5,rectangle-pipeline,7500
after,5,5,glyph-pipeline,6988
after,5,5,atlas-texture-create,1945
after,5,5,atlas-view-sampler-bind-group,208
after,5,5,glyph-atlas,2201
after,5,5,frame-texture-view,14
after,5,5,instance-generation,3
after,5,5,instance-buffer-allocation,102
after,5,5,instance-buffer-writes,301
after,5,5,buffer-create-upload,452
after,5,5,render-encoding,1684
after,5,5,queue-submit,1167
after,5,5,pre-present-notify,0
after,5,5,first-present,351
after,6,1,cli-parse,3778
after,6,1,event-loop-create,14451
after,6,1,application-default-state,531
after,6,1,application-state-and-paths,645
after,6,1,config-read-parse,456
after,6,1,workspace-model-and-runtimes,32
after,6,1,window-create-and-branding,42717
after,6,1,font-database-create,8
after,6,1,system-font-discovery,81205
after,6,1,font-generic-family-query,25
after,6,1,font-primary-monospace-validation,0
after,6,1,font-family-resolution,80
after,6,1,fallback-candidate-collection,31
after,6,1,fallback-candidate-sort,3765
after,6,1,fallback-candidate-ordering,3897
after,6,1,font-cache-setup,21
after,6,1,font-family-preparation,85400
after,6,1,font-metrics,652
after,6,1,gpu-backend-policy,35
after,6,1,wgpu-instance,20295
after,6,1,surface-create,76
after,6,1,adapter-request-call,89042
after,6,1,adapter-request-poll,10
after,6,1,adapter-request,89112
after,6,1,device-request-call,84090
after,6,1,device-request-poll,7
after,6,1,device-request,84201
after,6,1,gpu-initialize,195118
after,6,1,adapter-info,2
after,6,1,surface-capabilities-and-config,21
after,6,1,surface-configure,9909
after,6,1,initial-grid-resize,172
after,6,1,initial-ui-and-pane-layout,7
after,6,1,initial-projection,49
after,6,1,surface-acquire,66
after,6,1,shader-module-create,444
after,6,1,glyph-bind-group-layout,55
after,6,1,shader-and-layout,532
after,6,1,rectangle-pipeline,8532
after,6,1,glyph-pipeline,10033
after,6,1,atlas-texture-create,1929
after,6,1,atlas-view-sampler-bind-group,270
after,6,1,glyph-atlas,2273
after,6,1,frame-texture-view,14
after,6,1,instance-generation,3
after,6,1,instance-buffer-allocation,186
after,6,1,instance-buffer-writes,170
after,6,1,buffer-create-upload,403
after,6,1,render-encoding,833
after,6,1,queue-submit,509
after,6,1,pre-present-notify,0
after,6,1,first-present,500
after,6,2,cli-parse,1221
after,6,2,event-loop-create,8743
after,6,2,application-default-state,417
after,6,2,application-state-and-paths,531
after,6,2,config-read-parse,450
after,6,2,workspace-model-and-runtimes,32
after,6,2,window-create-and-branding,30240
after,6,2,font-database-create,2
after,6,2,system-font-discovery,39509
after,6,2,font-generic-family-query,11
after,6,2,font-primary-monospace-validation,0
after,6,2,font-family-resolution,31
after,6,2,fallback-candidate-collection,12
after,6,2,fallback-candidate-sort,1291
after,6,2,fallback-candidate-ordering,1328
after,6,2,font-cache-setup,4
after,6,2,font-family-preparation,40942
after,6,2,font-metrics,80
after,6,2,gpu-backend-policy,10
after,6,2,wgpu-instance,6938
after,6,2,surface-create,31
after,6,2,adapter-request-call,40347
after,6,2,adapter-request-poll,6
after,6,2,adapter-request,40392
after,6,2,device-request-call,29750
after,6,2,device-request-poll,2
after,6,2,device-request,29791
after,6,2,gpu-initialize,77817
after,6,2,adapter-info,0
after,6,2,surface-capabilities-and-config,8
after,6,2,surface-configure,4746
after,6,2,initial-grid-resize,87
after,6,2,initial-ui-and-pane-layout,8
after,6,2,initial-projection,34
after,6,2,surface-acquire,50
after,6,2,shader-module-create,495
after,6,2,glyph-bind-group-layout,63
after,6,2,shader-and-layout,595
after,6,2,rectangle-pipeline,5991
after,6,2,glyph-pipeline,6308
after,6,2,atlas-texture-create,1293
after,6,2,atlas-view-sampler-bind-group,342
after,6,2,glyph-atlas,1682
after,6,2,frame-texture-view,13
after,6,2,instance-generation,3
after,6,2,instance-buffer-allocation,124
after,6,2,instance-buffer-writes,165
after,6,2,buffer-create-upload,327
after,6,2,render-encoding,566
after,6,2,queue-submit,447
after,6,2,pre-present-notify,0
after,6,2,first-present,350
after,6,3,cli-parse,456
after,6,3,event-loop-create,7292
after,6,3,application-default-state,165
after,6,3,application-state-and-paths,205
after,6,3,config-read-parse,181
after,6,3,workspace-model-and-runtimes,13
after,6,3,window-create-and-branding,22439
after,6,3,font-database-create,5
after,6,3,system-font-discovery,31842
after,6,3,font-generic-family-query,12
after,6,3,font-primary-monospace-validation,0
after,6,3,font-family-resolution,32
after,6,3,fallback-candidate-collection,9
after,6,3,fallback-candidate-sort,1327
after,6,3,fallback-candidate-ordering,1358
after,6,3,font-cache-setup,4
after,6,3,font-family-preparation,33326
after,6,3,font-metrics,54
after,6,3,gpu-backend-policy,10
after,6,3,wgpu-instance,9852
after,6,3,surface-create,33
after,6,3,adapter-request-call,40063
after,6,3,adapter-request-poll,7
after,6,3,adapter-request,40107
after,6,3,device-request-call,31105
after,6,3,device-request-poll,2
after,6,3,device-request,31145
after,6,3,gpu-initialize,81805
after,6,3,adapter-info,1
after,6,3,surface-capabilities-and-config,9
after,6,3,surface-configure,9869
after,6,3,initial-grid-resize,130
after,6,3,initial-ui-and-pane-layout,7
after,6,3,initial-projection,41
after,6,3,surface-acquire,48
after,6,3,shader-module-create,328
after,6,3,glyph-bind-group-layout,43
after,6,3,shader-and-layout,394
after,6,3,rectangle-pipeline,6752
after,6,3,glyph-pipeline,10065
after,6,3,atlas-texture-create,3254
after,6,3,atlas-view-sampler-bind-group,700
after,6,3,glyph-atlas,4093
after,6,3,frame-texture-view,28
after,6,3,instance-generation,37
after,6,3,instance-buffer-allocation,921
after,6,3,instance-buffer-writes,636
after,6,3,buffer-create-upload,1937
after,6,3,render-encoding,961
after,6,3,queue-submit,461
after,6,3,pre-present-notify,0
after,6,3,first-present,408
after,6,4,cli-parse,1126
after,6,4,event-loop-create,4349
after,6,4,application-default-state,159
after,6,4,application-state-and-paths,195
after,6,4,config-read-parse,175
after,6,4,workspace-model-and-runtimes,12
after,6,4,window-create-and-branding,15046
after,6,4,font-database-create,1
after,6,4,system-font-discovery,28970
after,6,4,font-generic-family-query,11
after,6,4,font-primary-monospace-validation,0
after,6,4,font-family-resolution,32
after,6,4,fallback-candidate-collection,12
after,6,4,fallback-candidate-sort,1321
after,6,4,fallback-candidate-ordering,1357
after,6,4,font-cache-setup,4
after,6,4,font-family-preparation,30427
after,6,4,font-metrics,76
after,6,4,gpu-backend-policy,10
after,6,4,wgpu-instance,6560
after,6,4,surface-create,31
after,6,4,adapter-request-call,38311
after,6,4,adapter-request-poll,6
after,6,4,adapter-request,38355
after,6,4,device-request-call,27943
after,6,4,device-request-poll,3
after,6,4,device-request,28017
after,6,4,gpu-initialize,73704
after,6,4,adapter-info,1
after,6,4,surface-capabilities-and-config,9
after,6,4,surface-configure,7274
after,6,4,initial-grid-resize,101
after,6,4,initial-ui-and-pane-layout,5
after,6,4,initial-projection,42
after,6,4,surface-acquire,48
after,6,4,shader-module-create,322
after,6,4,glyph-bind-group-layout,42
after,6,4,shader-and-layout,389
after,6,4,rectangle-pipeline,6443
after,6,4,glyph-pipeline,6408
after,6,4,atlas-texture-create,1605
after,6,4,atlas-view-sampler-bind-group,325
after,6,4,glyph-atlas,1995
after,6,4,frame-texture-view,15
after,6,4,instance-generation,3
after,6,4,instance-buffer-allocation,128
after,6,4,instance-buffer-writes,125
after,6,4,buffer-create-upload,282
after,6,4,render-encoding,544
after,6,4,queue-submit,872
after,6,4,pre-present-notify,0
after,6,4,first-present,395
after,6,5,cli-parse,433
after,6,5,event-loop-create,11667
after,6,5,application-default-state,358
after,6,5,application-state-and-paths,451
after,6,5,config-read-parse,439
after,6,5,workspace-model-and-runtimes,14
after,6,5,window-create-and-branding,26486
after,6,5,font-database-create,2
after,6,5,system-font-discovery,28195
after,6,5,font-generic-family-query,12
after,6,5,font-primary-monospace-validation,0
after,6,5,font-family-resolution,32
after,6,5,fallback-candidate-collection,11
after,6,5,fallback-candidate-sort,1337
after,6,5,fallback-candidate-ordering,1374
after,6,5,font-cache-setup,5
after,6,5,font-family-preparation,29676
after,6,5,font-metrics,102
after,6,5,gpu-backend-policy,13
after,6,5,wgpu-instance,6922
after,6,5,surface-create,31
after,6,5,adapter-request-call,38209
after,6,5,adapter-request-poll,6
after,6,5,adapter-request,38252
after,6,5,device-request-call,30372
after,6,5,device-request-poll,2
after,6,5,device-request,30414
after,6,5,gpu-initialize,76281
after,6,5,adapter-info,1
after,6,5,surface-capabilities-and-config,8
after,6,5,surface-configure,5071
after,6,5,initial-grid-resize,177
after,6,5,initial-ui-and-pane-layout,10
after,6,5,initial-projection,49
after,6,5,surface-acquire,53
after,6,5,shader-module-create,338
after,6,5,glyph-bind-group-layout,45
after,6,5,shader-and-layout,406
after,6,5,rectangle-pipeline,7216
after,6,5,glyph-pipeline,9718
after,6,5,atlas-texture-create,1349
after,6,5,atlas-view-sampler-bind-group,221
after,6,5,glyph-atlas,1618
after,6,5,frame-texture-view,10
after,6,5,instance-generation,3
after,6,5,instance-buffer-allocation,121
after,6,5,instance-buffer-writes,111
after,6,5,buffer-create-upload,259
after,6,5,render-encoding,499
after,6,5,queue-submit,487
after,6,5,pre-present-notify,0
after,6,5,first-present,498
