"run","stage","phase","duration_us","variant","batch","sequence"
"1","cli-parse","first-frame","593","baseline","baseline-b","1"
"1","event-loop-create","first-frame","6079","baseline","baseline-b","1"
"1","application-default-state","first-frame","187","baseline","baseline-b","1"
"1","application-state-and-paths","first-frame","233","baseline","baseline-b","1"
"1","config-read-parse","first-frame","163","baseline","baseline-b","1"
"1","workspace-model-and-runtimes","first-frame","15","baseline","baseline-b","1"
"1","window-create-and-branding","first-frame","12323","baseline","baseline-b","1"
"1","system-font-discovery","first-frame","667982","baseline","baseline-b","1"
"1","font-family-resolution","first-frame","16","baseline","baseline-b","1"
"1","fallback-candidate-ordering","first-frame","1275","baseline","baseline-b","1"
"1","font-cache-setup","first-frame","1","baseline","baseline-b","1"
"1","font-family-preparation","first-frame","669339","baseline","baseline-b","1"
"1","font-metrics","first-frame","136","baseline","baseline-b","1"
"1","wgpu-instance","first-frame","13932","baseline","baseline-b","1"
"1","surface-create","first-frame","7","baseline","baseline-b","1"
"1","adapter-request","first-frame","114972","baseline","baseline-b","1"
"1","device-request","first-frame","140337","baseline","baseline-b","1"
"1","surface-capabilities-and-config","first-frame","5","baseline","baseline-b","1"
"1","surface-configure","first-frame","8236","baseline","baseline-b","1"
"1","initial-grid-resize","first-frame","121","baseline","baseline-b","1"
"1","initial-ui-and-pane-layout","first-frame","3","baseline","baseline-b","1"
"1","initial-projection","first-frame","28","baseline","baseline-b","1"
"1","surface-acquire","first-frame","33","baseline","baseline-b","1"
"1","shader-module-create","first-frame","275","baseline","baseline-b","1"
"1","glyph-bind-group-layout","first-frame","25","baseline","baseline-b","1"
"1","shader-and-layout","first-frame","322","baseline","baseline-b","1"
"1","rectangle-pipeline","first-frame","228964","baseline","baseline-b","1"
"1","glyph-pipeline","first-frame","235552","baseline","baseline-b","1"
"1","atlas-texture-create","first-frame","1892","baseline","baseline-b","1"
"1","atlas-view-sampler-bind-group","first-frame","202","baseline","baseline-b","1"
"1","glyph-atlas","first-frame","2158","baseline","baseline-b","1"
"1","frame-texture-view","first-frame","11","baseline","baseline-b","1"
"1","instance-generation","first-frame","0","baseline","baseline-b","1"
"1","instance-buffer-allocation","first-frame","244","baseline","baseline-b","1"
"1","instance-buffer-writes","first-frame","268","baseline","baseline-b","1"
"1","buffer-create-upload","first-frame","565","baseline","baseline-b","1"
"1","render-encoding","first-frame","913","baseline","baseline-b","1"
"1","queue-submit","first-frame","410","baseline","baseline-b","1"
"1","pre-present-notify","first-frame","0","baseline","baseline-b","1"
"1","first-present","first-frame","361","baseline","baseline-b","1"
"1","startup-redraw","first-frame","469519","baseline","baseline-b","1"
"1","initial-ui-and-pane-layout","first-text","8","baseline","baseline-b","1"
"1","initial-projection","first-text","36","baseline","baseline-b","1"
"1","surface-acquire","first-text","36","baseline","baseline-b","1"
"1","frame-texture-view","first-text","5","baseline","baseline-b","1"
"1","instance-generation","first-text","0","baseline","baseline-b","1"
"1","instance-buffer-writes","first-text","0","baseline","baseline-b","1"
"1","buffer-create-upload","first-text","9","baseline","baseline-b","1"
"1","render-encoding","first-text","657","baseline","baseline-b","1"
"1","queue-submit","first-text","578","baseline","baseline-b","1"
"1","pre-present-notify","first-text","0","baseline","baseline-b","1"
"1","first-present","first-text","509","baseline","baseline-b","1"
"1","startup-redraw","first-text","1964","baseline","baseline-b","1"
"1","initial-ui-and-pane-layout","first-text","2","baseline","baseline-b","1"
"1","initial-projection","first-text","20","baseline","baseline-b","1"
"1","surface-acquire","first-text","40","baseline","baseline-b","1"
"1","frame-texture-view","first-text","5","baseline","baseline-b","1"
"1","instance-generation","first-text","0","baseline","baseline-b","1"
"1","instance-buffer-writes","first-text","0","baseline","baseline-b","1"
"1","buffer-create-upload","first-text","10","baseline","baseline-b","1"
"1","render-encoding","first-text","120","baseline","baseline-b","1"
"1","queue-submit","first-text","216","baseline","baseline-b","1"
"1","pre-present-notify","first-text","0","baseline","baseline-b","1"
"1","first-present","first-text","117","baseline","baseline-b","1"
"1","startup-redraw","first-text","632","baseline","baseline-b","1"
"1","initial-ui-and-pane-layout","first-text","1","baseline","baseline-b","1"
"1","initial-projection","first-text","16","baseline","baseline-b","1"
"1","surface-acquire","first-text","17","baseline","baseline-b","1"
"1","frame-texture-view","first-text","4","baseline","baseline-b","1"
"1","instance-generation","first-text","0","baseline","baseline-b","1"
"1","instance-buffer-writes","first-text","0","baseline","baseline-b","1"
"1","buffer-create-upload","first-text","10","baseline","baseline-b","1"
"1","render-encoding","first-text","68","baseline","baseline-b","1"
"1","queue-submit","first-text","75","baseline","baseline-b","1"
"1","pre-present-notify","first-text","0","baseline","baseline-b","1"
"1","first-present","first-text","267","baseline","baseline-b","1"
"1","startup-redraw","first-text","567","baseline","baseline-b","1"
"1","initial-ui-and-pane-layout","first-text","5","baseline","baseline-b","1"
"1","initial-projection","first-text","27","baseline","baseline-b","1"
"1","surface-acquire","first-text","52","baseline","baseline-b","1"
"1","frame-texture-view","first-text","5","baseline","baseline-b","1"
"1","instance-generation","first-text","7418","baseline","baseline-b","1"
"1","instance-buffer-allocation","first-text","84","baseline","baseline-b","1"
"1","instance-buffer-writes","first-text","112","baseline","baseline-b","1"
"1","instance-buffer-writes","first-text","146","baseline","baseline-b","1"
"1","buffer-create-upload","first-text","382","baseline","baseline-b","1"
"1","render-encoding","first-text","122","baseline","baseline-b","1"
"1","queue-submit","first-text","154","baseline","baseline-b","1"
"1","pre-present-notify","first-text","0","baseline","baseline-b","1"
"1","first-present","first-text","137","baseline","baseline-b","1"
"1","startup-redraw","first-text","8414","baseline","baseline-b","1"
"2","cli-parse","first-frame","525","baseline","baseline-b","2"
"2","event-loop-create","first-frame","5184","baseline","baseline-b","2"
"2","application-default-state","first-frame","174","baseline","baseline-b","2"
"2","application-state-and-paths","first-frame","212","baseline","baseline-b","2"
"2","config-read-parse","first-frame","237","baseline","baseline-b","2"
"2","workspace-model-and-runtimes","first-frame","12","baseline","baseline-b","2"
"2","window-create-and-branding","first-frame","13982","baseline","baseline-b","2"
"2","system-font-discovery","first-frame","30384","baseline","baseline-b","2"
"2","font-family-resolution","first-frame","11","baseline","baseline-b","2"
"2","fallback-candidate-ordering","first-frame","1213","baseline","baseline-b","2"
"2","font-cache-setup","first-frame","3","baseline","baseline-b","2"
"2","font-family-preparation","first-frame","31666","baseline","baseline-b","2"
"2","font-metrics","first-frame","68","baseline","baseline-b","2"
"2","wgpu-instance","first-frame","6733","baseline","baseline-b","2"
"2","surface-create","first-frame","31","baseline","baseline-b","2"
"2","adapter-request","first-frame","37029","baseline","baseline-b","2"
"2","device-request","first-frame","45236","baseline","baseline-b","2"
"2","surface-capabilities-and-config","first-frame","10","baseline","baseline-b","2"
"2","surface-configure","first-frame","6596","baseline","baseline-b","2"
"2","initial-grid-resize","first-frame","132","baseline","baseline-b","2"
"2","initial-ui-and-pane-layout","first-frame","15","baseline","baseline-b","2"
"2","initial-projection","first-frame","27","baseline","baseline-b","2"
"2","surface-acquire","first-frame","51","baseline","baseline-b","2"
"2","shader-module-create","first-frame","386","baseline","baseline-b","2"
"2","glyph-bind-group-layout","first-frame","55","baseline","baseline-b","2"
"2","shader-and-layout","first-frame","466","baseline","baseline-b","2"
"2","rectangle-pipeline","first-frame","5562","baseline","baseline-b","2"
"2","glyph-pipeline","first-frame","6425","baseline","baseline-b","2"
"2","atlas-texture-create","first-frame","2677","baseline","baseline-b","2"
"2","atlas-view-sampler-bind-group","first-frame","507","baseline","baseline-b","2"
"2","glyph-atlas","first-frame","3287","baseline","baseline-b","2"
"2","frame-texture-view","first-frame","56","baseline","baseline-b","2"
"2","instance-generation","first-frame","6","baseline","baseline-b","2"
"2","instance-buffer-allocation","first-frame","314","baseline","baseline-b","2"
"2","instance-buffer-writes","first-frame","270","baseline","baseline-b","2"
"2","buffer-create-upload","first-frame","638","baseline","baseline-b","2"
"2","render-encoding","first-frame","791","baseline","baseline-b","2"
"2","queue-submit","first-frame","423","baseline","baseline-b","2"
"2","pre-present-notify","first-frame","0","baseline","baseline-b","2"
"2","first-present","first-frame","380","baseline","baseline-b","2"
"2","startup-redraw","first-frame","18387","baseline","baseline-b","2"
"2","initial-ui-and-pane-layout","first-text","6","baseline","baseline-b","2"
"2","initial-projection","first-text","49","baseline","baseline-b","2"
"2","surface-acquire","first-text","44","baseline","baseline-b","2"
"2","frame-texture-view","first-text","13","baseline","baseline-b","2"
"2","instance-generation","first-text","1","baseline","baseline-b","2"
"2","instance-buffer-writes","first-text","0","baseline","baseline-b","2"
"2","buffer-create-upload","first-text","16","baseline","baseline-b","2"
"2","render-encoding","first-text","910","baseline","baseline-b","2"
"2","queue-submit","first-text","605","baseline","baseline-b","2"
"2","pre-present-notify","first-text","0","baseline","baseline-b","2"
"2","first-present","first-text","515","baseline","baseline-b","2"
"2","startup-redraw","first-text","2343","baseline","baseline-b","2"
"2","initial-ui-and-pane-layout","first-text","3","baseline","baseline-b","2"
"2","initial-projection","first-text","22","baseline","baseline-b","2"
"2","surface-acquire","first-text","52","baseline","baseline-b","2"
"2","frame-texture-view","first-text","7","baseline","baseline-b","2"
"2","instance-generation","first-text","0","baseline","baseline-b","2"
"2","instance-buffer-writes","first-text","0","baseline","baseline-b","2"
"2","buffer-create-upload","first-text","10","baseline","baseline-b","2"
"2","render-encoding","first-text","116","baseline","baseline-b","2"
"2","queue-submit","first-text","293","baseline","baseline-b","2"
"2","pre-present-notify","first-text","0","baseline","baseline-b","2"
"2","first-present","first-text","128","baseline","baseline-b","2"
"2","startup-redraw","first-text","732","baseline","baseline-b","2"
"2","initial-ui-and-pane-layout","first-text","2","baseline","baseline-b","2"
"2","initial-projection","first-text","36","baseline","baseline-b","2"
"2","surface-acquire","first-text","25","baseline","baseline-b","2"
"2","frame-texture-view","first-text","4","baseline","baseline-b","2"
"2","instance-generation","first-text","0","baseline","baseline-b","2"
"2","instance-buffer-writes","first-text","0","baseline","baseline-b","2"
"2","buffer-create-upload","first-text","10","baseline","baseline-b","2"
"2","render-encoding","first-text","95","baseline","baseline-b","2"
"2","queue-submit","first-text","103","baseline","baseline-b","2"
"2","pre-present-notify","first-text","0","baseline","baseline-b","2"
"2","first-present","first-text","139","baseline","baseline-b","2"
"2","startup-redraw","first-text","524","baseline","baseline-b","2"
"2","initial-ui-and-pane-layout","first-text","3","baseline","baseline-b","2"
"2","initial-projection","first-text","32","baseline","baseline-b","2"
"2","surface-acquire","first-text","36","baseline","baseline-b","2"
"2","frame-texture-view","first-text","5","baseline","baseline-b","2"
"2","instance-generation","first-text","5855","baseline","baseline-b","2"
"2","instance-buffer-allocation","first-text","81","baseline","baseline-b","2"
"2","instance-buffer-writes","first-text","80","baseline","baseline-b","2"
"2","instance-buffer-writes","first-text","104","baseline","baseline-b","2"
"2","buffer-create-upload","first-text","303","baseline","baseline-b","2"
"2","render-encoding","first-text","136","baseline","baseline-b","2"
"2","queue-submit","first-text","166","baseline","baseline-b","2"
"2","pre-present-notify","first-text","0","baseline","baseline-b","2"
"2","first-present","first-text","146","baseline","baseline-b","2"
"2","startup-redraw","first-text","6797","baseline","baseline-b","2"
"3","cli-parse","first-frame","409","baseline","baseline-b","3"
"3","event-loop-create","first-frame","3850","baseline","baseline-b","3"
"3","application-default-state","first-frame","150","baseline","baseline-b","3"
"3","application-state-and-paths","first-frame","184","baseline","baseline-b","3"
"3","config-read-parse","first-frame","142","baseline","baseline-b","3"
"3","workspace-model-and-runtimes","first-frame","8","baseline","baseline-b","3"
"3","window-create-and-branding","first-frame","12048","baseline","baseline-b","3"
"3","system-font-discovery","first-frame","29126","baseline","baseline-b","3"
"3","font-family-resolution","first-frame","11","baseline","baseline-b","3"
"3","fallback-candidate-ordering","first-frame","1209","baseline","baseline-b","3"
"3","font-cache-setup","first-frame","3","baseline","baseline-b","3"
"3","font-family-preparation","first-frame","30407","baseline","baseline-b","3"
"3","font-metrics","first-frame","60","baseline","baseline-b","3"
"3","wgpu-instance","first-frame","8287","baseline","baseline-b","3"
"3","surface-create","first-frame","30","baseline","baseline-b","3"
"3","adapter-request","first-frame","34801","baseline","baseline-b","3"
"3","device-request","first-frame","42205","baseline","baseline-b","3"
"3","surface-capabilities-and-config","first-frame","10","baseline","baseline-b","3"
"3","surface-configure","first-frame","7937","baseline","baseline-b","3"
"3","initial-grid-resize","first-frame","134","baseline","baseline-b","3"
"3","initial-ui-and-pane-layout","first-frame","27","baseline","baseline-b","3"
"3","initial-projection","first-frame","27","baseline","baseline-b","3"
"3","surface-acquire","first-frame","43","baseline","baseline-b","3"
"3","shader-module-create","first-frame","340","baseline","baseline-b","3"
"3","glyph-bind-group-layout","first-frame","47","baseline","baseline-b","3"
"3","shader-and-layout","first-frame","411","baseline","baseline-b","3"
"3","rectangle-pipeline","first-frame","5631","baseline","baseline-b","3"
"3","glyph-pipeline","first-frame","5118","baseline","baseline-b","3"
"3","atlas-texture-create","first-frame","1795","baseline","baseline-b","3"
"3","atlas-view-sampler-bind-group","first-frame","190","baseline","baseline-b","3"
"3","glyph-atlas","first-frame","2020","baseline","baseline-b","3"
"3","frame-texture-view","first-frame","7","baseline","baseline-b","3"
"3","instance-generation","first-frame","2","baseline","baseline-b","3"
"3","instance-buffer-allocation","first-frame","118","baseline","baseline-b","3"
"3","instance-buffer-writes","first-frame","145","baseline","baseline-b","3"
"3","buffer-create-upload","first-frame","291","baseline","baseline-b","3"
"3","render-encoding","first-frame","503","baseline","baseline-b","3"
"3","queue-submit","first-frame","669","baseline","baseline-b","3"
"3","pre-present-notify","first-frame","0","baseline","baseline-b","3"
"3","first-present","first-frame","315","baseline","baseline-b","3"
"3","startup-redraw","first-frame","15214","baseline","baseline-b","3"
"3","initial-ui-and-pane-layout","first-text","2","baseline","baseline-b","3"
"3","initial-projection","first-text","32","baseline","baseline-b","3"
"3","surface-acquire","first-text","34","baseline","baseline-b","3"
"3","frame-texture-view","first-text","5","baseline","baseline-b","3"
"3","instance-generation","first-text","0","baseline","baseline-b","3"
"3","instance-buffer-writes","first-text","0","baseline","baseline-b","3"
"3","buffer-create-upload","first-text","10","baseline","baseline-b","3"
"3","render-encoding","first-text","896","baseline","baseline-b","3"
"3","queue-submit","first-text","1004","baseline","baseline-b","3"
"3","pre-present-notify","first-text","0","baseline","baseline-b","3"
"3","first-present","first-text","510","baseline","baseline-b","3"
"3","startup-redraw","first-text","2651","baseline","baseline-b","3"
"3","initial-ui-and-pane-layout","first-text","2","baseline","baseline-b","3"
"3","initial-projection","first-text","19","baseline","baseline-b","3"
"3","surface-acquire","first-text","39","baseline","baseline-b","3"
"3","frame-texture-view","first-text","5","baseline","baseline-b","3"
"3","instance-generation","first-text","0","baseline","baseline-b","3"
"3","instance-buffer-writes","first-text","0","baseline","baseline-b","3"
"3","buffer-create-upload","first-text","10","baseline","baseline-b","3"
"3","render-encoding","first-text","109","baseline","baseline-b","3"
"3","queue-submit","first-text","243","baseline","baseline-b","3"
"3","pre-present-notify","first-text","0","baseline","baseline-b","3"
"3","first-present","first-text","126","baseline","baseline-b","3"
"3","startup-redraw","first-text","652","baseline","baseline-b","3"
"3","initial-ui-and-pane-layout","first-text","5","baseline","baseline-b","3"
"3","initial-projection","first-text","19","baseline","baseline-b","3"
"3","surface-acquire","first-text","22","baseline","baseline-b","3"
"3","frame-texture-view","first-text","4","baseline","baseline-b","3"
"3","instance-generation","first-text","0","baseline","baseline-b","3"
"3","instance-buffer-writes","first-text","0","baseline","baseline-b","3"
"3","buffer-create-upload","first-text","9","baseline","baseline-b","3"
"3","render-encoding","first-text","78","baseline","baseline-b","3"
"3","queue-submit","first-text","86","baseline","baseline-b","3"
"3","pre-present-notify","first-text","0","baseline","baseline-b","3"
"3","first-present","first-text","96","baseline","baseline-b","3"
"3","startup-redraw","first-text","414","baseline","baseline-b","3"
"3","initial-ui-and-pane-layout","first-text","3","baseline","baseline-b","3"
"3","initial-projection","first-text","22","baseline","baseline-b","3"
"3","surface-acquire","first-text","38","baseline","baseline-b","3"
"3","frame-texture-view","first-text","5","baseline","baseline-b","3"
"3","instance-generation","first-text","8355","baseline","baseline-b","3"
"3","instance-buffer-allocation","first-text","262","baseline","baseline-b","3"
"3","instance-buffer-writes","first-text","172","baseline","baseline-b","3"
"3","instance-buffer-writes","first-text","181","baseline","baseline-b","3"
"3","buffer-create-upload","first-text","658","baseline","baseline-b","3"
"3","render-encoding","first-text","117","baseline","baseline-b","3"
"3","queue-submit","first-text","141","baseline","baseline-b","3"
"3","pre-present-notify","first-text","0","baseline","baseline-b","3"
"3","first-present","first-text","139","baseline","baseline-b","3"
"3","startup-redraw","first-text","9596","baseline","baseline-b","3"
"4","cli-parse","first-frame","446","baseline","baseline-b","4"
"4","event-loop-create","first-frame","4016","baseline","baseline-b","4"
"4","application-default-state","first-frame","157","baseline","baseline-b","4"
"4","application-state-and-paths","first-frame","195","baseline","baseline-b","4"
"4","config-read-parse","first-frame","240","baseline","baseline-b","4"
"4","workspace-model-and-runtimes","first-frame","12","baseline","baseline-b","4"
"4","window-create-and-branding","first-frame","13140","baseline","baseline-b","4"
"4","system-font-discovery","first-frame","29571","baseline","baseline-b","4"
"4","font-family-resolution","first-frame","10","baseline","baseline-b","4"
"4","fallback-candidate-ordering","first-frame","1331","baseline","baseline-b","4"
"4","font-cache-setup","first-frame","4","baseline","baseline-b","4"
"4","font-family-preparation","first-frame","30978","baseline","baseline-b","4"
"4","font-metrics","first-frame","85","baseline","baseline-b","4"
"4","wgpu-instance","first-frame","6211","baseline","baseline-b","4"
"4","surface-create","first-frame","27","baseline","baseline-b","4"
"4","adapter-request","first-frame","32262","baseline","baseline-b","4"
"4","device-request","first-frame","39774","baseline","baseline-b","4"
"4","surface-capabilities-and-config","first-frame","8","baseline","baseline-b","4"
"4","surface-configure","first-frame","4312","baseline","baseline-b","4"
"4","initial-grid-resize","first-frame","104","baseline","baseline-b","4"
"4","initial-ui-and-pane-layout","first-frame","3","baseline","baseline-b","4"
"4","initial-projection","first-frame","23","baseline","baseline-b","4"
"4","surface-acquire","first-frame","42","baseline","baseline-b","4"
"4","shader-module-create","first-frame","364","baseline","baseline-b","4"
"4","glyph-bind-group-layout","first-frame","44","baseline","baseline-b","4"
"4","shader-and-layout","first-frame","431","baseline","baseline-b","4"
"4","rectangle-pipeline","first-frame","5025","baseline","baseline-b","4"
"4","glyph-pipeline","first-frame","5039","baseline","baseline-b","4"
"4","atlas-texture-create","first-frame","1207","baseline","baseline-b","4"
"4","atlas-view-sampler-bind-group","first-frame","140","baseline","baseline-b","4"
"4","glyph-atlas","first-frame","1384","baseline","baseline-b","4"
"4","frame-texture-view","first-frame","7","baseline","baseline-b","4"
"4","instance-generation","first-frame","2","baseline","baseline-b","4"
"4","instance-buffer-allocation","first-frame","78","baseline","baseline-b","4"
"4","instance-buffer-writes","first-frame","80","baseline","baseline-b","4"
"4","buffer-create-upload","first-frame","180","baseline","baseline-b","4"
"4","render-encoding","first-frame","554","baseline","baseline-b","4"
"4","queue-submit","first-frame","357","baseline","baseline-b","4"
"4","pre-present-notify","first-frame","0","baseline","baseline-b","4"
"4","first-present","first-frame","313","baseline","baseline-b","4"
"4","startup-redraw","first-frame","13532","baseline","baseline-b","4"
"4","initial-ui-and-pane-layout","first-text","4","baseline","baseline-b","4"
"4","initial-projection","first-text","31","baseline","baseline-b","4"
"4","surface-acquire","first-text","39","baseline","baseline-b","4"
"4","frame-texture-view","first-text","5","baseline","baseline-b","4"
"4","instance-generation","first-text","0","baseline","baseline-b","4"
"4","instance-buffer-writes","first-text","0","baseline","baseline-b","4"
"4","buffer-create-upload","first-text","11","baseline","baseline-b","4"
"4","render-encoding","first-text","670","baseline","baseline-b","4"
"4","queue-submit","first-text","731","baseline","baseline-b","4"
"4","pre-present-notify","first-text","0","baseline","baseline-b","4"
"4","first-present","first-text","457","baseline","baseline-b","4"
"4","startup-redraw","first-text","2081","baseline","baseline-b","4"
"4","initial-ui-and-pane-layout","first-text","3","baseline","baseline-b","4"
"4","initial-projection","first-text","20","baseline","baseline-b","4"
"4","surface-acquire","first-text","38","baseline","baseline-b","4"
"4","frame-texture-view","first-text","5","baseline","baseline-b","4"
"4","instance-generation","first-text","0","baseline","baseline-b","4"
"4","instance-buffer-writes","first-text","0","baseline","baseline-b","4"
"4","buffer-create-upload","first-text","9","baseline","baseline-b","4"
"4","render-encoding","first-text","108","baseline","baseline-b","4"
"4","queue-submit","first-text","257","baseline","baseline-b","4"
"4","pre-present-notify","first-text","0","baseline","baseline-b","4"
"4","first-present","first-text","120","baseline","baseline-b","4"
"4","startup-redraw","first-text","660","baseline","baseline-b","4"
"4","initial-ui-and-pane-layout","first-text","2","baseline","baseline-b","4"
"4","initial-projection","first-text","24","baseline","baseline-b","4"
"4","surface-acquire","first-text","22","baseline","baseline-b","4"
"4","frame-texture-view","first-text","4","baseline","baseline-b","4"
"4","instance-generation","first-text","0","baseline","baseline-b","4"
"4","instance-buffer-writes","first-text","0","baseline","baseline-b","4"
"4","buffer-create-upload","first-text","9","baseline","baseline-b","4"
"4","render-encoding","first-text","77","baseline","baseline-b","4"
"4","queue-submit","first-text","81","baseline","baseline-b","4"
"4","pre-present-notify","first-text","0","baseline","baseline-b","4"
"4","first-present","first-text","119","baseline","baseline-b","4"
"4","startup-redraw","first-text","438","baseline","baseline-b","4"
"4","initial-ui-and-pane-layout","first-text","3","baseline","baseline-b","4"
"4","initial-projection","first-text","42","baseline","baseline-b","4"
"4","surface-acquire","first-text","42","baseline","baseline-b","4"
"4","frame-texture-view","first-text","8","baseline","baseline-b","4"
"4","instance-generation","first-text","6522","baseline","baseline-b","4"
"4","instance-buffer-allocation","first-text","113","baseline","baseline-b","4"
"4","instance-buffer-writes","first-text","98","baseline","baseline-b","4"
"4","instance-buffer-writes","first-text","190","baseline","baseline-b","4"
"4","buffer-create-upload","first-text","446","baseline","baseline-b","4"
"4","render-encoding","first-text","105","baseline","baseline-b","4"
"4","queue-submit","first-text","189","baseline","baseline-b","4"
"4","pre-present-notify","first-text","0","baseline","baseline-b","4"
"4","first-present","first-text","145","baseline","baseline-b","4"
"4","startup-redraw","first-text","7639","baseline","baseline-b","4"
"5","cli-parse","first-frame","429","baseline","baseline-b","5"
"5","event-loop-create","first-frame","3705","baseline","baseline-b","5"
"5","application-default-state","first-frame","168","baseline","baseline-b","5"
"5","application-state-and-paths","first-frame","216","baseline","baseline-b","5"
"5","config-read-parse","first-frame","160","baseline","baseline-b","5"
"5","workspace-model-and-runtimes","first-frame","10","baseline","baseline-b","5"
"5","window-create-and-branding","first-frame","12765","baseline","baseline-b","5"
"5","system-font-discovery","first-frame","30083","baseline","baseline-b","5"
"5","font-family-resolution","first-frame","11","baseline","baseline-b","5"
"5","fallback-candidate-ordering","first-frame","1278","baseline","baseline-b","5"
"5","font-cache-setup","first-frame","4","baseline","baseline-b","5"
"5","font-family-preparation","first-frame","31431","baseline","baseline-b","5"
"5","font-metrics","first-frame","83","baseline","baseline-b","5"
"5","wgpu-instance","first-frame","6801","baseline","baseline-b","5"
"5","surface-create","first-frame","30","baseline","baseline-b","5"
"5","adapter-request","first-frame","34742","baseline","baseline-b","5"
"5","device-request","first-frame","38629","baseline","baseline-b","5"
"5","surface-capabilities-and-config","first-frame","10","baseline","baseline-b","5"
"5","surface-configure","first-frame","5601","baseline","baseline-b","5"
"5","initial-grid-resize","first-frame","145","baseline","baseline-b","5"
"5","initial-ui-and-pane-layout","first-frame","3","baseline","baseline-b","5"
"5","initial-projection","first-frame","26","baseline","baseline-b","5"
"5","surface-acquire","first-frame","41","baseline","baseline-b","5"
"5","shader-module-create","first-frame","336","baseline","baseline-b","5"
"5","glyph-bind-group-layout","first-frame","46","baseline","baseline-b","5"
"5","shader-and-layout","first-frame","404","baseline","baseline-b","5"
"5","rectangle-pipeline","first-frame","5748","baseline","baseline-b","5"
"5","glyph-pipeline","first-frame","6422","baseline","baseline-b","5"
"5","atlas-texture-create","first-frame","1732","baseline","baseline-b","5"
"5","atlas-view-sampler-bind-group","first-frame","318","baseline","baseline-b","5"
"5","glyph-atlas","first-frame","2236","baseline","baseline-b","5"
"5","frame-texture-view","first-frame","14","baseline","baseline-b","5"
"5","instance-generation","first-frame","3","baseline","baseline-b","5"
"5","instance-buffer-allocation","first-frame","169","baseline","baseline-b","5"
"5","instance-buffer-writes","first-frame","130","baseline","baseline-b","5"
"5","buffer-create-upload","first-frame","331","baseline","baseline-b","5"
"5","render-encoding","first-frame","650","baseline","baseline-b","5"
"5","queue-submit","first-frame","543","baseline","baseline-b","5"
"5","pre-present-notify","first-frame","0","baseline","baseline-b","5"
"5","first-present","first-frame","368","baseline","baseline-b","5"
"5","startup-redraw","first-frame","17001","baseline","baseline-b","5"
"5","initial-ui-and-pane-layout","first-text","1","baseline","baseline-b","5"
"5","initial-projection","first-text","30","baseline","baseline-b","5"
"5","surface-acquire","first-text","36","baseline","baseline-b","5"
"5","frame-texture-view","first-text","5","baseline","baseline-b","5"
"5","instance-generation","first-text","0","baseline","baseline-b","5"
"5","instance-buffer-writes","first-text","0","baseline","baseline-b","5"
"5","buffer-create-upload","first-text","11","baseline","baseline-b","5"
"5","render-encoding","first-text","1135","baseline","baseline-b","5"
"5","queue-submit","first-text","1029","baseline","baseline-b","5"
"5","pre-present-notify","first-text","0","baseline","baseline-b","5"
"5","first-present","first-text","720","baseline","baseline-b","5"
"5","startup-redraw","first-text","3130","baseline","baseline-b","5"
"5","initial-ui-and-pane-layout","first-text","2","baseline","baseline-b","5"
"5","initial-projection","first-text","18","baseline","baseline-b","5"
"5","surface-acquire","first-text","37","baseline","baseline-b","5"
"5","frame-texture-view","first-text","5","baseline","baseline-b","5"
"5","instance-generation","first-text","0","baseline","baseline-b","5"
"5","instance-buffer-writes","first-text","0","baseline","baseline-b","5"
"5","buffer-create-upload","first-text","10","baseline","baseline-b","5"
"5","render-encoding","first-text","106","baseline","baseline-b","5"
"5","queue-submit","first-text","231","baseline","baseline-b","5"
"5","pre-present-notify","first-text","0","baseline","baseline-b","5"
"5","first-present","first-text","129","baseline","baseline-b","5"
"5","startup-redraw","first-text","646","baseline","baseline-b","5"
"5","initial-ui-and-pane-layout","first-text","1","baseline","baseline-b","5"
"5","initial-projection","first-text","22","baseline","baseline-b","5"
"5","surface-acquire","first-text","33","baseline","baseline-b","5"
"5","frame-texture-view","first-text","6","baseline","baseline-b","5"
"5","instance-generation","first-text","0","baseline","baseline-b","5"
"5","instance-buffer-writes","first-text","0","baseline","baseline-b","5"
"5","buffer-create-upload","first-text","10","baseline","baseline-b","5"
"5","render-encoding","first-text","94","baseline","baseline-b","5"
"5","queue-submit","first-text","101","baseline","baseline-b","5"
"5","pre-present-notify","first-text","0","baseline","baseline-b","5"
"5","first-present","first-text","212","baseline","baseline-b","5"
"5","startup-redraw","first-text","675","baseline","baseline-b","5"
"5","initial-ui-and-pane-layout","first-text","2","baseline","baseline-b","5"
"5","initial-projection","first-text","26","baseline","baseline-b","5"
"5","surface-acquire","first-text","37","baseline","baseline-b","5"
"5","frame-texture-view","first-text","19","baseline","baseline-b","5"
"5","instance-generation","first-text","5383","baseline","baseline-b","5"
"5","instance-buffer-allocation","first-text","87","baseline","baseline-b","5"
"5","instance-buffer-writes","first-text","80","baseline","baseline-b","5"
"5","instance-buffer-writes","first-text","109","baseline","baseline-b","5"
"5","buffer-create-upload","first-text","312","baseline","baseline-b","5"
"5","render-encoding","first-text","100","baseline","baseline-b","5"
"5","queue-submit","first-text","146","baseline","baseline-b","5"
"5","pre-present-notify","first-text","0","baseline","baseline-b","5"
"5","first-present","first-text","148","baseline","baseline-b","5"
"5","startup-redraw","first-text","6282","baseline","baseline-b","5"
"6","cli-parse","first-frame","436","baseline","baseline-b","6"
"6","event-loop-create","first-frame","3460","baseline","baseline-b","6"
"6","application-default-state","first-frame","143","baseline","baseline-b","6"
"6","application-state-and-paths","first-frame","180","baseline","baseline-b","6"
"6","config-read-parse","first-frame","155","baseline","baseline-b","6"
"6","workspace-model-and-runtimes","first-frame","9","baseline","baseline-b","6"
"6","window-create-and-branding","first-frame","12421","baseline","baseline-b","6"
"6","system-font-discovery","first-frame","29756","baseline","baseline-b","6"
"6","font-family-resolution","first-frame","11","baseline","baseline-b","6"
"6","fallback-candidate-ordering","first-frame","1213","baseline","baseline-b","6"
"6","font-cache-setup","first-frame","5","baseline","baseline-b","6"
"6","font-family-preparation","first-frame","31042","baseline","baseline-b","6"
"6","font-metrics","first-frame","86","baseline","baseline-b","6"
"6","wgpu-instance","first-frame","6066","baseline","baseline-b","6"
"6","surface-create","first-frame","26","baseline","baseline-b","6"
"6","adapter-request","first-frame","32139","baseline","baseline-b","6"
"6","device-request","first-frame","36471","baseline","baseline-b","6"
"6","surface-capabilities-and-config","first-frame","10","baseline","baseline-b","6"
"6","surface-configure","first-frame","4445","baseline","baseline-b","6"
"6","initial-grid-resize","first-frame","100","baseline","baseline-b","6"
"6","initial-ui-and-pane-layout","first-frame","16","baseline","baseline-b","6"
"6","initial-projection","first-frame","23","baseline","baseline-b","6"
"6","surface-acquire","first-frame","52","baseline","baseline-b","6"
"6","shader-module-create","first-frame","308","baseline","baseline-b","6"
"6","glyph-bind-group-layout","first-frame","101","baseline","baseline-b","6"
"6","shader-and-layout","first-frame","432","baseline","baseline-b","6"
"6","rectangle-pipeline","first-frame","4598","baseline","baseline-b","6"
"6","glyph-pipeline","first-frame","4719","baseline","baseline-b","6"
"6","atlas-texture-create","first-frame","1284","baseline","baseline-b","6"
"6","atlas-view-sampler-bind-group","first-frame","152","baseline","baseline-b","6"
"6","glyph-atlas","first-frame","1470","baseline","baseline-b","6"
"6","frame-texture-view","first-frame","11","baseline","baseline-b","6"
"6","instance-generation","first-frame","2","baseline","baseline-b","6"
"6","instance-buffer-allocation","first-frame","67","baseline","baseline-b","6"
"6","instance-buffer-writes","first-frame","99","baseline","baseline-b","6"
"6","buffer-create-upload","first-frame","198","baseline","baseline-b","6"
"6","render-encoding","first-frame","697","baseline","baseline-b","6"
"6","queue-submit","first-frame","550","baseline","baseline-b","6"
"6","pre-present-notify","first-frame","0","baseline","baseline-b","6"
"6","first-present","first-frame","334","baseline","baseline-b","6"
"6","startup-redraw","first-frame","13280","baseline","baseline-b","6"
"6","initial-ui-and-pane-layout","first-text","2","baseline","baseline-b","6"
"6","initial-projection","first-text","24","baseline","baseline-b","6"
"6","surface-acquire","first-text","35","baseline","baseline-b","6"
"6","frame-texture-view","first-text","5","baseline","baseline-b","6"
"6","instance-generation","first-text","0","baseline","baseline-b","6"
"6","instance-buffer-writes","first-text","0","baseline","baseline-b","6"
"6","buffer-create-upload","first-text","9","baseline","baseline-b","6"
"6","render-encoding","first-text","801","baseline","baseline-b","6"
"6","queue-submit","first-text","623","baseline","baseline-b","6"
"6","pre-present-notify","first-text","0","baseline","baseline-b","6"
"6","first-present","first-text","546","baseline","baseline-b","6"
"6","startup-redraw","first-text","2174","baseline","baseline-b","6"
"6","initial-ui-and-pane-layout","first-text","2","baseline","baseline-b","6"
"6","initial-projection","first-text","23","baseline","baseline-b","6"
"6","surface-acquire","first-text","36","baseline","baseline-b","6"
"6","frame-texture-view","first-text","5","baseline","baseline-b","6"
"6","instance-generation","first-text","0","baseline","baseline-b","6"
"6","instance-buffer-writes","first-text","0","baseline","baseline-b","6"
"6","buffer-create-upload","first-text","9","baseline","baseline-b","6"
"6","render-encoding","first-text","106","baseline","baseline-b","6"
"6","queue-submit","first-text","209","baseline","baseline-b","6"
"6","pre-present-notify","first-text","0","baseline","baseline-b","6"
"6","first-present","first-text","180","baseline","baseline-b","6"
"6","startup-redraw","first-text","672","baseline","baseline-b","6"
"6","initial-ui-and-pane-layout","first-text","3","baseline","baseline-b","6"
"6","initial-projection","first-text","38","baseline","baseline-b","6"
"6","surface-acquire","first-text","35","baseline","baseline-b","6"
"6","frame-texture-view","first-text","7","baseline","baseline-b","6"
"6","instance-generation","first-text","0","baseline","baseline-b","6"
"6","instance-buffer-writes","first-text","0","baseline","baseline-b","6"
"6","buffer-create-upload","first-text","20","baseline","baseline-b","6"
"6","render-encoding","first-text","149","baseline","baseline-b","6"
"6","queue-submit","first-text","87","baseline","baseline-b","6"
"6","pre-present-notify","first-text","0","baseline","baseline-b","6"
"6","first-present","first-text","89","baseline","baseline-b","6"
"6","startup-redraw","first-text","581","baseline","baseline-b","6"
"6","initial-ui-and-pane-layout","first-text","2","baseline","baseline-b","6"
"6","initial-projection","first-text","29","baseline","baseline-b","6"
"6","surface-acquire","first-text","35","baseline","baseline-b","6"
"6","frame-texture-view","first-text","5","baseline","baseline-b","6"
"6","instance-generation","first-text","6262","baseline","baseline-b","6"
"6","instance-buffer-allocation","first-text","103","baseline","baseline-b","6"
"6","instance-buffer-writes","first-text","101","baseline","baseline-b","6"
"6","instance-buffer-writes","first-text","119","baseline","baseline-b","6"
"6","buffer-create-upload","first-text","372","baseline","baseline-b","6"
"6","render-encoding","first-text","106","baseline","baseline-b","6"
"6","queue-submit","first-text","142","baseline","baseline-b","6"
"6","pre-present-notify","first-text","0","baseline","baseline-b","6"
"6","first-present","first-text","134","baseline","baseline-b","6"
"6","startup-redraw","first-text","7194","baseline","baseline-b","6"
"7","cli-parse","first-frame","432","baseline","baseline-b","7"
"7","event-loop-create","first-frame","4990","baseline","baseline-b","7"
"7","application-default-state","first-frame","162","baseline","baseline-b","7"
"7","application-state-and-paths","first-frame","203","baseline","baseline-b","7"
"7","config-read-parse","first-frame","191","baseline","baseline-b","7"
"7","workspace-model-and-runtimes","first-frame","10","baseline","baseline-b","7"
"7","window-create-and-branding","first-frame","15311","baseline","baseline-b","7"
"7","system-font-discovery","first-frame","28468","baseline","baseline-b","7"
"7","font-family-resolution","first-frame","10","baseline","baseline-b","7"
"7","fallback-candidate-ordering","first-frame","1314","baseline","baseline-b","7"
"7","font-cache-setup","first-frame","4","baseline","baseline-b","7"
"7","font-family-preparation","first-frame","29854","baseline","baseline-b","7"
"7","font-metrics","first-frame","81","baseline","baseline-b","7"
"7","wgpu-instance","first-frame","6915","baseline","baseline-b","7"
"7","surface-create","first-frame","27","baseline","baseline-b","7"
"7","adapter-request","first-frame","39208","baseline","baseline-b","7"
"7","device-request","first-frame","40832","baseline","baseline-b","7"
"7","surface-capabilities-and-config","first-frame","10","baseline","baseline-b","7"
"7","surface-configure","first-frame","5911","baseline","baseline-b","7"
"7","initial-grid-resize","first-frame","116","baseline","baseline-b","7"
"7","initial-ui-and-pane-layout","first-frame","4","baseline","baseline-b","7"
"7","initial-projection","first-frame","26","baseline","baseline-b","7"
"7","surface-acquire","first-frame","50","baseline","baseline-b","7"
"7","shader-module-create","first-frame","332","baseline","baseline-b","7"
"7","glyph-bind-group-layout","first-frame","50","baseline","baseline-b","7"
"7","shader-and-layout","first-frame","404","baseline","baseline-b","7"
"7","rectangle-pipeline","first-frame","5288","baseline","baseline-b","7"
"7","glyph-pipeline","first-frame","6357","baseline","baseline-b","7"
"7","atlas-texture-create","first-frame","1224","baseline","baseline-b","7"
"7","atlas-view-sampler-bind-group","first-frame","215","baseline","baseline-b","7"
"7","glyph-atlas","first-frame","1485","baseline","baseline-b","7"
"7","frame-texture-view","first-frame","10","baseline","baseline-b","7"
"7","instance-generation","first-frame","3","baseline","baseline-b","7"
"7","instance-buffer-allocation","first-frame","128","baseline","baseline-b","7"
"7","instance-buffer-writes","first-frame","144","baseline","baseline-b","7"
"7","buffer-create-upload","first-frame","311","baseline","baseline-b","7"
"7","render-encoding","first-frame","497","baseline","baseline-b","7"
"7","queue-submit","first-frame","424","baseline","baseline-b","7"
"7","pre-present-notify","first-frame","0","baseline","baseline-b","7"
"7","first-present","first-frame","409","baseline","baseline-b","7"
"7","startup-redraw","first-frame","15446","baseline","baseline-b","7"
"7","initial-ui-and-pane-layout","first-text","1","baseline","baseline-b","7"
"7","initial-projection","first-text","30","baseline","baseline-b","7"
"7","surface-acquire","first-text","35","baseline","baseline-b","7"
"7","frame-texture-view","first-text","5","baseline","baseline-b","7"
"7","instance-generation","first-text","0","baseline","baseline-b","7"
"7","instance-buffer-writes","first-text","0","baseline","baseline-b","7"
"7","buffer-create-upload","first-text","10","baseline","baseline-b","7"
"7","render-encoding","first-text","824","baseline","baseline-b","7"
"7","queue-submit","first-text","685","baseline","baseline-b","7"
"7","pre-present-notify","first-text","0","baseline","baseline-b","7"
"7","first-present","first-text","319","baseline","baseline-b","7"
"7","startup-redraw","first-text","2041","baseline","baseline-b","7"
"7","initial-ui-and-pane-layout","first-text","3","baseline","baseline-b","7"
"7","initial-projection","first-text","30","baseline","baseline-b","7"
"7","surface-acquire","first-text","48","baseline","baseline-b","7"
"7","frame-texture-view","first-text","5","baseline","baseline-b","7"
"7","instance-generation","first-text","0","baseline","baseline-b","7"
"7","instance-buffer-writes","first-text","0","baseline","baseline-b","7"
"7","buffer-create-upload","first-text","10","baseline","baseline-b","7"
"7","render-encoding","first-text","107","baseline","baseline-b","7"
"7","queue-submit","first-text","300","baseline","baseline-b","7"
"7","pre-present-notify","first-text","0","baseline","baseline-b","7"
"7","first-present","first-text","162","baseline","baseline-b","7"
"7","startup-redraw","first-text","787","baseline","baseline-b","7"
"7","initial-ui-and-pane-layout","first-text","2","baseline","baseline-b","7"
"7","initial-projection","first-text","27","baseline","baseline-b","7"
"7","surface-acquire","first-text","37","baseline","baseline-b","7"
"7","frame-texture-view","first-text","5","baseline","baseline-b","7"
"7","instance-generation","first-text","5749","baseline","baseline-b","7"
"7","instance-buffer-allocation","first-text","94","baseline","baseline-b","7"
"7","instance-buffer-writes","first-text","85","baseline","baseline-b","7"
"7","instance-buffer-writes","first-text","113","baseline","baseline-b","7"
"7","buffer-create-upload","first-text","338","baseline","baseline-b","7"
"7","render-encoding","first-text","108","baseline","baseline-b","7"
"7","queue-submit","first-text","182","baseline","baseline-b","7"
"7","pre-present-notify","first-text","0","baseline","baseline-b","7"
"7","first-present","first-text","135","baseline","baseline-b","7"
"7","startup-redraw","first-text","6697","baseline","baseline-b","7"
"8","cli-parse","first-frame","450","baseline","baseline-b","8"
"8","event-loop-create","first-frame","3049","baseline","baseline-b","8"
"8","application-default-state","first-frame","157","baseline","baseline-b","8"
"8","application-state-and-paths","first-frame","190","baseline","baseline-b","8"
"8","config-read-parse","first-frame","157","baseline","baseline-b","8"
"8","workspace-model-and-runtimes","first-frame","9","baseline","baseline-b","8"
"8","window-create-and-branding","first-frame","11828","baseline","baseline-b","8"
"8","system-font-discovery","first-frame","28245","baseline","baseline-b","8"
"8","font-family-resolution","first-frame","13","baseline","baseline-b","8"
"8","fallback-candidate-ordering","first-frame","1246","baseline","baseline-b","8"
"8","font-cache-setup","first-frame","4","baseline","baseline-b","8"
"8","font-family-preparation","first-frame","29565","baseline","baseline-b","8"
"8","font-metrics","first-frame","78","baseline","baseline-b","8"
"8","wgpu-instance","first-frame","6778","baseline","baseline-b","8"
"8","surface-create","first-frame","30","baseline","baseline-b","8"
"8","adapter-request","first-frame","33774","baseline","baseline-b","8"
"8","device-request","first-frame","36762","baseline","baseline-b","8"
"8","surface-capabilities-and-config","first-frame","9","baseline","baseline-b","8"
"8","surface-configure","first-frame","4183","baseline","baseline-b","8"
"8","initial-grid-resize","first-frame","135","baseline","baseline-b","8"
"8","initial-ui-and-pane-layout","first-frame","13","baseline","baseline-b","8"
"8","initial-projection","first-frame","26","baseline","baseline-b","8"
"8","surface-acquire","first-frame","47","baseline","baseline-b","8"
"8","shader-module-create","first-frame","338","baseline","baseline-b","8"
"8","glyph-bind-group-layout","first-frame","45","baseline","baseline-b","8"
"8","shader-and-layout","first-frame","402","baseline","baseline-b","8"
"8","rectangle-pipeline","first-frame","7178","baseline","baseline-b","8"
"8","glyph-pipeline","first-frame","5509","baseline","baseline-b","8"
"8","atlas-texture-create","first-frame","1288","baseline","baseline-b","8"
"8","atlas-view-sampler-bind-group","first-frame","225","baseline","baseline-b","8"
"8","glyph-atlas","first-frame","1550","baseline","baseline-b","8"
"8","frame-texture-view","first-frame","7","baseline","baseline-b","8"
"8","instance-generation","first-frame","3","baseline","baseline-b","8"
"8","instance-buffer-allocation","first-frame","176","baseline","baseline-b","8"
"8","instance-buffer-writes","first-frame","186","baseline","baseline-b","8"
"8","buffer-create-upload","first-frame","411","baseline","baseline-b","8"
"8","render-encoding","first-frame","579","baseline","baseline-b","8"
"8","queue-submit","first-frame","328","baseline","baseline-b","8"
"8","pre-present-notify","first-frame","0","baseline","baseline-b","8"
"8","first-present","first-frame","795","baseline","baseline-b","8"
"8","startup-redraw","first-frame","17043","baseline","baseline-b","8"
"8","initial-ui-and-pane-layout","first-text","1","baseline","baseline-b","8"
"8","initial-projection","first-text","24","baseline","baseline-b","8"
"8","surface-acquire","first-text","33","baseline","baseline-b","8"
"8","frame-texture-view","first-text","5","baseline","baseline-b","8"
"8","instance-generation","first-text","0","baseline","baseline-b","8"
"8","instance-buffer-writes","first-text","0","baseline","baseline-b","8"
"8","buffer-create-upload","first-text","9","baseline","baseline-b","8"
"8","render-encoding","first-text","754","baseline","baseline-b","8"
"8","queue-submit","first-text","623","baseline","baseline-b","8"
"8","pre-present-notify","first-text","0","baseline","baseline-b","8"
"8","first-present","first-text","518","baseline","baseline-b","8"
"8","startup-redraw","first-text","2103","baseline","baseline-b","8"
"8","initial-ui-and-pane-layout","first-text","2","baseline","baseline-b","8"
"8","initial-projection","first-text","18","baseline","baseline-b","8"
"8","surface-acquire","first-text","38","baseline","baseline-b","8"
"8","frame-texture-view","first-text","5","baseline","baseline-b","8"
"8","instance-generation","first-text","0","baseline","baseline-b","8"
"8","instance-buffer-writes","first-text","0","baseline","baseline-b","8"
"8","buffer-create-upload","first-text","9","baseline","baseline-b","8"
"8","render-encoding","first-text","105","baseline","baseline-b","8"
"8","queue-submit","first-text","228","baseline","baseline-b","8"
"8","pre-present-notify","first-text","0","baseline","baseline-b","8"
"8","first-present","first-text","119","baseline","baseline-b","8"
"8","startup-redraw","first-text","624","baseline","baseline-b","8"
"8","initial-ui-and-pane-layout","first-text","2","baseline","baseline-b","8"
"8","initial-projection","first-text","20","baseline","baseline-b","8"
"8","surface-acquire","first-text","25","baseline","baseline-b","8"
"8","frame-texture-view","first-text","6","baseline","baseline-b","8"
"8","instance-generation","first-text","1","baseline","baseline-b","8"
"8","instance-buffer-writes","first-text","0","baseline","baseline-b","8"
"8","buffer-create-upload","first-text","9","baseline","baseline-b","8"
"8","render-encoding","first-text","74","baseline","baseline-b","8"
"8","queue-submit","first-text","86","baseline","baseline-b","8"
"8","pre-present-notify","first-text","0","baseline","baseline-b","8"
"8","first-present","first-text","120","baseline","baseline-b","8"
"8","startup-redraw","first-text","450","baseline","baseline-b","8"
"8","initial-ui-and-pane-layout","first-text","2","baseline","baseline-b","8"
"8","initial-projection","first-text","27","baseline","baseline-b","8"
"8","surface-acquire","first-text","35","baseline","baseline-b","8"
"8","frame-texture-view","first-text","5","baseline","baseline-b","8"
"8","instance-generation","first-text","5775","baseline","baseline-b","8"
"8","instance-buffer-allocation","first-text","92","baseline","baseline-b","8"
"8","instance-buffer-writes","first-text","91","baseline","baseline-b","8"
"8","instance-buffer-writes","first-text","109","baseline","baseline-b","8"
"8","buffer-create-upload","first-text","338","baseline","baseline-b","8"
"8","render-encoding","first-text","98","baseline","baseline-b","8"
"8","queue-submit","first-text","136","baseline","baseline-b","8"
"8","pre-present-notify","first-text","0","baseline","baseline-b","8"
"8","first-present","first-text","133","baseline","baseline-b","8"
"8","startup-redraw","first-text","6658","baseline","baseline-b","8"
"9","cli-parse","first-frame","492","baseline","baseline-b","9"
"9","event-loop-create","first-frame","3629","baseline","baseline-b","9"
"9","application-default-state","first-frame","154","baseline","baseline-b","9"
"9","application-state-and-paths","first-frame","191","baseline","baseline-b","9"
"9","config-read-parse","first-frame","152","baseline","baseline-b","9"
"9","workspace-model-and-runtimes","first-frame","8","baseline","baseline-b","9"
"9","window-create-and-branding","first-frame","13098","baseline","baseline-b","9"
"9","system-font-discovery","first-frame","29805","baseline","baseline-b","9"
"9","font-family-resolution","first-frame","12","baseline","baseline-b","9"
"9","fallback-candidate-ordering","first-frame","1225","baseline","baseline-b","9"
"9","font-cache-setup","first-frame","3","baseline","baseline-b","9"
"9","font-family-preparation","first-frame","31104","baseline","baseline-b","9"
"9","font-metrics","first-frame","80","baseline","baseline-b","9"
"9","wgpu-instance","first-frame","7619","baseline","baseline-b","9"
"9","surface-create","first-frame","28","baseline","baseline-b","9"
"9","adapter-request","first-frame","35887","baseline","baseline-b","9"
"9","device-request","first-frame","40953","baseline","baseline-b","9"
"9","surface-capabilities-and-config","first-frame","23","baseline","baseline-b","9"
"9","surface-configure","first-frame","5657","baseline","baseline-b","9"
"9","initial-grid-resize","first-frame","163","baseline","baseline-b","9"
"9","initial-ui-and-pane-layout","first-frame","13","baseline","baseline-b","9"
"9","initial-projection","first-frame","26","baseline","baseline-b","9"
"9","surface-acquire","first-frame","49","baseline","baseline-b","9"
"9","shader-module-create","first-frame","337","baseline","baseline-b","9"
"9","glyph-bind-group-layout","first-frame","51","baseline","baseline-b","9"
"9","shader-and-layout","first-frame","412","baseline","baseline-b","9"
"9","rectangle-pipeline","first-frame","5786","baseline","baseline-b","9"
"9","glyph-pipeline","first-frame","6939","baseline","baseline-b","9"
"9","atlas-texture-create","first-frame","1587","baseline","baseline-b","9"
"9","atlas-view-sampler-bind-group","first-frame","300","baseline","baseline-b","9"
"9","glyph-atlas","first-frame","1938","baseline","baseline-b","9"
"9","frame-texture-view","first-frame","12","baseline","baseline-b","9"
"9","instance-generation","first-frame","3","baseline","baseline-b","9"
"9","instance-buffer-allocation","first-frame","397","baseline","baseline-b","9"
"9","instance-buffer-writes","first-frame","140","baseline","baseline-b","9"
"9","buffer-create-upload","first-frame","575","baseline","baseline-b","9"
"9","render-encoding","first-frame","676","baseline","baseline-b","9"
"9","queue-submit","first-frame","493","baseline","baseline-b","9"
"9","pre-present-notify","first-frame","0","baseline","baseline-b","9"
"9","first-present","first-frame","350","baseline","baseline-b","9"
"9","startup-redraw","first-frame","17455","baseline","baseline-b","9"
"9","initial-ui-and-pane-layout","first-text","3","baseline","baseline-b","9"
"9","initial-projection","first-text","37","baseline","baseline-b","9"
"9","surface-acquire","first-text","47","baseline","baseline-b","9"
"9","frame-texture-view","first-text","11","baseline","baseline-b","9"
"9","instance-generation","first-text","1","baseline","baseline-b","9"
"9","instance-buffer-writes","first-text","0","baseline","baseline-b","9"
"9","buffer-create-upload","first-text","15","baseline","baseline-b","9"
"9","render-encoding","first-text","975","baseline","baseline-b","9"
"9","queue-submit","first-text","1177","baseline","baseline-b","9"
"9","pre-present-notify","first-text","0","baseline","baseline-b","9"
"9","first-present","first-text","755","baseline","baseline-b","9"
"9","startup-redraw","first-text","3221","baseline","baseline-b","9"
"9","initial-ui-and-pane-layout","first-text","2","baseline","baseline-b","9"
"9","initial-projection","first-text","17","baseline","baseline-b","9"
"9","surface-acquire","first-text","49","baseline","baseline-b","9"
"9","frame-texture-view","first-text","5","baseline","baseline-b","9"
"9","instance-generation","first-text","0","baseline","baseline-b","9"
"9","instance-buffer-writes","first-text","0","baseline","baseline-b","9"
"9","buffer-create-upload","first-text","10","baseline","baseline-b","9"
"9","render-encoding","first-text","105","baseline","baseline-b","9"
"9","queue-submit","first-text","241","baseline","baseline-b","9"
"9","pre-present-notify","first-text","0","baseline","baseline-b","9"
"9","first-present","first-text","129","baseline","baseline-b","9"
"9","startup-redraw","first-text","651","baseline","baseline-b","9"
"9","initial-ui-and-pane-layout","first-text","2","baseline","baseline-b","9"
"9","initial-projection","first-text","20","baseline","baseline-b","9"
"9","surface-acquire","first-text","111","baseline","baseline-b","9"
"9","frame-texture-view","first-text","10","baseline","baseline-b","9"
"9","instance-generation","first-text","0","baseline","baseline-b","9"
"9","instance-buffer-writes","first-text","0","baseline","baseline-b","9"
"9","buffer-create-upload","first-text","10","baseline","baseline-b","9"
"9","render-encoding","first-text","171","baseline","baseline-b","9"
"9","queue-submit","first-text","154","baseline","baseline-b","9"
"9","pre-present-notify","first-text","0","baseline","baseline-b","9"
"9","first-present","first-text","160","baseline","baseline-b","9"
"9","startup-redraw","first-text","773","baseline","baseline-b","9"
"9","initial-ui-and-pane-layout","first-text","4","baseline","baseline-b","9"
"9","initial-projection","first-text","27","baseline","baseline-b","9"
"9","surface-acquire","first-text","36","baseline","baseline-b","9"
"9","frame-texture-view","first-text","4","baseline","baseline-b","9"
"9","instance-generation","first-text","6892","baseline","baseline-b","9"
"9","instance-buffer-allocation","first-text","73","baseline","baseline-b","9"
"9","instance-buffer-writes","first-text","86","baseline","baseline-b","9"
"9","instance-buffer-writes","first-text","133","baseline","baseline-b","9"
"9","buffer-create-upload","first-text","344","baseline","baseline-b","9"
"9","render-encoding","first-text","104","baseline","baseline-b","9"
"9","queue-submit","first-text","143","baseline","baseline-b","9"
"9","pre-present-notify","first-text","0","baseline","baseline-b","9"
"9","first-present","first-text","138","baseline","baseline-b","9"
"9","startup-redraw","first-text","7817","baseline","baseline-b","9"
"10","cli-parse","first-frame","465","baseline","baseline-b","10"
"10","event-loop-create","first-frame","4045","baseline","baseline-b","10"
"10","application-default-state","first-frame","153","baseline","baseline-b","10"
"10","application-state-and-paths","first-frame","191","baseline","baseline-b","10"
"10","config-read-parse","first-frame","188","baseline","baseline-b","10"
"10","workspace-model-and-runtimes","first-frame","9","baseline","baseline-b","10"
"10","window-create-and-branding","first-frame","13671","baseline","baseline-b","10"
"10","system-font-discovery","first-frame","30293","baseline","baseline-b","10"
"10","font-family-resolution","first-frame","13","baseline","baseline-b","10"
"10","fallback-candidate-ordering","first-frame","1254","baseline","baseline-b","10"
"10","font-cache-setup","first-frame","4","baseline","baseline-b","10"
"10","font-family-preparation","first-frame","31619","baseline","baseline-b","10"
"10","font-metrics","first-frame","77","baseline","baseline-b","10"
"10","wgpu-instance","first-frame","5985","baseline","baseline-b","10"
"10","surface-create","first-frame","27","baseline","baseline-b","10"
"10","adapter-request","first-frame","34728","baseline","baseline-b","10"
"10","device-request","first-frame","38422","baseline","baseline-b","10"
"10","surface-capabilities-and-config","first-frame","10","baseline","baseline-b","10"
"10","surface-configure","first-frame","4639","baseline","baseline-b","10"
"10","initial-grid-resize","first-frame","105","baseline","baseline-b","10"
"10","initial-ui-and-pane-layout","first-frame","2","baseline","baseline-b","10"
"10","initial-projection","first-frame","22","baseline","baseline-b","10"
"10","surface-acquire","first-frame","45","baseline","baseline-b","10"
"10","shader-module-create","first-frame","317","baseline","baseline-b","10"
"10","glyph-bind-group-layout","first-frame","50","baseline","baseline-b","10"
"10","shader-and-layout","first-frame","387","baseline","baseline-b","10"
"10","rectangle-pipeline","first-frame","5096","baseline","baseline-b","10"
"10","glyph-pipeline","first-frame","6052","baseline","baseline-b","10"
"10","atlas-texture-create","first-frame","1230","baseline","baseline-b","10"
"10","atlas-view-sampler-bind-group","first-frame","178","baseline","baseline-b","10"
"10","glyph-atlas","first-frame","1447","baseline","baseline-b","10"
"10","frame-texture-view","first-frame","9","baseline","baseline-b","10"
"10","instance-generation","first-frame","3","baseline","baseline-b","10"
"10","instance-buffer-allocation","first-frame","81","baseline","baseline-b","10"
"10","instance-buffer-writes","first-frame","105","baseline","baseline-b","10"
"10","buffer-create-upload","first-frame","214","baseline","baseline-b","10"
"10","render-encoding","first-frame","434","baseline","baseline-b","10"
"10","queue-submit","first-frame","338","baseline","baseline-b","10"
"10","pre-present-notify","first-frame","0","baseline","baseline-b","10"
"10","first-present","first-frame","320","baseline","baseline-b","10"
"10","startup-redraw","first-frame","14543","baseline","baseline-b","10"
"10","initial-ui-and-pane-layout","first-text","1","baseline","baseline-b","10"
"10","initial-projection","first-text","28","baseline","baseline-b","10"
"10","surface-acquire","first-text","37","baseline","baseline-b","10"
"10","frame-texture-view","first-text","5","baseline","baseline-b","10"
"10","instance-generation","first-text","0","baseline","baseline-b","10"
"10","instance-buffer-writes","first-text","0","baseline","baseline-b","10"
"10","buffer-create-upload","first-text","10","baseline","baseline-b","10"
"10","render-encoding","first-text","588","baseline","baseline-b","10"
"10","queue-submit","first-text","541","baseline","baseline-b","10"
"10","pre-present-notify","first-text","0","baseline","baseline-b","10"
"10","first-present","first-text","450","baseline","baseline-b","10"
"10","startup-redraw","first-text","1783","baseline","baseline-b","10"
"10","initial-ui-and-pane-layout","first-text","2","baseline","baseline-b","10"
"10","initial-projection","first-text","25","baseline","baseline-b","10"
"10","surface-acquire","first-text","41","baseline","baseline-b","10"
"10","frame-texture-view","first-text","6","baseline","baseline-b","10"
"10","instance-generation","first-text","1","baseline","baseline-b","10"
"10","instance-buffer-writes","first-text","0","baseline","baseline-b","10"
"10","buffer-create-upload","first-text","14","baseline","baseline-b","10"
"10","render-encoding","first-text","121","baseline","baseline-b","10"
"10","queue-submit","first-text","204","baseline","baseline-b","10"
"10","pre-present-notify","first-text","0","baseline","baseline-b","10"
"10","first-present","first-text","165","baseline","baseline-b","10"
"10","startup-redraw","first-text","705","baseline","baseline-b","10"
"10","initial-ui-and-pane-layout","first-text","5","baseline","baseline-b","10"
"10","initial-projection","first-text","35","baseline","baseline-b","10"
"10","surface-acquire","first-text","48","baseline","baseline-b","10"
"10","frame-texture-view","first-text","18","baseline","baseline-b","10"
"10","instance-generation","first-text","0","baseline","baseline-b","10"
"10","instance-buffer-writes","first-text","0","baseline","baseline-b","10"
"10","buffer-create-upload","first-text","10","baseline","baseline-b","10"
"10","render-encoding","first-text","120","baseline","baseline-b","10"
"10","queue-submit","first-text","119","baseline","baseline-b","10"
"10","pre-present-notify","first-text","0","baseline","baseline-b","10"
"10","first-present","first-text","187","baseline","baseline-b","10"
"10","startup-redraw","first-text","768","baseline","baseline-b","10"
"10","initial-ui-and-pane-layout","first-text","3","baseline","baseline-b","10"
"10","initial-projection","first-text","31","baseline","baseline-b","10"
"10","surface-acquire","first-text","35","baseline","baseline-b","10"
"10","frame-texture-view","first-text","5","baseline","baseline-b","10"
"10","instance-generation","first-text","6578","baseline","baseline-b","10"
"10","instance-buffer-allocation","first-text","114","baseline","baseline-b","10"
"10","instance-buffer-writes","first-text","78","baseline","baseline-b","10"
"10","instance-buffer-writes","first-text","99","baseline","baseline-b","10"
"10","buffer-create-upload","first-text","326","baseline","baseline-b","10"
"10","render-encoding","first-text","101","baseline","baseline-b","10"
"10","queue-submit","first-text","133","baseline","baseline-b","10"
"10","pre-present-notify","first-text","0","baseline","baseline-b","10"
"10","first-present","first-text","131","baseline","baseline-b","10"
"10","startup-redraw","first-text","7470","baseline","baseline-b","10"
"11","cli-parse","first-frame","456","baseline","baseline-b","11"
"11","event-loop-create","first-frame","3207","baseline","baseline-b","11"
"11","application-default-state","first-frame","152","baseline","baseline-b","11"
"11","application-state-and-paths","first-frame","190","baseline","baseline-b","11"
"11","config-read-parse","first-frame","169","baseline","baseline-b","11"
"11","workspace-model-and-runtimes","first-frame","9","baseline","baseline-b","11"
"11","window-create-and-branding","first-frame","15795","baseline","baseline-b","11"
"11","system-font-discovery","first-frame","27281","baseline","baseline-b","11"
"11","font-family-resolution","first-frame","10","baseline","baseline-b","11"
"11","fallback-candidate-ordering","first-frame","1310","baseline","baseline-b","11"
"11","font-cache-setup","first-frame","4","baseline","baseline-b","11"
"11","font-family-preparation","first-frame","28665","baseline","baseline-b","11"
"11","font-metrics","first-frame","118","baseline","baseline-b","11"
"11","wgpu-instance","first-frame","6818","baseline","baseline-b","11"
"11","surface-create","first-frame","26","baseline","baseline-b","11"
"11","adapter-request","first-frame","35205","baseline","baseline-b","11"
"11","device-request","first-frame","42978","baseline","baseline-b","11"
"11","surface-capabilities-and-config","first-frame","9","baseline","baseline-b","11"
"11","surface-configure","first-frame","5423","baseline","baseline-b","11"
"11","initial-grid-resize","first-frame","118","baseline","baseline-b","11"
"11","initial-ui-and-pane-layout","first-frame","2","baseline","baseline-b","11"
"11","initial-projection","first-frame","22","baseline","baseline-b","11"
"11","surface-acquire","first-frame","50","baseline","baseline-b","11"
"11","shader-module-create","first-frame","320","baseline","baseline-b","11"
"11","glyph-bind-group-layout","first-frame","51","baseline","baseline-b","11"
"11","shader-and-layout","first-frame","394","baseline","baseline-b","11"
"11","rectangle-pipeline","first-frame","6509","baseline","baseline-b","11"
"11","glyph-pipeline","first-frame","5649","baseline","baseline-b","11"
"11","atlas-texture-create","first-frame","1238","baseline","baseline-b","11"
"11","atlas-view-sampler-bind-group","first-frame","246","baseline","baseline-b","11"
"11","glyph-atlas","first-frame","1532","baseline","baseline-b","11"
"11","frame-texture-view","first-frame","10","baseline","baseline-b","11"
"11","instance-generation","first-frame","3","baseline","baseline-b","11"
"11","instance-buffer-allocation","first-frame","118","baseline","baseline-b","11"
"11","instance-buffer-writes","first-frame","132","baseline","baseline-b","11"
"11","buffer-create-upload","first-frame","284","baseline","baseline-b","11"
"11","render-encoding","first-frame","672","baseline","baseline-b","11"
"11","queue-submit","first-frame","727","baseline","baseline-b","11"
"11","pre-present-notify","first-frame","0","baseline","baseline-b","11"
"11","first-present","first-frame","485","baseline","baseline-b","11"
"11","startup-redraw","first-frame","16605","baseline","baseline-b","11"
"11","initial-ui-and-pane-layout","first-text","13","baseline","baseline-b","11"
"11","initial-projection","first-text","73","baseline","baseline-b","11"
"11","surface-acquire","first-text","72","baseline","baseline-b","11"
"11","frame-texture-view","first-text","13","baseline","baseline-b","11"
"11","instance-generation","first-text","1","baseline","baseline-b","11"
"11","instance-buffer-writes","first-text","0","baseline","baseline-b","11"
"11","buffer-create-upload","first-text","22","baseline","baseline-b","11"
"11","render-encoding","first-text","1341","baseline","baseline-b","11"
"11","queue-submit","first-text","956","baseline","baseline-b","11"
"11","pre-present-notify","first-text","0","baseline","baseline-b","11"
"11","first-present","first-text","622","baseline","baseline-b","11"
"11","startup-redraw","first-text","3328","baseline","baseline-b","11"
"11","initial-ui-and-pane-layout","first-text","2","baseline","baseline-b","11"
"11","initial-projection","first-text","17","baseline","baseline-b","11"
"11","surface-acquire","first-text","37","baseline","baseline-b","11"
"11","frame-texture-view","first-text","5","baseline","baseline-b","11"
"11","instance-generation","first-text","0","baseline","baseline-b","11"
"11","instance-buffer-writes","first-text","0","baseline","baseline-b","11"
"11","buffer-create-upload","first-text","9","baseline","baseline-b","11"
"11","render-encoding","first-text","104","baseline","baseline-b","11"
"11","queue-submit","first-text","219","baseline","baseline-b","11"
"11","pre-present-notify","first-text","0","baseline","baseline-b","11"
"11","first-present","first-text","167","baseline","baseline-b","11"
"11","startup-redraw","first-text","673","baseline","baseline-b","11"
"11","initial-ui-and-pane-layout","first-text","3","baseline","baseline-b","11"
"11","initial-projection","first-text","25","baseline","baseline-b","11"
"11","surface-acquire","first-text","37","baseline","baseline-b","11"
"11","frame-texture-view","first-text","5","baseline","baseline-b","11"
"11","instance-generation","first-text","0","baseline","baseline-b","11"
"11","instance-buffer-writes","first-text","0","baseline","baseline-b","11"
"11","buffer-create-upload","first-text","9","baseline","baseline-b","11"
"11","render-encoding","first-text","90","baseline","baseline-b","11"
"11","queue-submit","first-text","91","baseline","baseline-b","11"
"11","pre-present-notify","first-text","0","baseline","baseline-b","11"
"11","first-present","first-text","131","baseline","baseline-b","11"
"11","startup-redraw","first-text","497","baseline","baseline-b","11"
"11","initial-ui-and-pane-layout","first-text","4","baseline","baseline-b","11"
"11","initial-projection","first-text","28","baseline","baseline-b","11"
"11","surface-acquire","first-text","38","baseline","baseline-b","11"
"11","frame-texture-view","first-text","5","baseline","baseline-b","11"
"11","instance-generation","first-text","7141","baseline","baseline-b","11"
"11","instance-buffer-allocation","first-text","133","baseline","baseline-b","11"
"11","instance-buffer-writes","first-text","124","baseline","baseline-b","11"
"11","instance-buffer-writes","first-text","154","baseline","baseline-b","11"
"11","buffer-create-upload","first-text","467","baseline","baseline-b","11"
"11","render-encoding","first-text","118","baseline","baseline-b","11"
"11","queue-submit","first-text","211","baseline","baseline-b","11"
"11","pre-present-notify","first-text","0","baseline","baseline-b","11"
"11","first-present","first-text","259","baseline","baseline-b","11"
"11","startup-redraw","first-text","8393","baseline","baseline-b","11"
"12","cli-parse","first-frame","398","baseline","baseline-b","12"
"12","event-loop-create","first-frame","3405","baseline","baseline-b","12"
"12","application-default-state","first-frame","155","baseline","baseline-b","12"
"12","application-state-and-paths","first-frame","193","baseline","baseline-b","12"
"12","config-read-parse","first-frame","162","baseline","baseline-b","12"
"12","workspace-model-and-runtimes","first-frame","9","baseline","baseline-b","12"
"12","window-create-and-branding","first-frame","12525","baseline","baseline-b","12"
"12","system-font-discovery","first-frame","25968","baseline","baseline-b","12"
"12","font-family-resolution","first-frame","9","baseline","baseline-b","12"
"12","fallback-candidate-ordering","first-frame","1049","baseline","baseline-b","12"
"12","font-cache-setup","first-frame","3","baseline","baseline-b","12"
"12","font-family-preparation","first-frame","27076","baseline","baseline-b","12"
"12","font-metrics","first-frame","54","baseline","baseline-b","12"
"12","wgpu-instance","first-frame","5643","baseline","baseline-b","12"
"12","surface-create","first-frame","24","baseline","baseline-b","12"
"12","adapter-request","first-frame","31419","baseline","baseline-b","12"
"12","device-request","first-frame","41067","baseline","baseline-b","12"
"12","surface-capabilities-and-config","first-frame","10","baseline","baseline-b","12"
"12","surface-configure","first-frame","4934","baseline","baseline-b","12"
"12","initial-grid-resize","first-frame","110","baseline","baseline-b","12"
"12","initial-ui-and-pane-layout","first-frame","15","baseline","baseline-b","12"
"12","initial-projection","first-frame","32","baseline","baseline-b","12"
"12","surface-acquire","first-frame","49","baseline","baseline-b","12"
"12","shader-module-create","first-frame","301","baseline","baseline-b","12"
"12","glyph-bind-group-layout","first-frame","62","baseline","baseline-b","12"
"12","shader-and-layout","first-frame","398","baseline","baseline-b","12"
"12","rectangle-pipeline","first-frame","4772","baseline","baseline-b","12"
"12","glyph-pipeline","first-frame","5196","baseline","baseline-b","12"
"12","atlas-texture-create","first-frame","1488","baseline","baseline-b","12"
"12","atlas-view-sampler-bind-group","first-frame","223","baseline","baseline-b","12"
"12","glyph-atlas","first-frame","1755","baseline","baseline-b","12"
"12","frame-texture-view","first-frame","13","baseline","baseline-b","12"
"12","instance-generation","first-frame","3","baseline","baseline-b","12"
"12","instance-buffer-allocation","first-frame","81","baseline","baseline-b","12"
"12","instance-buffer-writes","first-frame","234","baseline","baseline-b","12"
"12","buffer-create-upload","first-frame","346","baseline","baseline-b","12"
"12","render-encoding","first-frame","541","baseline","baseline-b","12"
"12","queue-submit","first-frame","347","baseline","baseline-b","12"
"12","pre-present-notify","first-frame","0","baseline","baseline-b","12"
"12","first-present","first-frame","344","baseline","baseline-b","12"
"12","startup-redraw","first-frame","13965","baseline","baseline-b","12"
"12","initial-ui-and-pane-layout","first-text","4","baseline","baseline-b","12"
"12","initial-projection","first-text","39","baseline","baseline-b","12"
"12","surface-acquire","first-text","39","baseline","baseline-b","12"
"12","frame-texture-view","first-text","5","baseline","baseline-b","12"
"12","instance-generation","first-text","0","baseline","baseline-b","12"
"12","instance-buffer-writes","first-text","0","baseline","baseline-b","12"
"12","buffer-create-upload","first-text","10","baseline","baseline-b","12"
"12","render-encoding","first-text","1321","baseline","baseline-b","12"
"12","queue-submit","first-text","1087","baseline","baseline-b","12"
"12","pre-present-notify","first-text","0","baseline","baseline-b","12"
"12","first-present","first-text","615","baseline","baseline-b","12"
"12","startup-redraw","first-text","3285","baseline","baseline-b","12"
"12","initial-ui-and-pane-layout","first-text","2","baseline","baseline-b","12"
"12","initial-projection","first-text","18","baseline","baseline-b","12"
"12","surface-acquire","first-text","36","baseline","baseline-b","12"
"12","frame-texture-view","first-text","5","baseline","baseline-b","12"
"12","instance-generation","first-text","0","baseline","baseline-b","12"
"12","instance-buffer-writes","first-text","0","baseline","baseline-b","12"
"12","buffer-create-upload","first-text","10","baseline","baseline-b","12"
"12","render-encoding","first-text","104","baseline","baseline-b","12"
"12","queue-submit","first-text","208","baseline","baseline-b","12"
"12","pre-present-notify","first-text","0","baseline","baseline-b","12"
"12","first-present","first-text","110","baseline","baseline-b","12"
"12","startup-redraw","first-text","588","baseline","baseline-b","12"
"12","initial-ui-and-pane-layout","first-text","1","baseline","baseline-b","12"
"12","initial-projection","first-text","16","baseline","baseline-b","12"
"12","surface-acquire","first-text","16","baseline","baseline-b","12"
"12","frame-texture-view","first-text","3","baseline","baseline-b","12"
"12","instance-generation","first-text","0","baseline","baseline-b","12"
"12","instance-buffer-writes","first-text","0","baseline","baseline-b","12"
"12","buffer-create-upload","first-text","9","baseline","baseline-b","12"
"12","render-encoding","first-text","79","baseline","baseline-b","12"
"12","queue-submit","first-text","77","baseline","baseline-b","12"
"12","pre-present-notify","first-text","0","baseline","baseline-b","12"
"12","first-present","first-text","75","baseline","baseline-b","12"
"12","startup-redraw","first-text","371","baseline","baseline-b","12"
"12","initial-ui-and-pane-layout","first-text","3","baseline","baseline-b","12"
"12","initial-projection","first-text","24","baseline","baseline-b","12"
"12","surface-acquire","first-text","38","baseline","baseline-b","12"
"12","frame-texture-view","first-text","5","baseline","baseline-b","12"
"12","instance-generation","first-text","6320","baseline","baseline-b","12"
"12","instance-buffer-allocation","first-text","108","baseline","baseline-b","12"
"12","instance-buffer-writes","first-text","88","baseline","baseline-b","12"
"12","instance-buffer-writes","first-text","97","baseline","baseline-b","12"
"12","buffer-create-upload","first-text","333","baseline","baseline-b","12"
"12","render-encoding","first-text","113","baseline","baseline-b","12"
"12","queue-submit","first-text","162","baseline","baseline-b","12"
"12","pre-present-notify","first-text","0","baseline","baseline-b","12"
"12","first-present","first-text","145","baseline","baseline-b","12"
"12","startup-redraw","first-text","7265","baseline","baseline-b","12"
"13","cli-parse","first-frame","563","baseline","baseline-b","13"
"13","event-loop-create","first-frame","5016","baseline","baseline-b","13"
"13","application-default-state","first-frame","157","baseline","baseline-b","13"
"13","application-state-and-paths","first-frame","198","baseline","baseline-b","13"
"13","config-read-parse","first-frame","181","baseline","baseline-b","13"
"13","workspace-model-and-runtimes","first-frame","10","baseline","baseline-b","13"
"13","window-create-and-branding","first-frame","14930","baseline","baseline-b","13"
"13","system-font-discovery","first-frame","27832","baseline","baseline-b","13"
"13","font-family-resolution","first-frame","14","baseline","baseline-b","13"
"13","fallback-candidate-ordering","first-frame","1311","baseline","baseline-b","13"
"13","font-cache-setup","first-frame","8","baseline","baseline-b","13"
"13","font-family-preparation","first-frame","29239","baseline","baseline-b","13"
"13","font-metrics","first-frame","134","baseline","baseline-b","13"
"13","wgpu-instance","first-frame","7083","baseline","baseline-b","13"
"13","surface-create","first-frame","30","baseline","baseline-b","13"
"13","adapter-request","first-frame","40504","baseline","baseline-b","13"
"13","device-request","first-frame","39830","baseline","baseline-b","13"
"13","surface-capabilities-and-config","first-frame","9","baseline","baseline-b","13"
"13","surface-configure","first-frame","4421","baseline","baseline-b","13"
"13","initial-grid-resize","first-frame","113","baseline","baseline-b","13"
"13","initial-ui-and-pane-layout","first-frame","16","baseline","baseline-b","13"
"13","initial-projection","first-frame","21","baseline","baseline-b","13"
"13","surface-acquire","first-frame","42","baseline","baseline-b","13"
"13","shader-module-create","first-frame","314","baseline","baseline-b","13"
"13","glyph-bind-group-layout","first-frame","45","baseline","baseline-b","13"
"13","shader-and-layout","first-frame","382","baseline","baseline-b","13"
"13","rectangle-pipeline","first-frame","5362","baseline","baseline-b","13"
"13","glyph-pipeline","first-frame","5734","baseline","baseline-b","13"
"13","atlas-texture-create","first-frame","1360","baseline","baseline-b","13"
"13","atlas-view-sampler-bind-group","first-frame","164","baseline","baseline-b","13"
"13","glyph-atlas","first-frame","1569","baseline","baseline-b","13"
"13","frame-texture-view","first-frame","8","baseline","baseline-b","13"
"13","instance-generation","first-frame","2","baseline","baseline-b","13"
"13","instance-buffer-allocation","first-frame","73","baseline","baseline-b","13"
"13","instance-buffer-writes","first-frame","114","baseline","baseline-b","13"
"13","buffer-create-upload","first-frame","212","baseline","baseline-b","13"
"13","render-encoding","first-frame","535","baseline","baseline-b","13"
"13","queue-submit","first-frame","558","baseline","baseline-b","13"
"13","pre-present-notify","first-frame","0","baseline","baseline-b","13"
"13","first-present","first-frame","341","baseline","baseline-b","13"
"13","startup-redraw","first-frame","14955","baseline","baseline-b","13"
"13","initial-ui-and-pane-layout","first-text","5","baseline","baseline-b","13"
"13","initial-projection","first-text","31","baseline","baseline-b","13"
"13","surface-acquire","first-text","39","baseline","baseline-b","13"
"13","frame-texture-view","first-text","5","baseline","baseline-b","13"
"13","instance-generation","first-text","0","baseline","baseline-b","13"
"13","instance-buffer-writes","first-text","0","baseline","baseline-b","13"
"13","buffer-create-upload","first-text","9","baseline","baseline-b","13"
"13","render-encoding","first-text","805","baseline","baseline-b","13"
"13","queue-submit","first-text","621","baseline","baseline-b","13"
"13","pre-present-notify","first-text","0","baseline","baseline-b","13"
"13","first-present","first-text","368","baseline","baseline-b","13"
"13","startup-redraw","first-text","2012","baseline","baseline-b","13"
"13","initial-ui-and-pane-layout","first-text","4","baseline","baseline-b","13"
"13","initial-projection","first-text","32","baseline","baseline-b","13"
"13","surface-acquire","first-text","51","baseline","baseline-b","13"
"13","frame-texture-view","first-text","15","baseline","baseline-b","13"
"13","instance-generation","first-text","0","baseline","baseline-b","13"
"13","instance-buffer-writes","first-text","0","baseline","baseline-b","13"
"13","buffer-create-upload","first-text","18","baseline","baseline-b","13"
"13","render-encoding","first-text","172","baseline","baseline-b","13"
"13","queue-submit","first-text","410","baseline","baseline-b","13"
"13","pre-present-notify","first-text","0","baseline","baseline-b","13"
"13","first-present","first-text","172","baseline","baseline-b","13"
"13","startup-redraw","first-text","1037","baseline","baseline-b","13"
"13","initial-ui-and-pane-layout","first-text","3","baseline","baseline-b","13"
"13","initial-projection","first-text","23","baseline","baseline-b","13"
"13","surface-acquire","first-text","32","baseline","baseline-b","13"
"13","frame-texture-view","first-text","5","baseline","baseline-b","13"
"13","instance-generation","first-text","0","baseline","baseline-b","13"
"13","instance-buffer-writes","first-text","0","baseline","baseline-b","13"
"13","buffer-create-upload","first-text","10","baseline","baseline-b","13"
"13","render-encoding","first-text","114","baseline","baseline-b","13"
"13","queue-submit","first-text","121","baseline","baseline-b","13"
"13","pre-present-notify","first-text","0","baseline","baseline-b","13"
"13","first-present","first-text","147","baseline","baseline-b","13"
"13","startup-redraw","first-text","569","baseline","baseline-b","13"
"13","initial-ui-and-pane-layout","first-text","3","baseline","baseline-b","13"
"13","initial-projection","first-text","88","baseline","baseline-b","13"
"13","surface-acquire","first-text","44","baseline","baseline-b","13"
"13","frame-texture-view","first-text","7","baseline","baseline-b","13"
"13","instance-generation","first-text","10432","baseline","baseline-b","13"
"13","instance-buffer-allocation","first-text","158","baseline","baseline-b","13"
"13","instance-buffer-writes","first-text","110","baseline","baseline-b","13"
"13","instance-buffer-writes","first-text","130","baseline","baseline-b","13"
"13","buffer-create-upload","first-text","440","baseline","baseline-b","13"
"13","render-encoding","first-text","127","baseline","baseline-b","13"
"13","queue-submit","first-text","218","baseline","baseline-b","13"
"13","pre-present-notify","first-text","0","baseline","baseline-b","13"
"13","first-present","first-text","168","baseline","baseline-b","13"
"13","startup-redraw","first-text","11668","baseline","baseline-b","13"
"14","cli-parse","first-frame","761","baseline","baseline-b","14"
"14","event-loop-create","first-frame","5126","baseline","baseline-b","14"
"14","application-default-state","first-frame","151","baseline","baseline-b","14"
"14","application-state-and-paths","first-frame","190","baseline","baseline-b","14"
"14","config-read-parse","first-frame","176","baseline","baseline-b","14"
"14","workspace-model-and-runtimes","first-frame","9","baseline","baseline-b","14"
"14","window-create-and-branding","first-frame","15494","baseline","baseline-b","14"
"14","system-font-discovery","first-frame","29230","baseline","baseline-b","14"
"14","font-family-resolution","first-frame","10","baseline","baseline-b","14"
"14","fallback-candidate-ordering","first-frame","1235","baseline","baseline-b","14"
"14","font-cache-setup","first-frame","3","baseline","baseline-b","14"
"14","font-family-preparation","first-frame","30532","baseline","baseline-b","14"
"14","font-metrics","first-frame","76","baseline","baseline-b","14"
"14","wgpu-instance","first-frame","6519","baseline","baseline-b","14"
"14","surface-create","first-frame","26","baseline","baseline-b","14"
"14","adapter-request","first-frame","30821","baseline","baseline-b","14"
"14","device-request","first-frame","40021","baseline","baseline-b","14"
"14","surface-capabilities-and-config","first-frame","10","baseline","baseline-b","14"
"14","surface-configure","first-frame","5851","baseline","baseline-b","14"
"14","initial-grid-resize","first-frame","133","baseline","baseline-b","14"
"14","initial-ui-and-pane-layout","first-frame","26","baseline","baseline-b","14"
"14","initial-projection","first-frame","26","baseline","baseline-b","14"
"14","surface-acquire","first-frame","60","baseline","baseline-b","14"
"14","shader-module-create","first-frame","334","baseline","baseline-b","14"
"14","glyph-bind-group-layout","first-frame","56","baseline","baseline-b","14"
"14","shader-and-layout","first-frame","414","baseline","baseline-b","14"
"14","rectangle-pipeline","first-frame","6992","baseline","baseline-b","14"
"14","glyph-pipeline","first-frame","6884","baseline","baseline-b","14"
"14","atlas-texture-create","first-frame","1387","baseline","baseline-b","14"
"14","atlas-view-sampler-bind-group","first-frame","277","baseline","baseline-b","14"
"14","glyph-atlas","first-frame","1721","baseline","baseline-b","14"
"14","frame-texture-view","first-frame","10","baseline","baseline-b","14"
"14","instance-generation","first-frame","3","baseline","baseline-b","14"
"14","instance-buffer-allocation","first-frame","171","baseline","baseline-b","14"
"14","instance-buffer-writes","first-frame","124","baseline","baseline-b","14"
"14","buffer-create-upload","first-frame","323","baseline","baseline-b","14"
"14","render-encoding","first-frame","584","baseline","baseline-b","14"
"14","queue-submit","first-frame","409","baseline","baseline-b","14"
"14","pre-present-notify","first-frame","0","baseline","baseline-b","14"
"14","first-present","first-frame","460","baseline","baseline-b","14"
"14","startup-redraw","first-frame","18081","baseline","baseline-b","14"
"14","initial-ui-and-pane-layout","first-text","5","baseline","baseline-b","14"
"14","initial-projection","first-text","38","baseline","baseline-b","14"
"14","surface-acquire","first-text","80","baseline","baseline-b","14"
"14","frame-texture-view","first-text","6","baseline","baseline-b","14"
"14","instance-generation","first-text","0","baseline","baseline-b","14"
"14","instance-buffer-writes","first-text","0","baseline","baseline-b","14"
"14","buffer-create-upload","first-text","10","baseline","baseline-b","14"
"14","render-encoding","first-text","1027","baseline","baseline-b","14"
"14","queue-submit","first-text","841","baseline","baseline-b","14"
"14","pre-present-notify","first-text","0","baseline","baseline-b","14"
"14","first-present","first-text","730","baseline","baseline-b","14"
"14","startup-redraw","first-text","2938","baseline","baseline-b","14"
"14","initial-ui-and-pane-layout","first-text","3","baseline","baseline-b","14"
"14","initial-projection","first-text","20","baseline","baseline-b","14"
"14","surface-acquire","first-text","37","baseline","baseline-b","14"
"14","frame-texture-view","first-text","6","baseline","baseline-b","14"
"14","instance-generation","first-text","0","baseline","baseline-b","14"
"14","instance-buffer-writes","first-text","0","baseline","baseline-b","14"
"14","buffer-create-upload","first-text","9","baseline","baseline-b","14"
"14","render-encoding","first-text","101","baseline","baseline-b","14"
"14","queue-submit","first-text","218","baseline","baseline-b","14"
"14","pre-present-notify","first-text","0","baseline","baseline-b","14"
"14","first-present","first-text","119","baseline","baseline-b","14"
"14","startup-redraw","first-text","607","baseline","baseline-b","14"
"14","initial-ui-and-pane-layout","first-text","3","baseline","baseline-b","14"
"14","initial-projection","first-text","44","baseline","baseline-b","14"
"14","surface-acquire","first-text","38","baseline","baseline-b","14"
"14","frame-texture-view","first-text","8","baseline","baseline-b","14"
"14","instance-generation","first-text","0","baseline","baseline-b","14"
"14","instance-buffer-writes","first-text","0","baseline","baseline-b","14"
"14","buffer-create-upload","first-text","19","baseline","baseline-b","14"
"14","render-encoding","first-text","124","baseline","baseline-b","14"
"14","queue-submit","first-text","151","baseline","baseline-b","14"
"14","pre-present-notify","first-text","0","baseline","baseline-b","14"
"14","first-present","first-text","219","baseline","baseline-b","14"
"14","startup-redraw","first-text","810","baseline","baseline-b","14"
"14","initial-ui-and-pane-layout","first-text","2","baseline","baseline-b","14"
"14","initial-projection","first-text","28","baseline","baseline-b","14"
"14","surface-acquire","first-text","37","baseline","baseline-b","14"
"14","frame-texture-view","first-text","5","baseline","baseline-b","14"
"14","instance-generation","first-text","6866","baseline","baseline-b","14"
"14","instance-buffer-allocation","first-text","84","baseline","baseline-b","14"
"14","instance-buffer-writes","first-text","75","baseline","baseline-b","14"
"14","instance-buffer-writes","first-text","275","baseline","baseline-b","14"
"14","buffer-create-upload","first-text","480","baseline","baseline-b","14"
"14","render-encoding","first-text","98","baseline","baseline-b","14"
"14","queue-submit","first-text","148","baseline","baseline-b","14"
"14","pre-present-notify","first-text","0","baseline","baseline-b","14"
"14","first-present","first-text","130","baseline","baseline-b","14"
"14","startup-redraw","first-text","7906","baseline","baseline-b","14"
"15","cli-parse","first-frame","399","baseline","baseline-b","15"
"15","event-loop-create","first-frame","6847","baseline","baseline-b","15"
"15","application-default-state","first-frame","162","baseline","baseline-b","15"
"15","application-state-and-paths","first-frame","205","baseline","baseline-b","15"
"15","config-read-parse","first-frame","212","baseline","baseline-b","15"
"15","workspace-model-and-runtimes","first-frame","12","baseline","baseline-b","15"
"15","window-create-and-branding","first-frame","21361","baseline","baseline-b","15"
"15","system-font-discovery","first-frame","39623","baseline","baseline-b","15"
"15","font-family-resolution","first-frame","12","baseline","baseline-b","15"
"15","fallback-candidate-ordering","first-frame","1290","baseline","baseline-b","15"
"15","font-cache-setup","first-frame","5","baseline","baseline-b","15"
"15","font-family-preparation","first-frame","40992","baseline","baseline-b","15"
"15","font-metrics","first-frame","102","baseline","baseline-b","15"
"15","wgpu-instance","first-frame","9524","baseline","baseline-b","15"
"15","surface-create","first-frame","29","baseline","baseline-b","15"
"15","adapter-request","first-frame","40230","baseline","baseline-b","15"
"15","device-request","first-frame","40440","baseline","baseline-b","15"
"15","surface-capabilities-and-config","first-frame","9","baseline","baseline-b","15"
"15","surface-configure","first-frame","4980","baseline","baseline-b","15"
"15","initial-grid-resize","first-frame","132","baseline","baseline-b","15"
"15","initial-ui-and-pane-layout","first-frame","3","baseline","baseline-b","15"
"15","initial-projection","first-frame","24","baseline","baseline-b","15"
"15","surface-acquire","first-frame","51","baseline","baseline-b","15"
"15","shader-module-create","first-frame","326","baseline","baseline-b","15"
"15","glyph-bind-group-layout","first-frame","49","baseline","baseline-b","15"
"15","shader-and-layout","first-frame","399","baseline","baseline-b","15"
"15","rectangle-pipeline","first-frame","5198","baseline","baseline-b","15"
"15","glyph-pipeline","first-frame","5803","baseline","baseline-b","15"
"15","atlas-texture-create","first-frame","1560","baseline","baseline-b","15"
"15","atlas-view-sampler-bind-group","first-frame","213","baseline","baseline-b","15"
"15","glyph-atlas","first-frame","1829","baseline","baseline-b","15"
"15","frame-texture-view","first-frame","14","baseline","baseline-b","15"
"15","instance-generation","first-frame","3","baseline","baseline-b","15"
"15","instance-buffer-allocation","first-frame","139","baseline","baseline-b","15"
"15","instance-buffer-writes","first-frame","129","baseline","baseline-b","15"
"15","buffer-create-upload","first-frame","298","baseline","baseline-b","15"
"15","render-encoding","first-frame","493","baseline","baseline-b","15"
"15","queue-submit","first-frame","322","baseline","baseline-b","15"
"15","pre-present-notify","first-frame","0","baseline","baseline-b","15"
"15","first-present","first-frame","331","baseline","baseline-b","15"
"15","startup-redraw","first-frame","14954","baseline","baseline-b","15"
"15","initial-ui-and-pane-layout","first-text","7","baseline","baseline-b","15"
"15","initial-projection","first-text","32","baseline","baseline-b","15"
"15","surface-acquire","first-text","41","baseline","baseline-b","15"
"15","frame-texture-view","first-text","5","baseline","baseline-b","15"
"15","instance-generation","first-text","0","baseline","baseline-b","15"
"15","instance-buffer-writes","first-text","0","baseline","baseline-b","15"
"15","buffer-create-upload","first-text","9","baseline","baseline-b","15"
"15","render-encoding","first-text","904","baseline","baseline-b","15"
"15","queue-submit","first-text","731","baseline","baseline-b","15"
"15","pre-present-notify","first-text","0","baseline","baseline-b","15"
"15","first-present","first-text","440","baseline","baseline-b","15"
"15","startup-redraw","first-text","2334","baseline","baseline-b","15"
"15","initial-ui-and-pane-layout","first-text","2","baseline","baseline-b","15"
"15","initial-projection","first-text","16","baseline","baseline-b","15"
"15","surface-acquire","first-text","37","baseline","baseline-b","15"
"15","frame-texture-view","first-text","5","baseline","baseline-b","15"
"15","instance-generation","first-text","0","baseline","baseline-b","15"
"15","instance-buffer-writes","first-text","0","baseline","baseline-b","15"
"15","buffer-create-upload","first-text","9","baseline","baseline-b","15"
"15","render-encoding","first-text","105","baseline","baseline-b","15"
"15","queue-submit","first-text","340","baseline","baseline-b","15"
"15","pre-present-notify","first-text","0","baseline","baseline-b","15"
"15","first-present","first-text","132","baseline","baseline-b","15"
"15","startup-redraw","first-text","755","baseline","baseline-b","15"
"15","initial-ui-and-pane-layout","first-text","2","baseline","baseline-b","15"
"15","initial-projection","first-text","20","baseline","baseline-b","15"
"15","surface-acquire","first-text","27","baseline","baseline-b","15"
"15","frame-texture-view","first-text","4","baseline","baseline-b","15"
"15","instance-generation","first-text","0","baseline","baseline-b","15"
"15","instance-buffer-writes","first-text","0","baseline","baseline-b","15"
"15","buffer-create-upload","first-text","10","baseline","baseline-b","15"
"15","render-encoding","first-text","91","baseline","baseline-b","15"
"15","queue-submit","first-text","136","baseline","baseline-b","15"
"15","pre-present-notify","first-text","0","baseline","baseline-b","15"
"15","first-present","first-text","182","baseline","baseline-b","15"
"15","startup-redraw","first-text","574","baseline","baseline-b","15"
"15","initial-ui-and-pane-layout","first-text","3","baseline","baseline-b","15"
"15","initial-projection","first-text","24","baseline","baseline-b","15"
"15","surface-acquire","first-text","40","baseline","baseline-b","15"
"15","frame-texture-view","first-text","5","baseline","baseline-b","15"
"15","instance-generation","first-text","8245","baseline","baseline-b","15"
"15","instance-buffer-allocation","first-text","151","baseline","baseline-b","15"
"15","instance-buffer-writes","first-text","135","baseline","baseline-b","15"
"15","instance-buffer-writes","first-text","159","baseline","baseline-b","15"
"15","buffer-create-upload","first-text","503","baseline","baseline-b","15"
"15","render-encoding","first-text","114","baseline","baseline-b","15"
"15","queue-submit","first-text","161","baseline","baseline-b","15"
"15","pre-present-notify","first-text","0","baseline","baseline-b","15"
"15","first-present","first-text","186","baseline","baseline-b","15"
"15","startup-redraw","first-text","9403","baseline","baseline-b","15"
"1","cli-parse","first-frame","665","candidate","candidate-a","16"
"1","event-loop-create","first-frame","4023","candidate","candidate-a","16"
"1","application-default-state","first-frame","175","candidate","candidate-a","16"
"1","application-state-and-paths","first-frame","225","candidate","candidate-a","16"
"1","config-read-parse","first-frame","147","candidate","candidate-a","16"
"1","workspace-model-and-runtimes","first-frame","16","candidate","candidate-a","16"
"1","window-create-and-branding","first-frame","13159","candidate","candidate-a","16"
"1","system-font-discovery","first-frame","33265","candidate","candidate-a","16"
"1","font-family-resolution","first-frame","23","candidate","candidate-a","16"
"1","fallback-candidate-ordering","first-frame","1903","candidate","candidate-a","16"
"1","font-cache-setup","first-frame","21","candidate","candidate-a","16"
"1","font-family-preparation","first-frame","35304","candidate","candidate-a","16"
"1","font-metrics","first-frame","196","candidate","candidate-a","16"
"1","wgpu-instance","first-frame","7119","candidate","candidate-a","16"
"1","surface-create","first-frame","52","candidate","candidate-a","16"
"1","adapter-request","first-frame","108241","candidate","candidate-a","16"
"1","device-request","first-frame","115131","candidate","candidate-a","16"
"1","surface-capabilities-and-config","first-frame","13","candidate","candidate-a","16"
"1","surface-configure","first-frame","4455","candidate","candidate-a","16"
"1","initial-grid-resize","first-frame","111","candidate","candidate-a","16"
"1","initial-ui-and-pane-layout","first-frame","3","candidate","candidate-a","16"
"1","initial-projection","first-frame","30","candidate","candidate-a","16"
"1","surface-acquire","first-frame","47","candidate","candidate-a","16"
"1","shader-module-create","first-frame","334","candidate","candidate-a","16"
"1","shader-and-layout","first-frame","346","candidate","candidate-a","16"
"1","rectangle-pipeline","first-frame","230519","candidate","candidate-a","16"
"1","frame-texture-view","first-frame","33","candidate","candidate-a","16"
"1","instance-generation","first-frame","5","candidate","candidate-a","16"
"1","instance-buffer-allocation","first-frame","160","candidate","candidate-a","16"
"1","instance-buffer-writes","first-frame","148","candidate","candidate-a","16"
"1","buffer-create-upload","first-frame","338","candidate","candidate-a","16"
"1","render-encoding","first-frame","589","candidate","candidate-a","16"
"1","queue-submit","first-frame","406","candidate","candidate-a","16"
"1","pre-present-notify","first-frame","0","candidate","candidate-a","16"
"1","first-present","first-frame","430","candidate","candidate-a","16"
"1","startup-redraw","first-frame","232894","candidate","candidate-a","16"
"1","initial-ui-and-pane-layout","first-text","3","candidate","candidate-a","16"
"1","initial-projection","first-text","71","candidate","candidate-a","16"
"1","surface-acquire","first-text","54","candidate","candidate-a","16"
"1","frame-texture-view","first-text","7","candidate","candidate-a","16"
"1","instance-generation","first-text","1","candidate","candidate-a","16"
"1","instance-buffer-writes","first-text","0","candidate","candidate-a","16"
"1","buffer-create-upload","first-text","10","candidate","candidate-a","16"
"1","render-encoding","first-text","1138","candidate","candidate-a","16"
"1","queue-submit","first-text","735","candidate","candidate-a","16"
"1","pre-present-notify","first-text","0","candidate","candidate-a","16"
"1","first-present","first-text","360","candidate","candidate-a","16"
"1","startup-redraw","first-text","2532","candidate","candidate-a","16"
"1","initial-ui-and-pane-layout","first-text","2","candidate","candidate-a","16"
"1","initial-projection","first-text","23","candidate","candidate-a","16"
"1","surface-acquire","first-text","36","candidate","candidate-a","16"
"1","frame-texture-view","first-text","5","candidate","candidate-a","16"
"1","instance-generation","first-text","0","candidate","candidate-a","16"
"1","instance-buffer-writes","first-text","0","candidate","candidate-a","16"
"1","buffer-create-upload","first-text","10","candidate","candidate-a","16"
"1","render-encoding","first-text","115","candidate","candidate-a","16"
"1","queue-submit","first-text","236","candidate","candidate-a","16"
"1","pre-present-notify","first-text","0","candidate","candidate-a","16"
"1","first-present","first-text","123","candidate","candidate-a","16"
"1","startup-redraw","first-text","741","candidate","candidate-a","16"
"1","initial-ui-and-pane-layout","first-text","2","candidate","candidate-a","16"
"1","initial-projection","first-text","25","candidate","candidate-a","16"
"1","surface-acquire","first-text","23","candidate","candidate-a","16"
"1","frame-texture-view","first-text","4","candidate","candidate-a","16"
"1","instance-generation","first-text","0","candidate","candidate-a","16"
"1","instance-buffer-writes","first-text","0","candidate","candidate-a","16"
"1","buffer-create-upload","first-text","30","candidate","candidate-a","16"
"1","render-encoding","first-text","95","candidate","candidate-a","16"
"1","queue-submit","first-text","94","candidate","candidate-a","16"
"1","pre-present-notify","first-text","0","candidate","candidate-a","16"
"1","first-present","first-text","118","candidate","candidate-a","16"
"1","startup-redraw","first-text","595","candidate","candidate-a","16"
"1","initial-ui-and-pane-layout","first-text","2","candidate","candidate-a","16"
"1","initial-projection","first-text","25","candidate","candidate-a","16"
"1","surface-acquire","first-text","37","candidate","candidate-a","16"
"1","frame-texture-view","first-text","5","candidate","candidate-a","16"
"1","glyph-bind-group-layout","first-text","38","candidate","candidate-a","16"
"1","glyph-pipeline","first-text","227570","candidate","candidate-a","16"
"1","atlas-texture-create","first-text","1556","candidate","candidate-a","16"
"1","atlas-view-sampler-bind-group","first-text","142","candidate","candidate-a","16"
"1","glyph-atlas","first-text","1732","candidate","candidate-a","16"
"1","instance-generation","first-text","234736","candidate","candidate-a","16"
"1","instance-buffer-allocation","first-text","122","candidate","candidate-a","16"
"1","instance-buffer-writes","first-text","150","candidate","candidate-a","16"
"1","instance-buffer-writes","first-text","134","candidate","candidate-a","16"
"1","buffer-create-upload","first-text","468","candidate","candidate-a","16"
"1","render-encoding","first-text","103","candidate","candidate-a","16"
"1","queue-submit","first-text","183","candidate","candidate-a","16"
"1","pre-present-notify","first-text","0","candidate","candidate-a","16"
"1","first-present","first-text","119","candidate","candidate-a","16"
"1","startup-redraw","first-text","235797","candidate","candidate-a","16"
"2","cli-parse","first-frame","832","candidate","candidate-a","17"
"2","event-loop-create","first-frame","3950","candidate","candidate-a","17"
"2","application-default-state","first-frame","135","candidate","candidate-a","17"
"2","application-state-and-paths","first-frame","172","candidate","candidate-a","17"
"2","config-read-parse","first-frame","151","candidate","candidate-a","17"
"2","workspace-model-and-runtimes","first-frame","9","candidate","candidate-a","17"
"2","window-create-and-branding","first-frame","13933","candidate","candidate-a","17"
"2","system-font-discovery","first-frame","31453","candidate","candidate-a","17"
"2","font-family-resolution","first-frame","15","candidate","candidate-a","17"
"2","fallback-candidate-ordering","first-frame","1261","candidate","candidate-a","17"
"2","font-cache-setup","first-frame","4","candidate","candidate-a","17"
"2","font-family-preparation","first-frame","32791","candidate","candidate-a","17"
"2","font-metrics","first-frame","87","candidate","candidate-a","17"
"2","wgpu-instance","first-frame","6479","candidate","candidate-a","17"
"2","surface-create","first-frame","26","candidate","candidate-a","17"
"2","adapter-request","first-frame","32145","candidate","candidate-a","17"
"2","device-request","first-frame","37555","candidate","candidate-a","17"
"2","surface-capabilities-and-config","first-frame","8","candidate","candidate-a","17"
"2","surface-configure","first-frame","4067","candidate","candidate-a","17"
"2","initial-grid-resize","first-frame","105","candidate","candidate-a","17"
"2","initial-ui-and-pane-layout","first-frame","14","candidate","candidate-a","17"
"2","initial-projection","first-frame","54","candidate","candidate-a","17"
"2","surface-acquire","first-frame","41","candidate","candidate-a","17"
"2","shader-module-create","first-frame","293","candidate","candidate-a","17"
"2","shader-and-layout","first-frame","315","candidate","candidate-a","17"
"2","rectangle-pipeline","first-frame","4830","candidate","candidate-a","17"
"2","frame-texture-view","first-frame","16","candidate","candidate-a","17"
"2","instance-generation","first-frame","2","candidate","candidate-a","17"
"2","instance-buffer-allocation","first-frame","273","candidate","candidate-a","17"
"2","instance-buffer-writes","first-frame","137","candidate","candidate-a","17"
"2","buffer-create-upload","first-frame","446","candidate","candidate-a","17"
"2","render-encoding","first-frame","499","candidate","candidate-a","17"
"2","queue-submit","first-frame","321","candidate","candidate-a","17"
"2","pre-present-notify","first-frame","0","candidate","candidate-a","17"
"2","first-present","first-frame","326","candidate","candidate-a","17"
"2","startup-redraw","first-frame","7026","candidate","candidate-a","17"
"2","initial-ui-and-pane-layout","first-text","6","candidate","candidate-a","17"
"2","initial-projection","first-text","56","candidate","candidate-a","17"
"2","surface-acquire","first-text","54","candidate","candidate-a","17"
"2","frame-texture-view","first-text","11","candidate","candidate-a","17"
"2","instance-generation","first-text","0","candidate","candidate-a","17"
"2","instance-buffer-writes","first-text","0","candidate","candidate-a","17"
"2","buffer-create-upload","first-text","13","candidate","candidate-a","17"
"2","render-encoding","first-text","1287","candidate","candidate-a","17"
"2","queue-submit","first-text","587","candidate","candidate-a","17"
"2","pre-present-notify","first-text","0","candidate","candidate-a","17"
"2","first-present","first-text","447","candidate","candidate-a","17"
"2","startup-redraw","first-text","2698","candidate","candidate-a","17"
"2","initial-ui-and-pane-layout","first-text","2","candidate","candidate-a","17"
"2","initial-projection","first-text","20","candidate","candidate-a","17"
"2","surface-acquire","first-text","34","candidate","candidate-a","17"
"2","frame-texture-view","first-text","5","candidate","candidate-a","17"
"2","instance-generation","first-text","0","candidate","candidate-a","17"
"2","instance-buffer-writes","first-text","0","candidate","candidate-a","17"
"2","buffer-create-upload","first-text","10","candidate","candidate-a","17"
"2","render-encoding","first-text","96","candidate","candidate-a","17"
"2","queue-submit","first-text","209","candidate","candidate-a","17"
"2","pre-present-notify","first-text","0","candidate","candidate-a","17"
"2","first-present","first-text","109","candidate","candidate-a","17"
"2","startup-redraw","first-text","588","candidate","candidate-a","17"
"2","initial-ui-and-pane-layout","first-text","1","candidate","candidate-a","17"
"2","initial-projection","first-text","18","candidate","candidate-a","17"
"2","surface-acquire","first-text","18","candidate","candidate-a","17"
"2","frame-texture-view","first-text","3","candidate","candidate-a","17"
"2","instance-generation","first-text","0","candidate","candidate-a","17"
"2","instance-buffer-writes","first-text","0","candidate","candidate-a","17"
"2","buffer-create-upload","first-text","10","candidate","candidate-a","17"
"2","render-encoding","first-text","59","candidate","candidate-a","17"
"2","queue-submit","first-text","82","candidate","candidate-a","17"
"2","pre-present-notify","first-text","0","candidate","candidate-a","17"
"2","first-present","first-text","85","candidate","candidate-a","17"
"2","startup-redraw","first-text","369","candidate","candidate-a","17"
"2","initial-ui-and-pane-layout","first-text","2","candidate","candidate-a","17"
"2","initial-projection","first-text","26","candidate","candidate-a","17"
"2","surface-acquire","first-text","33","candidate","candidate-a","17"
"2","frame-texture-view","first-text","4","candidate","candidate-a","17"
"2","glyph-bind-group-layout","first-text","42","candidate","candidate-a","17"
"2","glyph-pipeline","first-text","6268","candidate","candidate-a","17"
"2","atlas-texture-create","first-text","1441","candidate","candidate-a","17"
"2","atlas-view-sampler-bind-group","first-text","188","candidate","candidate-a","17"
"2","glyph-atlas","first-text","1693","candidate","candidate-a","17"
"2","instance-generation","first-text","13447","candidate","candidate-a","17"
"2","instance-buffer-allocation","first-text","89","candidate","candidate-a","17"
"2","instance-buffer-writes","first-text","92","candidate","candidate-a","17"
"2","instance-buffer-writes","first-text","161","candidate","candidate-a","17"
"2","buffer-create-upload","first-text","393","candidate","candidate-a","17"
"2","render-encoding","first-text","258","candidate","candidate-a","17"
"2","queue-submit","first-text","445","candidate","candidate-a","17"
"2","pre-present-notify","first-text","0","candidate","candidate-a","17"
"2","first-present","first-text","232","candidate","candidate-a","17"
"2","startup-redraw","first-text","14956","candidate","candidate-a","17"
"3","cli-parse","first-frame","475","candidate","candidate-a","18"
"3","event-loop-create","first-frame","3081","candidate","candidate-a","18"
"3","application-default-state","first-frame","139","candidate","candidate-a","18"
"3","application-state-and-paths","first-frame","175","candidate","candidate-a","18"
"3","config-read-parse","first-frame","136","candidate","candidate-a","18"
"3","workspace-model-and-runtimes","first-frame","8","candidate","candidate-a","18"
"3","window-create-and-branding","first-frame","12783","candidate","candidate-a","18"
"3","system-font-discovery","first-frame","28538","candidate","candidate-a","18"
"3","font-family-resolution","first-frame","12","candidate","candidate-a","18"
"3","fallback-candidate-ordering","first-frame","1346","candidate","candidate-a","18"
"3","font-cache-setup","first-frame","8","candidate","candidate-a","18"
"3","font-family-preparation","first-frame","29979","candidate","candidate-a","18"
"3","font-metrics","first-frame","114","candidate","candidate-a","18"
"3","wgpu-instance","first-frame","8028","candidate","candidate-a","18"
"3","surface-create","first-frame","26","candidate","candidate-a","18"
"3","adapter-request","first-frame","31746","candidate","candidate-a","18"
"3","device-request","first-frame","36445","candidate","candidate-a","18"
"3","surface-capabilities-and-config","first-frame","9","candidate","candidate-a","18"
"3","surface-configure","first-frame","4789","candidate","candidate-a","18"
"3","initial-grid-resize","first-frame","131","candidate","candidate-a","18"
"3","initial-ui-and-pane-layout","first-frame","5","candidate","candidate-a","18"
"3","initial-projection","first-frame","27","candidate","candidate-a","18"
"3","surface-acquire","first-frame","39","candidate","candidate-a","18"
"3","shader-module-create","first-frame","313","candidate","candidate-a","18"
"3","shader-and-layout","first-frame","324","candidate","candidate-a","18"
"3","rectangle-pipeline","first-frame","4778","candidate","candidate-a","18"
"3","frame-texture-view","first-frame","25","candidate","candidate-a","18"
"3","instance-generation","first-frame","3","candidate","candidate-a","18"
"3","instance-buffer-allocation","first-frame","214","candidate","candidate-a","18"
"3","instance-buffer-writes","first-frame","157","candidate","candidate-a","18"
"3","buffer-create-upload","first-frame","404","candidate","candidate-a","18"
"3","render-encoding","first-frame","469","candidate","candidate-a","18"
"3","queue-submit","first-frame","427","candidate","candidate-a","18"
"3","pre-present-notify","first-frame","0","candidate","candidate-a","18"
"3","first-present","first-frame","378","candidate","candidate-a","18"
"3","startup-redraw","first-frame","7018","candidate","candidate-a","18"
"3","initial-ui-and-pane-layout","first-text","7","candidate","candidate-a","18"
"3","initial-projection","first-text","24","candidate","candidate-a","18"
"3","surface-acquire","first-text","35","candidate","candidate-a","18"
"3","frame-texture-view","first-text","4","candidate","candidate-a","18"
"3","instance-generation","first-text","1","candidate","candidate-a","18"
"3","instance-buffer-writes","first-text","0","candidate","candidate-a","18"
"3","buffer-create-upload","first-text","10","candidate","candidate-a","18"
"3","render-encoding","first-text","752","candidate","candidate-a","18"
"3","queue-submit","first-text","629","candidate","candidate-a","18"
"3","pre-present-notify","first-text","0","candidate","candidate-a","18"
"3","first-present","first-text","384","candidate","candidate-a","18"
"3","startup-redraw","first-text","2018","candidate","candidate-a","18"
"3","initial-ui-and-pane-layout","first-text","2","candidate","candidate-a","18"
"3","initial-projection","first-text","19","candidate","candidate-a","18"
"3","surface-acquire","first-text","36","candidate","candidate-a","18"
"3","frame-texture-view","first-text","5","candidate","candidate-a","18"
"3","instance-generation","first-text","0","candidate","candidate-a","18"
"3","instance-buffer-writes","first-text","0","candidate","candidate-a","18"
"3","buffer-create-upload","first-text","9","candidate","candidate-a","18"
"3","render-encoding","first-text","106","candidate","candidate-a","18"
"3","queue-submit","first-text","240","candidate","candidate-a","18"
"3","pre-present-notify","first-text","0","candidate","candidate-a","18"
"3","first-present","first-text","119","candidate","candidate-a","18"
"3","startup-redraw","first-text","637","candidate","candidate-a","18"
"3","initial-ui-and-pane-layout","first-text","1","candidate","candidate-a","18"
"3","initial-projection","first-text","17","candidate","candidate-a","18"
"3","surface-acquire","first-text","19","candidate","candidate-a","18"
"3","frame-texture-view","first-text","5","candidate","candidate-a","18"
"3","instance-generation","first-text","0","candidate","candidate-a","18"
"3","instance-buffer-writes","first-text","0","candidate","candidate-a","18"
"3","buffer-create-upload","first-text","9","candidate","candidate-a","18"
"3","render-encoding","first-text","58","candidate","candidate-a","18"
"3","queue-submit","first-text","66","candidate","candidate-a","18"
"3","pre-present-notify","first-text","0","candidate","candidate-a","18"
"3","first-present","first-text","78","candidate","candidate-a","18"
"3","startup-redraw","first-text","344","candidate","candidate-a","18"
"3","initial-ui-and-pane-layout","first-text","3","candidate","candidate-a","18"
"3","initial-projection","first-text","31","candidate","candidate-a","18"
"3","surface-acquire","first-text","38","candidate","candidate-a","18"
"3","frame-texture-view","first-text","5","candidate","candidate-a","18"
"3","glyph-bind-group-layout","first-text","38","candidate","candidate-a","18"
"3","glyph-pipeline","first-text","5957","candidate","candidate-a","18"
"3","atlas-texture-create","first-text","1436","candidate","candidate-a","18"
"3","atlas-view-sampler-bind-group","first-text","193","candidate","candidate-a","18"
"3","glyph-atlas","first-text","1668","candidate","candidate-a","18"
"3","instance-generation","first-text","13703","candidate","candidate-a","18"
"3","instance-buffer-allocation","first-text","92","candidate","candidate-a","18"
"3","instance-buffer-writes","first-text","95","candidate","candidate-a","18"
"3","instance-buffer-writes","first-text","150","candidate","candidate-a","18"
"3","buffer-create-upload","first-text","385","candidate","candidate-a","18"
"3","render-encoding","first-text","112","candidate","candidate-a","18"
"3","queue-submit","first-text","130","candidate","candidate-a","18"
"3","pre-present-notify","first-text","0","candidate","candidate-a","18"
"3","first-present","first-text","153","candidate","candidate-a","18"
"3","startup-redraw","first-text","14673","candidate","candidate-a","18"
"4","cli-parse","first-frame","434","candidate","candidate-a","19"
"4","event-loop-create","first-frame","4316","candidate","candidate-a","19"
"4","application-default-state","first-frame","143","candidate","candidate-a","19"
"4","application-state-and-paths","first-frame","178","candidate","candidate-a","19"
"4","config-read-parse","first-frame","160","candidate","candidate-a","19"
"4","workspace-model-and-runtimes","first-frame","10","candidate","candidate-a","19"
"4","window-create-and-branding","first-frame","11806","candidate","candidate-a","19"
"4","system-font-discovery","first-frame","28687","candidate","candidate-a","19"
"4","font-family-resolution","first-frame","13","candidate","candidate-a","19"
"4","fallback-candidate-ordering","first-frame","1200","candidate","candidate-a","19"
"4","font-cache-setup","first-frame","3","candidate","candidate-a","19"
"4","font-family-preparation","first-frame","29958","candidate","candidate-a","19"
"4","font-metrics","first-frame","74","candidate","candidate-a","19"
"4","wgpu-instance","first-frame","6125","candidate","candidate-a","19"
"4","surface-create","first-frame","26","candidate","candidate-a","19"
"4","adapter-request","first-frame","30341","candidate","candidate-a","19"
"4","device-request","first-frame","39733","candidate","candidate-a","19"
"4","surface-capabilities-and-config","first-frame","8","candidate","candidate-a","19"
"4","surface-configure","first-frame","4346","candidate","candidate-a","19"
"4","initial-grid-resize","first-frame","111","candidate","candidate-a","19"
"4","initial-ui-and-pane-layout","first-frame","16","candidate","candidate-a","19"
"4","initial-projection","first-frame","27","candidate","candidate-a","19"
"4","surface-acquire","first-frame","37","candidate","candidate-a","19"
"4","shader-module-create","first-frame","272","candidate","candidate-a","19"
"4","shader-and-layout","first-frame","282","candidate","candidate-a","19"
"4","rectangle-pipeline","first-frame","5480","candidate","candidate-a","19"
"4","frame-texture-view","first-frame","20","candidate","candidate-a","19"
"4","instance-generation","first-frame","2","candidate","candidate-a","19"
"4","instance-buffer-allocation","first-frame","155","candidate","candidate-a","19"
"4","instance-buffer-writes","first-frame","247","candidate","candidate-a","19"
"4","buffer-create-upload","first-frame","444","candidate","candidate-a","19"
"4","render-encoding","first-frame","645","candidate","candidate-a","19"
"4","queue-submit","first-frame","393","candidate","candidate-a","19"
"4","pre-present-notify","first-frame","0","candidate","candidate-a","19"
"4","first-present","first-frame","349","candidate","candidate-a","19"
"4","startup-redraw","first-frame","7835","candidate","candidate-a","19"
"4","initial-ui-and-pane-layout","first-text","2","candidate","candidate-a","19"
"4","initial-projection","first-text","29","candidate","candidate-a","19"
"4","surface-acquire","first-text","35","candidate","candidate-a","19"
"4","frame-texture-view","first-text","5","candidate","candidate-a","19"
"4","instance-generation","first-text","0","candidate","candidate-a","19"
"4","instance-buffer-writes","first-text","0","candidate","candidate-a","19"
"4","buffer-create-upload","first-text","10","candidate","candidate-a","19"
"4","render-encoding","first-text","716","candidate","candidate-a","19"
"4","queue-submit","first-text","882","candidate","candidate-a","19"
"4","pre-present-notify","first-text","0","candidate","candidate-a","19"
"4","first-present","first-text","779","candidate","candidate-a","19"
"4","startup-redraw","first-text","2664","candidate","candidate-a","19"
"4","initial-ui-and-pane-layout","first-text","3","candidate","candidate-a","19"
"4","initial-projection","first-text","22","candidate","candidate-a","19"
"4","surface-acquire","first-text","45","candidate","candidate-a","19"
"4","frame-texture-view","first-text","6","candidate","candidate-a","19"
"4","instance-generation","first-text","0","candidate","candidate-a","19"
"4","instance-buffer-writes","first-text","0","candidate","candidate-a","19"
"4","buffer-create-upload","first-text","10","candidate","candidate-a","19"
"4","render-encoding","first-text","93","candidate","candidate-a","19"
"4","queue-submit","first-text","313","candidate","candidate-a","19"
"4","pre-present-notify","first-text","0","candidate","candidate-a","19"
"4","first-present","first-text","170","candidate","candidate-a","19"
"4","startup-redraw","first-text","795","candidate","candidate-a","19"
"4","initial-ui-and-pane-layout","first-text","4","candidate","candidate-a","19"
"4","initial-projection","first-text","42","candidate","candidate-a","19"
"4","surface-acquire","first-text","49","candidate","candidate-a","19"
"4","frame-texture-view","first-text","7","candidate","candidate-a","19"
"4","instance-generation","first-text","1","candidate","candidate-a","19"
"4","instance-buffer-writes","first-text","0","candidate","candidate-a","19"
"4","buffer-create-upload","first-text","16","candidate","candidate-a","19"
"4","render-encoding","first-text","130","candidate","candidate-a","19"
"4","queue-submit","first-text","134","candidate","candidate-a","19"
"4","pre-present-notify","first-text","0","candidate","candidate-a","19"
"4","first-present","first-text","158","candidate","candidate-a","19"
"4","startup-redraw","first-text","714","candidate","candidate-a","19"
"4","initial-ui-and-pane-layout","first-text","3","candidate","candidate-a","19"
"4","initial-projection","first-text","27","candidate","candidate-a","19"
"4","surface-acquire","first-text","46","candidate","candidate-a","19"
"4","frame-texture-view","first-text","5","candidate","candidate-a","19"
"4","glyph-bind-group-layout","first-text","80","candidate","candidate-a","19"
"4","glyph-pipeline","first-text","5604","candidate","candidate-a","19"
"4","atlas-texture-create","first-text","1471","candidate","candidate-a","19"
"4","atlas-view-sampler-bind-group","first-text","214","candidate","candidate-a","19"
"4","glyph-atlas","first-text","1724","candidate","candidate-a","19"
"4","instance-generation","first-text","12676","candidate","candidate-a","19"
"4","instance-buffer-allocation","first-text","90","candidate","candidate-a","19"
"4","instance-buffer-writes","first-text","73","candidate","candidate-a","19"
"4","instance-buffer-writes","first-text","198","candidate","candidate-a","19"
"4","buffer-create-upload","first-text","414","candidate","candidate-a","19"
"4","render-encoding","first-text","145","candidate","candidate-a","19"
"4","queue-submit","first-text","168","candidate","candidate-a","19"
"4","pre-present-notify","first-text","0","candidate","candidate-a","19"
"4","first-present","first-text","179","candidate","candidate-a","19"
"4","startup-redraw","first-text","13771","candidate","candidate-a","19"
"5","cli-parse","first-frame","572","candidate","candidate-a","20"
"5","event-loop-create","first-frame","3983","candidate","candidate-a","20"
"5","application-default-state","first-frame","137","candidate","candidate-a","20"
"5","application-state-and-paths","first-frame","175","candidate","candidate-a","20"
"5","config-read-parse","first-frame","155","candidate","candidate-a","20"
"5","workspace-model-and-runtimes","first-frame","9","candidate","candidate-a","20"
"5","window-create-and-branding","first-frame","11706","candidate","candidate-a","20"
"5","system-font-discovery","first-frame","28447","candidate","candidate-a","20"
"5","font-family-resolution","first-frame","13","candidate","candidate-a","20"
"5","fallback-candidate-ordering","first-frame","1225","candidate","candidate-a","20"
"5","font-cache-setup","first-frame","3","candidate","candidate-a","20"
"5","font-family-preparation","first-frame","29743","candidate","candidate-a","20"
"5","font-metrics","first-frame","68","candidate","candidate-a","20"
"5","wgpu-instance","first-frame","5777","candidate","candidate-a","20"
"5","surface-create","first-frame","27","candidate","candidate-a","20"
"5","adapter-request","first-frame","33182","candidate","candidate-a","20"
"5","device-request","first-frame","35814","candidate","candidate-a","20"
"5","surface-capabilities-and-config","first-frame","11","candidate","candidate-a","20"
"5","surface-configure","first-frame","4647","candidate","candidate-a","20"
"5","initial-grid-resize","first-frame","125","candidate","candidate-a","20"
"5","initial-ui-and-pane-layout","first-frame","2","candidate","candidate-a","20"
"5","initial-projection","first-frame","22","candidate","candidate-a","20"
"5","surface-acquire","first-frame","77","candidate","candidate-a","20"
"5","shader-module-create","first-frame","332","candidate","candidate-a","20"
"5","shader-and-layout","first-frame","344","candidate","candidate-a","20"
"5","rectangle-pipeline","first-frame","4994","candidate","candidate-a","20"
"5","frame-texture-view","first-frame","16","candidate","candidate-a","20"
"5","instance-generation","first-frame","2","candidate","candidate-a","20"
"5","instance-buffer-allocation","first-frame","118","candidate","candidate-a","20"
"5","instance-buffer-writes","first-frame","155","candidate","candidate-a","20"
"5","buffer-create-upload","first-frame","302","candidate","candidate-a","20"
"5","render-encoding","first-frame","484","candidate","candidate-a","20"
"5","queue-submit","first-frame","485","candidate","candidate-a","20"
"5","pre-present-notify","first-frame","0","candidate","candidate-a","20"
"5","first-present","first-frame","307","candidate","candidate-a","20"
"5","startup-redraw","first-frame","7191","candidate","candidate-a","20"
"5","initial-ui-and-pane-layout","first-text","2","candidate","candidate-a","20"
"5","initial-projection","first-text","24","candidate","candidate-a","20"
"5","surface-acquire","first-text","34","candidate","candidate-a","20"
"5","frame-texture-view","first-text","5","candidate","candidate-a","20"
"5","instance-generation","first-text","0","candidate","candidate-a","20"
"5","instance-buffer-writes","first-text","0","candidate","candidate-a","20"
"5","buffer-create-upload","first-text","10","candidate","candidate-a","20"
"5","render-encoding","first-text","571","candidate","candidate-a","20"
"5","queue-submit","first-text","1210","candidate","candidate-a","20"
"5","pre-present-notify","first-text","0","candidate","candidate-a","20"
"5","first-present","first-text","772","candidate","candidate-a","20"
"5","startup-redraw","first-text","2838","candidate","candidate-a","20"
"5","initial-ui-and-pane-layout","first-text","3","candidate","candidate-a","20"
"5","initial-projection","first-text","25","candidate","candidate-a","20"
"5","surface-acquire","first-text","38","candidate","candidate-a","20"
"5","frame-texture-view","first-text","5","candidate","candidate-a","20"
"5","instance-generation","first-text","0","candidate","candidate-a","20"
"5","instance-buffer-writes","first-text","0","candidate","candidate-a","20"
"5","buffer-create-upload","first-text","9","candidate","candidate-a","20"
"5","render-encoding","first-text","107","candidate","candidate-a","20"
"5","queue-submit","first-text","246","candidate","candidate-a","20"
"5","pre-present-notify","first-text","0","candidate","candidate-a","20"
"5","first-present","first-text","152","candidate","candidate-a","20"
"5","startup-redraw","first-text","689","candidate","candidate-a","20"
"5","initial-ui-and-pane-layout","first-text","3","candidate","candidate-a","20"
"5","initial-projection","first-text","39","candidate","candidate-a","20"
"5","surface-acquire","first-text","41","candidate","candidate-a","20"
"5","frame-texture-view","first-text","6","candidate","candidate-a","20"
"5","instance-generation","first-text","0","candidate","candidate-a","20"
"5","instance-buffer-writes","first-text","0","candidate","candidate-a","20"
"5","buffer-create-upload","first-text","17","candidate","candidate-a","20"
"5","render-encoding","first-text","123","candidate","candidate-a","20"
"5","queue-submit","first-text","134","candidate","candidate-a","20"
"5","pre-present-notify","first-text","0","candidate","candidate-a","20"
"5","first-present","first-text","180","candidate","candidate-a","20"
"5","startup-redraw","first-text","728","candidate","candidate-a","20"
"5","initial-ui-and-pane-layout","first-text","4","candidate","candidate-a","20"
"5","initial-projection","first-text","35","candidate","candidate-a","20"
"5","surface-acquire","first-text","47","candidate","candidate-a","20"
"5","frame-texture-view","first-text","7","candidate","candidate-a","20"
"5","glyph-bind-group-layout","first-text","54","candidate","candidate-a","20"
"5","glyph-pipeline","first-text","6687","candidate","candidate-a","20"
"5","atlas-texture-create","first-text","1647","candidate","candidate-a","20"
"5","atlas-view-sampler-bind-group","first-text","191","candidate","candidate-a","20"
"5","glyph-atlas","first-text","1883","candidate","candidate-a","20"
"5","instance-generation","first-text","14257","candidate","candidate-a","20"
"5","instance-buffer-allocation","first-text","87","candidate","candidate-a","20"
"5","instance-buffer-writes","first-text","100","candidate","candidate-a","20"
"5","instance-buffer-writes","first-text","286","candidate","candidate-a","20"
"5","buffer-create-upload","first-text","689","candidate","candidate-a","20"
"5","render-encoding","first-text","171","candidate","candidate-a","20"
"5","queue-submit","first-text","298","candidate","candidate-a","20"
"5","pre-present-notify","first-text","0","candidate","candidate-a","20"
"5","first-present","first-text","155","candidate","candidate-a","20"
"5","startup-redraw","first-text","15799","candidate","candidate-a","20"
"6","cli-parse","first-frame","458","candidate","candidate-a","21"
"6","event-loop-create","first-frame","2948","candidate","candidate-a","21"
"6","application-default-state","first-frame","133","candidate","candidate-a","21"
"6","application-state-and-paths","first-frame","166","candidate","candidate-a","21"
"6","config-read-parse","first-frame","137","candidate","candidate-a","21"
"6","workspace-model-and-runtimes","first-frame","9","candidate","candidate-a","21"
"6","window-create-and-branding","first-frame","12159","candidate","candidate-a","21"
"6","system-font-discovery","first-frame","29368","candidate","candidate-a","21"
"6","font-family-resolution","first-frame","13","candidate","candidate-a","21"
"6","fallback-candidate-ordering","first-frame","1081","candidate","candidate-a","21"
"6","font-cache-setup","first-frame","3","candidate","candidate-a","21"
"6","font-family-preparation","first-frame","30517","candidate","candidate-a","21"
"6","font-metrics","first-frame","60","candidate","candidate-a","21"
"6","wgpu-instance","first-frame","5719","candidate","candidate-a","21"
"6","surface-create","first-frame","24","candidate","candidate-a","21"
"6","adapter-request","first-frame","32451","candidate","candidate-a","21"
"6","device-request","first-frame","37222","candidate","candidate-a","21"
"6","surface-capabilities-and-config","first-frame","10","candidate","candidate-a","21"
"6","surface-configure","first-frame","4097","candidate","candidate-a","21"
"6","initial-grid-resize","first-frame","112","candidate","candidate-a","21"
"6","initial-ui-and-pane-layout","first-frame","12","candidate","candidate-a","21"
"6","initial-projection","first-frame","26","candidate","candidate-a","21"
"6","surface-acquire","first-frame","36","candidate","candidate-a","21"
"6","shader-module-create","first-frame","331","candidate","candidate-a","21"
"6","shader-and-layout","first-frame","343","candidate","candidate-a","21"
"6","rectangle-pipeline","first-frame","5802","candidate","candidate-a","21"
"6","frame-texture-view","first-frame","23","candidate","candidate-a","21"
"6","instance-generation","first-frame","3","candidate","candidate-a","21"
"6","instance-buffer-allocation","first-frame","189","candidate","candidate-a","21"
"6","instance-buffer-writes","first-frame","186","candidate","candidate-a","21"
"6","buffer-create-upload","first-frame","411","candidate","candidate-a","21"
"6","render-encoding","first-frame","440","candidate","candidate-a","21"
"6","queue-submit","first-frame","366","candidate","candidate-a","21"
"6","pre-present-notify","first-frame","0","candidate","candidate-a","21"
"6","first-present","first-frame","366","candidate","candidate-a","21"
"6","startup-redraw","first-frame","7968","candidate","candidate-a","21"
"6","initial-ui-and-pane-layout","first-text","8","candidate","candidate-a","21"
"6","initial-projection","first-text","25","candidate","candidate-a","21"
"6","surface-acquire","first-text","36","candidate","candidate-a","21"
"6","frame-texture-view","first-text","5","candidate","candidate-a","21"
"6","instance-generation","first-text","0","candidate","candidate-a","21"
"6","instance-buffer-writes","first-text","0","candidate","candidate-a","21"
"6","buffer-create-upload","first-text","10","candidate","candidate-a","21"
"6","render-encoding","first-text","698","candidate","candidate-a","21"
"6","queue-submit","first-text","792","candidate","candidate-a","21"
"6","pre-present-notify","first-text","0","candidate","candidate-a","21"
"6","first-present","first-text","451","candidate","candidate-a","21"
"6","startup-redraw","first-text","2215","candidate","candidate-a","21"
"6","initial-ui-and-pane-layout","first-text","2","candidate","candidate-a","21"
"6","initial-projection","first-text","23","candidate","candidate-a","21"
"6","surface-acquire","first-text","36","candidate","candidate-a","21"
"6","frame-texture-view","first-text","5","candidate","candidate-a","21"
"6","instance-generation","first-text","0","candidate","candidate-a","21"
"6","instance-buffer-writes","first-text","0","candidate","candidate-a","21"
"6","buffer-create-upload","first-text","9","candidate","candidate-a","21"
"6","render-encoding","first-text","117","candidate","candidate-a","21"
"6","queue-submit","first-text","205","candidate","candidate-a","21"
"6","pre-present-notify","first-text","0","candidate","candidate-a","21"
"6","first-present","first-text","119","candidate","candidate-a","21"
"6","startup-redraw","first-text","615","candidate","candidate-a","21"
"6","initial-ui-and-pane-layout","first-text","1","candidate","candidate-a","21"
"6","initial-projection","first-text","21","candidate","candidate-a","21"
"6","surface-acquire","first-text","21","candidate","candidate-a","21"
"6","frame-texture-view","first-text","5","candidate","candidate-a","21"
"6","instance-generation","first-text","0","candidate","candidate-a","21"
"6","instance-buffer-writes","first-text","0","candidate","candidate-a","21"
"6","buffer-create-upload","first-text","9","candidate","candidate-a","21"
"6","render-encoding","first-text","120","candidate","candidate-a","21"
"6","queue-submit","first-text","77","candidate","candidate-a","21"
"6","pre-present-notify","first-text","0","candidate","candidate-a","21"
"6","first-present","first-text","92","candidate","candidate-a","21"
"6","startup-redraw","first-text","442","candidate","candidate-a","21"
"6","initial-ui-and-pane-layout","first-text","3","candidate","candidate-a","21"
"6","initial-projection","first-text","57","candidate","candidate-a","21"
"6","surface-acquire","first-text","43","candidate","candidate-a","21"
"6","frame-texture-view","first-text","7","candidate","candidate-a","21"
"6","glyph-bind-group-layout","first-text","60","candidate","candidate-a","21"
"6","glyph-pipeline","first-text","5752","candidate","candidate-a","21"
"6","atlas-texture-create","first-text","1599","candidate","candidate-a","21"
"6","atlas-view-sampler-bind-group","first-text","158","candidate","candidate-a","21"
"6","glyph-atlas","first-text","1792","candidate","candidate-a","21"
"6","instance-generation","first-text","13025","candidate","candidate-a","21"
"6","instance-buffer-allocation","first-text","128","candidate","candidate-a","21"
"6","instance-buffer-writes","first-text","118","candidate","candidate-a","21"
"6","instance-buffer-writes","first-text","112","candidate","candidate-a","21"
"6","buffer-create-upload","first-text","403","candidate","candidate-a","21"
"6","render-encoding","first-text","120","candidate","candidate-a","21"
"6","queue-submit","first-text","158","candidate","candidate-a","21"
"6","pre-present-notify","first-text","0","candidate","candidate-a","21"
"6","first-present","first-text","226","candidate","candidate-a","21"
"6","startup-redraw","first-text","14153","candidate","candidate-a","21"
"7","cli-parse","first-frame","448","candidate","candidate-a","22"
"7","event-loop-create","first-frame","4797","candidate","candidate-a","22"
"7","application-default-state","first-frame","138","candidate","candidate-a","22"
"7","application-state-and-paths","first-frame","178","candidate","candidate-a","22"
"7","config-read-parse","first-frame","158","candidate","candidate-a","22"
"7","workspace-model-and-runtimes","first-frame","9","candidate","candidate-a","22"
"7","window-create-and-branding","first-frame","14001","candidate","candidate-a","22"
"7","system-font-discovery","first-frame","29802","candidate","candidate-a","22"
"7","font-family-resolution","first-frame","14","candidate","candidate-a","22"
"7","fallback-candidate-ordering","first-frame","1230","candidate","candidate-a","22"
"7","font-cache-setup","first-frame","4","candidate","candidate-a","22"
"7","font-family-preparation","first-frame","31109","candidate","candidate-a","22"
"7","font-metrics","first-frame","74","candidate","candidate-a","22"
"7","wgpu-instance","first-frame","5897","candidate","candidate-a","22"
"7","surface-create","first-frame","23","candidate","candidate-a","22"
"7","adapter-request","first-frame","33079","candidate","candidate-a","22"
"7","device-request","first-frame","36211","candidate","candidate-a","22"
"7","surface-capabilities-and-config","first-frame","9","candidate","candidate-a","22"
"7","surface-configure","first-frame","4496","candidate","candidate-a","22"
"7","initial-grid-resize","first-frame","92","candidate","candidate-a","22"
"7","initial-ui-and-pane-layout","first-frame","25","candidate","candidate-a","22"
"7","initial-projection","first-frame","23","candidate","candidate-a","22"
"7","surface-acquire","first-frame","38","candidate","candidate-a","22"
"7","shader-module-create","first-frame","287","candidate","candidate-a","22"
"7","shader-and-layout","first-frame","298","candidate","candidate-a","22"
"7","rectangle-pipeline","first-frame","5026","candidate","candidate-a","22"
"7","frame-texture-view","first-frame","18","candidate","candidate-a","22"
"7","instance-generation","first-frame","2","candidate","candidate-a","22"
"7","instance-buffer-allocation","first-frame","137","candidate","candidate-a","22"
"7","instance-buffer-writes","first-frame","140","candidate","candidate-a","22"
"7","buffer-create-upload","first-frame","302","candidate","candidate-a","22"
"7","render-encoding","first-frame","373","candidate","candidate-a","22"
"7","queue-submit","first-frame","319","candidate","candidate-a","22"
"7","pre-present-notify","first-frame","0","candidate","candidate-a","22"
"7","first-present","first-frame","288","candidate","candidate-a","22"
"7","startup-redraw","first-frame","6818","candidate","candidate-a","22"
"7","initial-ui-and-pane-layout","first-text","5","candidate","candidate-a","22"
"7","initial-projection","first-text","37","candidate","candidate-a","22"
"7","surface-acquire","first-text","46","candidate","candidate-a","22"
"7","frame-texture-view","first-text","6","candidate","candidate-a","22"
"7","instance-generation","first-text","0","candidate","candidate-a","22"
"7","instance-buffer-writes","first-text","0","candidate","candidate-a","22"
"7","buffer-create-upload","first-text","11","candidate","candidate-a","22"
"7","render-encoding","first-text","811","candidate","candidate-a","22"
"7","queue-submit","first-text","770","candidate","candidate-a","22"
"7","pre-present-notify","first-text","0","candidate","candidate-a","22"
"7","first-present","first-text","429","candidate","candidate-a","22"
"7","startup-redraw","first-text","2335","candidate","candidate-a","22"
"7","initial-ui-and-pane-layout","first-text","2","candidate","candidate-a","22"
"7","initial-projection","first-text","22","candidate","candidate-a","22"
"7","surface-acquire","first-text","38","candidate","candidate-a","22"
"7","frame-texture-view","first-text","5","candidate","candidate-a","22"
"7","instance-generation","first-text","0","candidate","candidate-a","22"
"7","instance-buffer-writes","first-text","0","candidate","candidate-a","22"
"7","buffer-create-upload","first-text","9","candidate","candidate-a","22"
"7","render-encoding","first-text","108","candidate","candidate-a","22"
"7","queue-submit","first-text","230","candidate","candidate-a","22"
"7","pre-present-notify","first-text","0","candidate","candidate-a","22"
"7","first-present","first-text","155","candidate","candidate-a","22"
"7","startup-redraw","first-text","678","candidate","candidate-a","22"
"7","initial-ui-and-pane-layout","first-text","3","candidate","candidate-a","22"
"7","initial-projection","first-text","33","candidate","candidate-a","22"
"7","surface-acquire","first-text","35","candidate","candidate-a","22"
"7","frame-texture-view","first-text","8","candidate","candidate-a","22"
"7","instance-generation","first-text","0","candidate","candidate-a","22"
"7","instance-buffer-writes","first-text","0","candidate","candidate-a","22"
"7","buffer-create-upload","first-text","18","candidate","candidate-a","22"
"7","render-encoding","first-text","122","candidate","candidate-a","22"
"7","queue-submit","first-text","134","candidate","candidate-a","22"
"7","pre-present-notify","first-text","0","candidate","candidate-a","22"
"7","first-present","first-text","172","candidate","candidate-a","22"
"7","startup-redraw","first-text","717","candidate","candidate-a","22"
"7","initial-ui-and-pane-layout","first-text","3","candidate","candidate-a","22"
"7","initial-projection","first-text","26","candidate","candidate-a","22"
"7","surface-acquire","first-text","35","candidate","candidate-a","22"
"7","frame-texture-view","first-text","6","candidate","candidate-a","22"
"7","glyph-bind-group-layout","first-text","64","candidate","candidate-a","22"
"7","glyph-pipeline","first-text","6506","candidate","candidate-a","22"
"7","atlas-texture-create","first-text","1358","candidate","candidate-a","22"
"7","atlas-view-sampler-bind-group","first-text","185","candidate","candidate-a","22"
"7","glyph-atlas","first-text","1591","candidate","candidate-a","22"
"7","instance-generation","first-text","14000","candidate","candidate-a","22"
"7","instance-buffer-allocation","first-text","104","candidate","candidate-a","22"
"7","instance-buffer-writes","first-text","117","candidate","candidate-a","22"
"7","instance-buffer-writes","first-text","205","candidate","candidate-a","22"
"7","buffer-create-upload","first-text","483","candidate","candidate-a","22"
"7","render-encoding","first-text","123","candidate","candidate-a","22"
"7","queue-submit","first-text","151","candidate","candidate-a","22"
"7","pre-present-notify","first-text","0","candidate","candidate-a","22"
"7","first-present","first-text","200","candidate","candidate-a","22"
"7","startup-redraw","first-text","15143","candidate","candidate-a","22"
"8","cli-parse","first-frame","415","candidate","candidate-a","23"
"8","event-loop-create","first-frame","3648","candidate","candidate-a","23"
"8","application-default-state","first-frame","142","candidate","candidate-a","23"
"8","application-state-and-paths","first-frame","180","candidate","candidate-a","23"
"8","config-read-parse","first-frame","156","candidate","candidate-a","23"
"8","workspace-model-and-runtimes","first-frame","10","candidate","candidate-a","23"
"8","window-create-and-branding","first-frame","11603","candidate","candidate-a","23"
"8","system-font-discovery","first-frame","28548","candidate","candidate-a","23"
"8","font-family-resolution","first-frame","12","candidate","candidate-a","23"
"8","fallback-candidate-ordering","first-frame","1216","candidate","candidate-a","23"
"8","font-cache-setup","first-frame","3","candidate","candidate-a","23"
"8","font-family-preparation","first-frame","29835","candidate","candidate-a","23"
"8","font-metrics","first-frame","66","candidate","candidate-a","23"
"8","wgpu-instance","first-frame","5699","candidate","candidate-a","23"
"8","surface-create","first-frame","26","candidate","candidate-a","23"
"8","adapter-request","first-frame","32864","candidate","candidate-a","23"
"8","device-request","first-frame","35834","candidate","candidate-a","23"
"8","surface-capabilities-and-config","first-frame","10","candidate","candidate-a","23"
"8","surface-configure","first-frame","4725","candidate","candidate-a","23"
"8","initial-grid-resize","first-frame","120","candidate","candidate-a","23"
"8","initial-ui-and-pane-layout","first-frame","7","candidate","candidate-a","23"
"8","initial-projection","first-frame","28","candidate","candidate-a","23"
"8","surface-acquire","first-frame","42","candidate","candidate-a","23"
"8","shader-module-create","first-frame","307","candidate","candidate-a","23"
"8","shader-and-layout","first-frame","317","candidate","candidate-a","23"
"8","rectangle-pipeline","first-frame","4684","candidate","candidate-a","23"
"8","frame-texture-view","first-frame","15","candidate","candidate-a","23"
"8","instance-generation","first-frame","3","candidate","candidate-a","23"
"8","instance-buffer-allocation","first-frame","145","candidate","candidate-a","23"
"8","instance-buffer-writes","first-frame","145","candidate","candidate-a","23"
"8","buffer-create-upload","first-frame","323","candidate","candidate-a","23"
"8","render-encoding","first-frame","446","candidate","candidate-a","23"
"8","queue-submit","first-frame","427","candidate","candidate-a","23"
"8","pre-present-notify","first-frame","0","candidate","candidate-a","23"
"8","first-present","first-frame","320","candidate","candidate-a","23"
"8","startup-redraw","first-frame","6778","candidate","candidate-a","23"
"8","initial-ui-and-pane-layout","first-text","3","candidate","candidate-a","23"
"8","initial-projection","first-text","45","candidate","candidate-a","23"
"8","surface-acquire","first-text","48","candidate","candidate-a","23"
"8","frame-texture-view","first-text","10","candidate","candidate-a","23"
"8","instance-generation","first-text","0","candidate","candidate-a","23"
"8","instance-buffer-writes","first-text","0","candidate","candidate-a","23"
"8","buffer-create-upload","first-text","11","candidate","candidate-a","23"
"8","render-encoding","first-text","1086","candidate","candidate-a","23"
"8","queue-submit","first-text","534","candidate","candidate-a","23"
"8","pre-present-notify","first-text","0","candidate","candidate-a","23"
"8","first-present","first-text","499","candidate","candidate-a","23"
"8","startup-redraw","first-text","2452","candidate","candidate-a","23"
"8","initial-ui-and-pane-layout","first-text","3","candidate","candidate-a","23"
"8","initial-projection","first-text","21","candidate","candidate-a","23"
"8","surface-acquire","first-text","48","candidate","candidate-a","23"
"8","frame-texture-view","first-text","8","candidate","candidate-a","23"
"8","instance-generation","first-text","0","candidate","candidate-a","23"
"8","instance-buffer-writes","first-text","0","candidate","candidate-a","23"
"8","buffer-create-upload","first-text","11","candidate","candidate-a","23"
"8","render-encoding","first-text","144","candidate","candidate-a","23"
"8","queue-submit","first-text","236","candidate","candidate-a","23"
"8","pre-present-notify","first-text","0","candidate","candidate-a","23"
"8","first-present","first-text","118","candidate","candidate-a","23"
"8","startup-redraw","first-text","687","candidate","candidate-a","23"
"8","initial-ui-and-pane-layout","first-text","1","candidate","candidate-a","23"
"8","initial-projection","first-text","17","candidate","candidate-a","23"
"8","surface-acquire","first-text","17","candidate","candidate-a","23"
"8","frame-texture-view","first-text","4","candidate","candidate-a","23"
"8","instance-generation","first-text","0","candidate","candidate-a","23"
"8","instance-buffer-writes","first-text","0","candidate","candidate-a","23"
"8","buffer-create-upload","first-text","9","candidate","candidate-a","23"
"8","render-encoding","first-text","66","candidate","candidate-a","23"
"8","queue-submit","first-text","81","candidate","candidate-a","23"
"8","pre-present-notify","first-text","0","candidate","candidate-a","23"
"8","first-present","first-text","201","candidate","candidate-a","23"
"8","startup-redraw","first-text","491","candidate","candidate-a","23"
"8","initial-ui-and-pane-layout","first-text","5","candidate","candidate-a","23"
"8","initial-projection","first-text","82","candidate","candidate-a","23"
"8","surface-acquire","first-text","54","candidate","candidate-a","23"
"8","frame-texture-view","first-text","9","candidate","candidate-a","23"
"8","glyph-bind-group-layout","first-text","54","candidate","candidate-a","23"
"8","glyph-pipeline","first-text","6152","candidate","candidate-a","23"
"8","atlas-texture-create","first-text","1588","candidate","candidate-a","23"
"8","atlas-view-sampler-bind-group","first-text","186","candidate","candidate-a","23"
"8","glyph-atlas","first-text","1824","candidate","candidate-a","23"
"8","instance-generation","first-text","14116","candidate","candidate-a","23"
"8","instance-buffer-allocation","first-text","90","candidate","candidate-a","23"
"8","instance-buffer-writes","first-text","102","candidate","candidate-a","23"
"8","instance-buffer-writes","first-text","127","candidate","candidate-a","23"
"8","buffer-create-upload","first-text","375","candidate","candidate-a","23"
"8","render-encoding","first-text","105","candidate","candidate-a","23"
"8","queue-submit","first-text","138","candidate","candidate-a","23"
"8","pre-present-notify","first-text","0","candidate","candidate-a","23"
"8","first-present","first-text","149","candidate","candidate-a","23"
"8","startup-redraw","first-text","15162","candidate","candidate-a","23"
"9","cli-parse","first-frame","415","candidate","candidate-a","24"
"9","event-loop-create","first-frame","3848","candidate","candidate-a","24"
"9","application-default-state","first-frame","145","candidate","candidate-a","24"
"9","application-state-and-paths","first-frame","183","candidate","candidate-a","24"
"9","config-read-parse","first-frame","156","candidate","candidate-a","24"
"9","workspace-model-and-runtimes","first-frame","9","candidate","candidate-a","24"
"9","window-create-and-branding","first-frame","16344","candidate","candidate-a","24"
"9","system-font-discovery","first-frame","33018","candidate","candidate-a","24"
"9","font-family-resolution","first-frame","20","candidate","candidate-a","24"
"9","fallback-candidate-ordering","first-frame","1233","candidate","candidate-a","24"
"9","font-cache-setup","first-frame","4","candidate","candidate-a","24"
"9","font-family-preparation","first-frame","34342","candidate","candidate-a","24"
"9","font-metrics","first-frame","85","candidate","candidate-a","24"
"9","wgpu-instance","first-frame","7493","candidate","candidate-a","24"
"9","surface-create","first-frame","28","candidate","candidate-a","24"
"9","adapter-request","first-frame","35824","candidate","candidate-a","24"
"9","device-request","first-frame","47268","candidate","candidate-a","24"
"9","surface-capabilities-and-config","first-frame","11","candidate","candidate-a","24"
"9","surface-configure","first-frame","4504","candidate","candidate-a","24"
"9","initial-grid-resize","first-frame","136","candidate","candidate-a","24"
"9","initial-ui-and-pane-layout","first-frame","19","candidate","candidate-a","24"
"9","initial-projection","first-frame","23","candidate","candidate-a","24"
"9","surface-acquire","first-frame","39","candidate","candidate-a","24"
"9","shader-module-create","first-frame","335","candidate","candidate-a","24"
"9","shader-and-layout","first-frame","347","candidate","candidate-a","24"
"9","rectangle-pipeline","first-frame","6322","candidate","candidate-a","24"
"9","frame-texture-view","first-frame","21","candidate","candidate-a","24"
"9","instance-generation","first-frame","2","candidate","candidate-a","24"
"9","instance-buffer-allocation","first-frame","173","candidate","candidate-a","24"
"9","instance-buffer-writes","first-frame","175","candidate","candidate-a","24"
"9","buffer-create-upload","first-frame","385","candidate","candidate-a","24"
"9","render-encoding","first-frame","479","candidate","candidate-a","24"
"9","queue-submit","first-frame","348","candidate","candidate-a","24"
"9","pre-present-notify","first-frame","0","candidate","candidate-a","24"
"9","first-present","first-frame","359","candidate","candidate-a","24"
"9","startup-redraw","first-frame","8476","candidate","candidate-a","24"
"9","initial-ui-and-pane-layout","first-text","4","candidate","candidate-a","24"
"9","initial-projection","first-text","30","candidate","candidate-a","24"
"9","surface-acquire","first-text","42","candidate","candidate-a","24"
"9","frame-texture-view","first-text","5","candidate","candidate-a","24"
"9","instance-generation","first-text","0","candidate","candidate-a","24"
"9","instance-buffer-writes","first-text","0","candidate","candidate-a","24"
"9","buffer-create-upload","first-text","9","candidate","candidate-a","24"
"9","render-encoding","first-text","883","candidate","candidate-a","24"
"9","queue-submit","first-text","503","candidate","candidate-a","24"
"9","pre-present-notify","first-text","0","candidate","candidate-a","24"
"9","first-present","first-text","612","candidate","candidate-a","24"
"9","startup-redraw","first-text","2285","candidate","candidate-a","24"
"9","initial-ui-and-pane-layout","first-text","5","candidate","candidate-a","24"
"9","initial-projection","first-text","33","candidate","candidate-a","24"
"9","surface-acquire","first-text","44","candidate","candidate-a","24"
"9","frame-texture-view","first-text","7","candidate","candidate-a","24"
"9","instance-generation","first-text","0","candidate","candidate-a","24"
"9","instance-buffer-writes","first-text","0","candidate","candidate-a","24"
"9","buffer-create-upload","first-text","15","candidate","candidate-a","24"
"9","render-encoding","first-text","126","candidate","candidate-a","24"
"9","queue-submit","first-text","312","candidate","candidate-a","24"
"9","pre-present-notify","first-text","0","candidate","candidate-a","24"
"9","first-present","first-text","166","candidate","candidate-a","24"
"9","startup-redraw","first-text","862","candidate","candidate-a","24"
"9","initial-ui-and-pane-layout","first-text","3","candidate","candidate-a","24"
"9","initial-projection","first-text","23","candidate","candidate-a","24"
"9","surface-acquire","first-text","37","candidate","candidate-a","24"
"9","frame-texture-view","first-text","5","candidate","candidate-a","24"
"9","glyph-bind-group-layout","first-text","48","candidate","candidate-a","24"
"9","glyph-pipeline","first-text","7018","candidate","candidate-a","24"
"9","atlas-texture-create","first-text","1442","candidate","candidate-a","24"
"9","atlas-view-sampler-bind-group","first-text","204","candidate","candidate-a","24"
"9","glyph-atlas","first-text","1694","candidate","candidate-a","24"
"9","instance-generation","first-text","14376","candidate","candidate-a","24"
"9","instance-buffer-allocation","first-text","78","candidate","candidate-a","24"
"9","instance-buffer-writes","first-text","75","candidate","candidate-a","24"
"9","instance-buffer-writes","first-text","94","candidate","candidate-a","24"
"9","buffer-create-upload","first-text","284","candidate","candidate-a","24"
"9","render-encoding","first-text","99","candidate","candidate-a","24"
"9","queue-submit","first-text","135","candidate","candidate-a","24"
"9","pre-present-notify","first-text","0","candidate","candidate-a","24"
"9","first-present","first-text","141","candidate","candidate-a","24"
"9","startup-redraw","first-text","15214","candidate","candidate-a","24"
"10","cli-parse","first-frame","415","candidate","candidate-a","25"
"10","event-loop-create","first-frame","3469","candidate","candidate-a","25"
"10","application-default-state","first-frame","127","candidate","candidate-a","25"
"10","application-state-and-paths","first-frame","160","candidate","candidate-a","25"
"10","config-read-parse","first-frame","133","candidate","candidate-a","25"
"10","workspace-model-and-runtimes","first-frame","10","candidate","candidate-a","25"
"10","window-create-and-branding","first-frame","12150","candidate","candidate-a","25"
"10","system-font-discovery","first-frame","28428","candidate","candidate-a","25"
"10","font-family-resolution","first-frame","14","candidate","candidate-a","25"
"10","fallback-candidate-ordering","first-frame","1378","candidate","candidate-a","25"
"10","font-cache-setup","first-frame","10","candidate","candidate-a","25"
"10","font-family-preparation","first-frame","29899","candidate","candidate-a","25"
"10","font-metrics","first-frame","135","candidate","candidate-a","25"
"10","wgpu-instance","first-frame","6016","candidate","candidate-a","25"
"10","surface-create","first-frame","26","candidate","candidate-a","25"
"10","adapter-request","first-frame","30772","candidate","candidate-a","25"
"10","device-request","first-frame","36180","candidate","candidate-a","25"
"10","surface-capabilities-and-config","first-frame","9","candidate","candidate-a","25"
"10","surface-configure","first-frame","4914","candidate","candidate-a","25"
"10","initial-grid-resize","first-frame","196","candidate","candidate-a","25"
"10","initial-ui-and-pane-layout","first-frame","6","candidate","candidate-a","25"
"10","initial-projection","first-frame","29","candidate","candidate-a","25"
"10","surface-acquire","first-frame","39","candidate","candidate-a","25"
"10","shader-module-create","first-frame","310","candidate","candidate-a","25"
"10","shader-and-layout","first-frame","322","candidate","candidate-a","25"
"10","rectangle-pipeline","first-frame","5641","candidate","candidate-a","25"
"10","frame-texture-view","first-frame","19","candidate","candidate-a","25"
"10","instance-generation","first-frame","3","candidate","candidate-a","25"
"10","instance-buffer-allocation","first-frame","119","candidate","candidate-a","25"
"10","instance-buffer-writes","first-frame","196","candidate","candidate-a","25"
"10","buffer-create-upload","first-frame","355","candidate","candidate-a","25"
"10","render-encoding","first-frame","606","candidate","candidate-a","25"
"10","queue-submit","first-frame","434","candidate","candidate-a","25"
"10","pre-present-notify","first-frame","0","candidate","candidate-a","25"
"10","first-present","first-frame","374","candidate","candidate-a","25"
"10","startup-redraw","first-frame","7978","candidate","candidate-a","25"
"10","initial-ui-and-pane-layout","first-text","2","candidate","candidate-a","25"
"10","initial-projection","first-text","24","candidate","candidate-a","25"
"10","surface-acquire","first-text","32","candidate","candidate-a","25"
"10","frame-texture-view","first-text","4","candidate","candidate-a","25"
"10","instance-generation","first-text","0","candidate","candidate-a","25"
"10","instance-buffer-writes","first-text","0","candidate","candidate-a","25"
"10","buffer-create-upload","first-text","10","candidate","candidate-a","25"
"10","render-encoding","first-text","569","candidate","candidate-a","25"
"10","queue-submit","first-text","484","candidate","candidate-a","25"
"10","pre-present-notify","first-text","0","candidate","candidate-a","25"
"10","first-present","first-text","536","candidate","candidate-a","25"
"10","startup-redraw","first-text","1830","candidate","candidate-a","25"
"10","initial-ui-and-pane-layout","first-text","2","candidate","candidate-a","25"
"10","initial-projection","first-text","18","candidate","candidate-a","25"
"10","surface-acquire","first-text","31","candidate","candidate-a","25"
"10","frame-texture-view","first-text","6","candidate","candidate-a","25"
"10","instance-generation","first-text","0","candidate","candidate-a","25"
"10","instance-buffer-writes","first-text","0","candidate","candidate-a","25"
"10","buffer-create-upload","first-text","10","candidate","candidate-a","25"
"10","render-encoding","first-text","95","candidate","candidate-a","25"
"10","queue-submit","first-text","219","candidate","candidate-a","25"
"10","pre-present-notify","first-text","0","candidate","candidate-a","25"
"10","first-present","first-text","111","candidate","candidate-a","25"
"10","startup-redraw","first-text","588","candidate","candidate-a","25"
"10","initial-ui-and-pane-layout","first-text","1","candidate","candidate-a","25"
"10","initial-projection","first-text","17","candidate","candidate-a","25"
"10","surface-acquire","first-text","15","candidate","candidate-a","25"
"10","frame-texture-view","first-text","3","candidate","candidate-a","25"
"10","instance-generation","first-text","0","candidate","candidate-a","25"
"10","instance-buffer-writes","first-text","0","candidate","candidate-a","25"
"10","buffer-create-upload","first-text","9","candidate","candidate-a","25"
"10","render-encoding","first-text","71","candidate","candidate-a","25"
"10","queue-submit","first-text","71","candidate","candidate-a","25"
"10","pre-present-notify","first-text","0","candidate","candidate-a","25"
"10","first-present","first-text","90","candidate","candidate-a","25"
"10","startup-redraw","first-text","371","candidate","candidate-a","25"
"10","initial-ui-and-pane-layout","first-text","2","candidate","candidate-a","25"
"10","initial-projection","first-text","24","candidate","candidate-a","25"
"10","surface-acquire","first-text","36","candidate","candidate-a","25"
"10","frame-texture-view","first-text","5","candidate","candidate-a","25"
"10","glyph-bind-group-layout","first-text","46","candidate","candidate-a","25"
"10","glyph-pipeline","first-text","6195","candidate","candidate-a","25"
"10","atlas-texture-create","first-text","1272","candidate","candidate-a","25"
"10","atlas-view-sampler-bind-group","first-text","195","candidate","candidate-a","25"
"10","glyph-atlas","first-text","1505","candidate","candidate-a","25"
"10","instance-generation","first-text","12856","candidate","candidate-a","25"
"10","instance-buffer-allocation","first-text","90","candidate","candidate-a","25"
"10","instance-buffer-writes","first-text","86","candidate","candidate-a","25"
"10","instance-buffer-writes","first-text","136","candidate","candidate-a","25"
"10","buffer-create-upload","first-text","359","candidate","candidate-a","25"
"10","render-encoding","first-text","88","candidate","candidate-a","25"
"10","queue-submit","first-text","137","candidate","candidate-a","25"
"10","pre-present-notify","first-text","0","candidate","candidate-a","25"
"10","first-present","first-text","137","candidate","candidate-a","25"
"10","startup-redraw","first-text","13740","candidate","candidate-a","25"
"11","cli-parse","first-frame","467","candidate","candidate-a","26"
"11","event-loop-create","first-frame","4197","candidate","candidate-a","26"
"11","application-default-state","first-frame","154","candidate","candidate-a","26"
"11","application-state-and-paths","first-frame","192","candidate","candidate-a","26"
"11","config-read-parse","first-frame","157","candidate","candidate-a","26"
"11","workspace-model-and-runtimes","first-frame","9","candidate","candidate-a","26"
"11","window-create-and-branding","first-frame","15950","candidate","candidate-a","26"
"11","system-font-discovery","first-frame","45785","candidate","candidate-a","26"
"11","font-family-resolution","first-frame","34","candidate","candidate-a","26"
"11","fallback-candidate-ordering","first-frame","1550","candidate","candidate-a","26"
"11","font-cache-setup","first-frame","4","candidate","candidate-a","26"
"11","font-family-preparation","first-frame","47450","candidate","candidate-a","26"
"11","font-metrics","first-frame","109","candidate","candidate-a","26"
"11","wgpu-instance","first-frame","10508","candidate","candidate-a","26"
"11","surface-create","first-frame","28","candidate","candidate-a","26"
"11","adapter-request","first-frame","47195","candidate","candidate-a","26"
"11","device-request","first-frame","44115","candidate","candidate-a","26"
"11","surface-capabilities-and-config","first-frame","10","candidate","candidate-a","26"
"11","surface-configure","first-frame","6282","candidate","candidate-a","26"
"11","initial-grid-resize","first-frame","198","candidate","candidate-a","26"
"11","initial-ui-and-pane-layout","first-frame","18","candidate","candidate-a","26"
"11","initial-projection","first-frame","28","candidate","candidate-a","26"
"11","surface-acquire","first-frame","56","candidate","candidate-a","26"
"11","shader-module-create","first-frame","352","candidate","candidate-a","26"
"11","shader-and-layout","first-frame","367","candidate","candidate-a","26"
"11","rectangle-pipeline","first-frame","5524","candidate","candidate-a","26"
"11","frame-texture-view","first-frame","28","candidate","candidate-a","26"
"11","instance-generation","first-frame","3","candidate","candidate-a","26"
"11","instance-buffer-allocation","first-frame","185","candidate","candidate-a","26"
"11","instance-buffer-writes","first-frame","210","candidate","candidate-a","26"
"11","buffer-create-upload","first-frame","431","candidate","candidate-a","26"
"11","render-encoding","first-frame","615","candidate","candidate-a","26"
"11","queue-submit","first-frame","361","candidate","candidate-a","26"
"11","pre-present-notify","first-frame","0","candidate","candidate-a","26"
"11","first-present","first-frame","476","candidate","candidate-a","26"
"11","startup-redraw","first-frame","8059","candidate","candidate-a","26"
"11","initial-ui-and-pane-layout","first-text","2","candidate","candidate-a","26"
"11","initial-projection","first-text","62","candidate","candidate-a","26"
"11","surface-acquire","first-text","71","candidate","candidate-a","26"
"11","frame-texture-view","first-text","6","candidate","candidate-a","26"
"11","instance-generation","first-text","6","candidate","candidate-a","26"
"11","instance-buffer-writes","first-text","0","candidate","candidate-a","26"
"11","buffer-create-upload","first-text","13","candidate","candidate-a","26"
"11","render-encoding","first-text","1484","candidate","candidate-a","26"
"11","queue-submit","first-text","820","candidate","candidate-a","26"
"11","pre-present-notify","first-text","0","candidate","candidate-a","26"
"11","first-present","first-text","422","candidate","candidate-a","26"
"11","startup-redraw","first-text","3068","candidate","candidate-a","26"
"11","initial-ui-and-pane-layout","first-text","13","candidate","candidate-a","26"
"11","initial-projection","first-text","40","candidate","candidate-a","26"
"11","surface-acquire","first-text","99","candidate","candidate-a","26"
"11","frame-texture-view","first-text","14","candidate","candidate-a","26"
"11","instance-generation","first-text","1","candidate","candidate-a","26"
"11","instance-buffer-writes","first-text","0","candidate","candidate-a","26"
"11","buffer-create-upload","first-text","15","candidate","candidate-a","26"
"11","render-encoding","first-text","170","candidate","candidate-a","26"
"11","queue-submit","first-text","453","candidate","candidate-a","26"
"11","pre-present-notify","first-text","0","candidate","candidate-a","26"
"11","first-present","first-text","219","candidate","candidate-a","26"
"11","startup-redraw","first-text","1183","candidate","candidate-a","26"
"11","initial-ui-and-pane-layout","first-text","7","candidate","candidate-a","26"
"11","initial-projection","first-text","57","candidate","candidate-a","26"
"11","surface-acquire","first-text","88","candidate","candidate-a","26"
"11","frame-texture-view","first-text","11","candidate","candidate-a","26"
"11","instance-generation","first-text","2","candidate","candidate-a","26"
"11","instance-buffer-writes","first-text","0","candidate","candidate-a","26"
"11","buffer-create-upload","first-text","17","candidate","candidate-a","26"
"11","render-encoding","first-text","205","candidate","candidate-a","26"
"11","queue-submit","first-text","235","candidate","candidate-a","26"
"11","pre-present-notify","first-text","0","candidate","candidate-a","26"
"11","first-present","first-text","298","candidate","candidate-a","26"
"11","startup-redraw","first-text","1086","candidate","candidate-a","26"
"11","initial-ui-and-pane-layout","first-text","9","candidate","candidate-a","26"
"11","initial-projection","first-text","36","candidate","candidate-a","26"
"11","surface-acquire","first-text","62","candidate","candidate-a","26"
"11","frame-texture-view","first-text","8","candidate","candidate-a","26"
"11","glyph-bind-group-layout","first-text","92","candidate","candidate-a","26"
"11","glyph-pipeline","first-text","6623","candidate","candidate-a","26"
"11","atlas-texture-create","first-text","1283","candidate","candidate-a","26"
"11","atlas-view-sampler-bind-group","first-text","151","candidate","candidate-a","26"
"11","glyph-atlas","first-text","1467","candidate","candidate-a","26"
"11","instance-generation","first-text","14142","candidate","candidate-a","26"
"11","instance-buffer-allocation","first-text","109","candidate","candidate-a","26"
"11","instance-buffer-writes","first-text","243","candidate","candidate-a","26"
"11","instance-buffer-writes","first-text","303","candidate","candidate-a","26"
"11","buffer-create-upload","first-text","719","candidate","candidate-a","26"
"11","render-encoding","first-text","473","candidate","candidate-a","26"
"11","queue-submit","first-text","597","candidate","candidate-a","26"
"11","pre-present-notify","first-text","0","candidate","candidate-a","26"
"11","first-present","first-text","164","candidate","candidate-a","26"
"11","startup-redraw","first-text","16341","candidate","candidate-a","26"
"12","cli-parse","first-frame","375","candidate","candidate-a","27"
"12","event-loop-create","first-frame","7222","candidate","candidate-a","27"
"12","application-default-state","first-frame","149","candidate","candidate-a","27"
"12","application-state-and-paths","first-frame","188","candidate","candidate-a","27"
"12","config-read-parse","first-frame","170","candidate","candidate-a","27"
"12","workspace-model-and-runtimes","first-frame","9","candidate","candidate-a","27"
"12","window-create-and-branding","first-frame","14992","candidate","candidate-a","27"
"12","system-font-discovery","first-frame","27598","candidate","candidate-a","27"
"12","font-family-resolution","first-frame","12","candidate","candidate-a","27"
"12","fallback-candidate-ordering","first-frame","1249","candidate","candidate-a","27"
"12","font-cache-setup","first-frame","3","candidate","candidate-a","27"
"12","font-family-preparation","first-frame","28916","candidate","candidate-a","27"
"12","font-metrics","first-frame","65","candidate","candidate-a","27"
"12","wgpu-instance","first-frame","7020","candidate","candidate-a","27"
"12","surface-create","first-frame","26","candidate","candidate-a","27"
"12","adapter-request","first-frame","35378","candidate","candidate-a","27"
"12","device-request","first-frame","41721","candidate","candidate-a","27"
"12","surface-capabilities-and-config","first-frame","11","candidate","candidate-a","27"
"12","surface-configure","first-frame","5460","candidate","candidate-a","27"
"12","initial-grid-resize","first-frame","144","candidate","candidate-a","27"
"12","initial-ui-and-pane-layout","first-frame","26","candidate","candidate-a","27"
"12","initial-projection","first-frame","23","candidate","candidate-a","27"
"12","surface-acquire","first-frame","44","candidate","candidate-a","27"
"12","shader-module-create","first-frame","335","candidate","candidate-a","27"
"12","shader-and-layout","first-frame","348","candidate","candidate-a","27"
"12","rectangle-pipeline","first-frame","5870","candidate","candidate-a","27"
"12","frame-texture-view","first-frame","22","candidate","candidate-a","27"
"12","instance-generation","first-frame","2","candidate","candidate-a","27"
"12","instance-buffer-allocation","first-frame","156","candidate","candidate-a","27"
"12","instance-buffer-writes","first-frame","201","candidate","candidate-a","27"
"12","buffer-create-upload","first-frame","397","candidate","candidate-a","27"
"12","render-encoding","first-frame","726","candidate","candidate-a","27"
"12","queue-submit","first-frame","364","candidate","candidate-a","27"
"12","pre-present-notify","first-frame","0","candidate","candidate-a","27"
"12","first-present","first-frame","349","candidate","candidate-a","27"
"12","startup-redraw","first-frame","8302","candidate","candidate-a","27"
"12","initial-ui-and-pane-layout","first-text","10","candidate","candidate-a","27"
"12","initial-projection","first-text","47","candidate","candidate-a","27"
"12","surface-acquire","first-text","43","candidate","candidate-a","27"
"12","frame-texture-view","first-text","8","candidate","candidate-a","27"
"12","instance-generation","first-text","6","candidate","candidate-a","27"
"12","instance-buffer-writes","first-text","0","candidate","candidate-a","27"
"12","buffer-create-upload","first-text","16","candidate","candidate-a","27"
"12","render-encoding","first-text","1367","candidate","candidate-a","27"
"12","queue-submit","first-text","781","candidate","candidate-a","27"
"12","pre-present-notify","first-text","0","candidate","candidate-a","27"
"12","first-present","first-text","554","candidate","candidate-a","27"
"12","startup-redraw","first-text","3060","candidate","candidate-a","27"
"12","initial-ui-and-pane-layout","first-text","2","candidate","candidate-a","27"
"12","initial-projection","first-text","15","candidate","candidate-a","27"
"12","surface-acquire","first-text","38","candidate","candidate-a","27"
"12","frame-texture-view","first-text","5","candidate","candidate-a","27"
"12","instance-generation","first-text","0","candidate","candidate-a","27"
"12","instance-buffer-writes","first-text","0","candidate","candidate-a","27"
"12","buffer-create-upload","first-text","10","candidate","candidate-a","27"
"12","render-encoding","first-text","103","candidate","candidate-a","27"
"12","queue-submit","first-text","270","candidate","candidate-a","27"
"12","pre-present-notify","first-text","0","candidate","candidate-a","27"
"12","first-present","first-text","155","candidate","candidate-a","27"
"12","startup-redraw","first-text","699","candidate","candidate-a","27"
"12","initial-ui-and-pane-layout","first-text","3","candidate","candidate-a","27"
"12","initial-projection","first-text","23","candidate","candidate-a","27"
"12","surface-acquire","first-text","39","candidate","candidate-a","27"
"12","frame-texture-view","first-text","6","candidate","candidate-a","27"
"12","instance-generation","first-text","0","candidate","candidate-a","27"
"12","instance-buffer-writes","first-text","0","candidate","candidate-a","27"
"12","buffer-create-upload","first-text","11","candidate","candidate-a","27"
"12","render-encoding","first-text","111","candidate","candidate-a","27"
"12","queue-submit","first-text","123","candidate","candidate-a","27"
"12","pre-present-notify","first-text","0","candidate","candidate-a","27"
"12","first-present","first-text","178","candidate","candidate-a","27"
"12","startup-redraw","first-text","618","candidate","candidate-a","27"
"12","initial-ui-and-pane-layout","first-text","2","candidate","candidate-a","27"
"12","initial-projection","first-text","28","candidate","candidate-a","27"
"12","surface-acquire","first-text","37","candidate","candidate-a","27"
"12","frame-texture-view","first-text","5","candidate","candidate-a","27"
"12","glyph-bind-group-layout","first-text","46","candidate","candidate-a","27"
"12","glyph-pipeline","first-text","6349","candidate","candidate-a","27"
"12","atlas-texture-create","first-text","1249","candidate","candidate-a","27"
"12","atlas-view-sampler-bind-group","first-text","276","candidate","candidate-a","27"
"12","glyph-atlas","first-text","1590","candidate","candidate-a","27"
"12","instance-generation","first-text","14870","candidate","candidate-a","27"
"12","instance-buffer-allocation","first-text","131","candidate","candidate-a","27"
"12","instance-buffer-writes","first-text","134","candidate","candidate-a","27"
"12","instance-buffer-writes","first-text","166","candidate","candidate-a","27"
"12","buffer-create-upload","first-text","493","candidate","candidate-a","27"
"12","render-encoding","first-text","113","candidate","candidate-a","27"
"12","queue-submit","first-text","185","candidate","candidate-a","27"
"12","pre-present-notify","first-text","0","candidate","candidate-a","27"
"12","first-present","first-text","155","candidate","candidate-a","27"
"12","startup-redraw","first-text","16009","candidate","candidate-a","27"
"13","cli-parse","first-frame","411","candidate","candidate-a","28"
"13","event-loop-create","first-frame","3890","candidate","candidate-a","28"
"13","application-default-state","first-frame","150","candidate","candidate-a","28"
"13","application-state-and-paths","first-frame","190","candidate","candidate-a","28"
"13","config-read-parse","first-frame","162","candidate","candidate-a","28"
"13","workspace-model-and-runtimes","first-frame","9","candidate","candidate-a","28"
"13","window-create-and-branding","first-frame","13389","candidate","candidate-a","28"
"13","system-font-discovery","first-frame","28909","candidate","candidate-a","28"
"13","font-family-resolution","first-frame","15","candidate","candidate-a","28"
"13","fallback-candidate-ordering","first-frame","1405","candidate","candidate-a","28"
"13","font-cache-setup","first-frame","4","candidate","candidate-a","28"
"13","font-family-preparation","first-frame","30396","candidate","candidate-a","28"
"13","font-metrics","first-frame","76","candidate","candidate-a","28"
"13","wgpu-instance","first-frame","7398","candidate","candidate-a","28"
"13","surface-create","first-frame","26","candidate","candidate-a","28"
"13","adapter-request","first-frame","45099","candidate","candidate-a","28"
"13","device-request","first-frame","41830","candidate","candidate-a","28"
"13","surface-capabilities-and-config","first-frame","9","candidate","candidate-a","28"
"13","surface-configure","first-frame","6095","candidate","candidate-a","28"
"13","initial-grid-resize","first-frame","112","candidate","candidate-a","28"
"13","initial-ui-and-pane-layout","first-frame","15","candidate","candidate-a","28"
"13","initial-projection","first-frame","21","candidate","candidate-a","28"
"13","surface-acquire","first-frame","40","candidate","candidate-a","28"
"13","shader-module-create","first-frame","315","candidate","candidate-a","28"
"13","shader-and-layout","first-frame","328","candidate","candidate-a","28"
"13","rectangle-pipeline","first-frame","5329","candidate","candidate-a","28"
"13","frame-texture-view","first-frame","18","candidate","candidate-a","28"
"13","instance-generation","first-frame","2","candidate","candidate-a","28"
"13","instance-buffer-allocation","first-frame","210","candidate","candidate-a","28"
"13","instance-buffer-writes","first-frame","158","candidate","candidate-a","28"
"13","buffer-create-upload","first-frame","398","candidate","candidate-a","28"
"13","render-encoding","first-frame","445","candidate","candidate-a","28"
"13","queue-submit","first-frame","399","candidate","candidate-a","28"
"13","pre-present-notify","first-frame","0","candidate","candidate-a","28"
"13","first-present","first-frame","346","candidate","candidate-a","28"
"13","startup-redraw","first-frame","7474","candidate","candidate-a","28"
"13","initial-ui-and-pane-layout","first-text","3","candidate","candidate-a","28"
"13","initial-projection","first-text","34","candidate","candidate-a","28"
"13","surface-acquire","first-text","38","candidate","candidate-a","28"
"13","frame-texture-view","first-text","5","candidate","candidate-a","28"
"13","instance-generation","first-text","0","candidate","candidate-a","28"
"13","instance-buffer-writes","first-text","0","candidate","candidate-a","28"
"13","buffer-create-upload","first-text","9","candidate","candidate-a","28"
"13","render-encoding","first-text","660","candidate","candidate-a","28"
"13","queue-submit","first-text","461","candidate","candidate-a","28"
"13","pre-present-notify","first-text","0","candidate","candidate-a","28"
"13","first-present","first-text","548","candidate","candidate-a","28"
"13","startup-redraw","first-text","1949","candidate","candidate-a","28"
"13","initial-ui-and-pane-layout","first-text","2","candidate","candidate-a","28"
"13","initial-projection","first-text","19","candidate","candidate-a","28"
"13","surface-acquire","first-text","38","candidate","candidate-a","28"
"13","frame-texture-view","first-text","5","candidate","candidate-a","28"
"13","instance-generation","first-text","0","candidate","candidate-a","28"
"13","instance-buffer-writes","first-text","0","candidate","candidate-a","28"
"13","buffer-create-upload","first-text","10","candidate","candidate-a","28"
"13","render-encoding","first-text","115","candidate","candidate-a","28"
"13","queue-submit","first-text","300","candidate","candidate-a","28"
"13","pre-present-notify","first-text","0","candidate","candidate-a","28"
"13","first-present","first-text","153","candidate","candidate-a","28"
"13","startup-redraw","first-text","760","candidate","candidate-a","28"
"13","initial-ui-and-pane-layout","first-text","2","candidate","candidate-a","28"
"13","initial-projection","first-text","22","candidate","candidate-a","28"
"13","surface-acquire","first-text","37","candidate","candidate-a","28"
"13","frame-texture-view","first-text","5","candidate","candidate-a","28"
"13","instance-generation","first-text","0","candidate","candidate-a","28"
"13","instance-buffer-writes","first-text","0","candidate","candidate-a","28"
"13","buffer-create-upload","first-text","10","candidate","candidate-a","28"
"13","render-encoding","first-text","102","candidate","candidate-a","28"
"13","queue-submit","first-text","112","candidate","candidate-a","28"
"13","pre-present-notify","first-text","0","candidate","candidate-a","28"
"13","first-present","first-text","110","candidate","candidate-a","28"
"13","startup-redraw","first-text","495","candidate","candidate-a","28"
"13","initial-ui-and-pane-layout","first-text","1","candidate","candidate-a","28"
"13","initial-projection","first-text","22","candidate","candidate-a","28"
"13","surface-acquire","first-text","35","candidate","candidate-a","28"
"13","frame-texture-view","first-text","5","candidate","candidate-a","28"
"13","glyph-bind-group-layout","first-text","43","candidate","candidate-a","28"
"13","glyph-pipeline","first-text","6409","candidate","candidate-a","28"
"13","atlas-texture-create","first-text","1262","candidate","candidate-a","28"
"13","atlas-view-sampler-bind-group","first-text","234","candidate","candidate-a","28"
"13","glyph-atlas","first-text","1543","candidate","candidate-a","28"
"13","instance-generation","first-text","14904","candidate","candidate-a","28"
"13","instance-buffer-allocation","first-text","278","candidate","candidate-a","28"
"13","instance-buffer-writes","first-text","290","candidate","candidate-a","28"
"13","instance-buffer-writes","first-text","279","candidate","candidate-a","28"
"13","buffer-create-upload","first-text","936","candidate","candidate-a","28"
"13","render-encoding","first-text","124","candidate","candidate-a","28"
"13","queue-submit","first-text","185","candidate","candidate-a","28"
"13","pre-present-notify","first-text","0","candidate","candidate-a","28"
"13","first-present","first-text","471","candidate","candidate-a","28"
"13","startup-redraw","first-text","16809","candidate","candidate-a","28"
"14","cli-parse","first-frame","524","candidate","candidate-a","29"
"14","event-loop-create","first-frame","4623","candidate","candidate-a","29"
"14","application-default-state","first-frame","146","candidate","candidate-a","29"
"14","application-state-and-paths","first-frame","188","candidate","candidate-a","29"
"14","config-read-parse","first-frame","171","candidate","candidate-a","29"
"14","workspace-model-and-runtimes","first-frame","8","candidate","candidate-a","29"
"14","window-create-and-branding","first-frame","13344","candidate","candidate-a","29"
"14","system-font-discovery","first-frame","26300","candidate","candidate-a","29"
"14","font-family-resolution","first-frame","11","candidate","candidate-a","29"
"14","fallback-candidate-ordering","first-frame","1225","candidate","candidate-a","29"
"14","font-cache-setup","first-frame","5","candidate","candidate-a","29"
"14","font-family-preparation","first-frame","27601","candidate","candidate-a","29"
"14","font-metrics","first-frame","105","candidate","candidate-a","29"
"14","wgpu-instance","first-frame","6442","candidate","candidate-a","29"
"14","surface-create","first-frame","27","candidate","candidate-a","29"
"14","adapter-request","first-frame","34382","candidate","candidate-a","29"
"14","device-request","first-frame","38684","candidate","candidate-a","29"
"14","surface-capabilities-and-config","first-frame","9","candidate","candidate-a","29"
"14","surface-configure","first-frame","5097","candidate","candidate-a","29"
"14","initial-grid-resize","first-frame","131","candidate","candidate-a","29"
"14","initial-ui-and-pane-layout","first-frame","13","candidate","candidate-a","29"
"14","initial-projection","first-frame","20","candidate","candidate-a","29"
"14","surface-acquire","first-frame","37","candidate","candidate-a","29"
"14","shader-module-create","first-frame","317","candidate","candidate-a","29"
"14","shader-and-layout","first-frame","328","candidate","candidate-a","29"
"14","rectangle-pipeline","first-frame","4965","candidate","candidate-a","29"
"14","frame-texture-view","first-frame","17","candidate","candidate-a","29"
"14","instance-generation","first-frame","2","candidate","candidate-a","29"
"14","instance-buffer-allocation","first-frame","151","candidate","candidate-a","29"
"14","instance-buffer-writes","first-frame","165","candidate","candidate-a","29"
"14","buffer-create-upload","first-frame","351","candidate","candidate-a","29"
"14","render-encoding","first-frame","552","candidate","candidate-a","29"
"14","queue-submit","first-frame","375","candidate","candidate-a","29"
"14","pre-present-notify","first-frame","0","candidate","candidate-a","29"
"14","first-present","first-frame","292","candidate","candidate-a","29"
"14","startup-redraw","first-frame","7086","candidate","candidate-a","29"
"14","initial-ui-and-pane-layout","first-text","4","candidate","candidate-a","29"
"14","initial-projection","first-text","30","candidate","candidate-a","29"
"14","surface-acquire","first-text","39","candidate","candidate-a","29"
"14","frame-texture-view","first-text","5","candidate","candidate-a","29"
"14","instance-generation","first-text","0","candidate","candidate-a","29"
"14","instance-buffer-writes","first-text","0","candidate","candidate-a","29"
"14","buffer-create-upload","first-text","9","candidate","candidate-a","29"
"14","render-encoding","first-text","772","candidate","candidate-a","29"
"14","queue-submit","first-text","489","candidate","candidate-a","29"
"14","pre-present-notify","first-text","0","candidate","candidate-a","29"
"14","first-present","first-text","307","candidate","candidate-a","29"
"14","startup-redraw","first-text","1827","candidate","candidate-a","29"
"14","initial-ui-and-pane-layout","first-text","2","candidate","candidate-a","29"
"14","initial-projection","first-text","16","candidate","candidate-a","29"
"14","surface-acquire","first-text","37","candidate","candidate-a","29"
"14","frame-texture-view","first-text","4","candidate","candidate-a","29"
"14","instance-generation","first-text","0","candidate","candidate-a","29"
"14","instance-buffer-writes","first-text","0","candidate","candidate-a","29"
"14","buffer-create-upload","first-text","9","candidate","candidate-a","29"
"14","render-encoding","first-text","100","candidate","candidate-a","29"
"14","queue-submit","first-text","290","candidate","candidate-a","29"
"14","pre-present-notify","first-text","0","candidate","candidate-a","29"
"14","first-present","first-text","143","candidate","candidate-a","29"
"14","startup-redraw","first-text","723","candidate","candidate-a","29"
"14","initial-ui-and-pane-layout","first-text","3","candidate","candidate-a","29"
"14","initial-projection","first-text","23","candidate","candidate-a","29"
"14","surface-acquire","first-text","34","candidate","candidate-a","29"
"14","frame-texture-view","first-text","5","candidate","candidate-a","29"
"14","instance-generation","first-text","0","candidate","candidate-a","29"
"14","instance-buffer-writes","first-text","0","candidate","candidate-a","29"
"14","buffer-create-upload","first-text","10","candidate","candidate-a","29"
"14","render-encoding","first-text","100","candidate","candidate-a","29"
"14","queue-submit","first-text","109","candidate","candidate-a","29"
"14","pre-present-notify","first-text","0","candidate","candidate-a","29"
"14","first-present","first-text","209","candidate","candidate-a","29"
"14","startup-redraw","first-text","595","candidate","candidate-a","29"
"14","initial-ui-and-pane-layout","first-text","3","candidate","candidate-a","29"
"14","initial-projection","first-text","22","candidate","candidate-a","29"
"14","surface-acquire","first-text","53","candidate","candidate-a","29"
"14","frame-texture-view","first-text","9","candidate","candidate-a","29"
"14","glyph-bind-group-layout","first-text","42","candidate","candidate-a","29"
"14","glyph-pipeline","first-text","6375","candidate","candidate-a","29"
"14","atlas-texture-create","first-text","1315","candidate","candidate-a","29"
"14","atlas-view-sampler-bind-group","first-text","224","candidate","candidate-a","29"
"14","glyph-atlas","first-text","1587","candidate","candidate-a","29"
"14","instance-generation","first-text","13978","candidate","candidate-a","29"
"14","instance-buffer-allocation","first-text","78","candidate","candidate-a","29"
"14","instance-buffer-writes","first-text","73","candidate","candidate-a","29"
"14","instance-buffer-writes","first-text","99","candidate","candidate-a","29"
"14","buffer-create-upload","first-text","287","candidate","candidate-a","29"
"14","render-encoding","first-text","97","candidate","candidate-a","29"
"14","queue-submit","first-text","151","candidate","candidate-a","29"
"14","pre-present-notify","first-text","0","candidate","candidate-a","29"
"14","first-present","first-text","138","candidate","candidate-a","29"
"14","startup-redraw","first-text","14849","candidate","candidate-a","29"
"15","cli-parse","first-frame","694","candidate","candidate-a","30"
"15","event-loop-create","first-frame","4537","candidate","candidate-a","30"
"15","application-default-state","first-frame","143","candidate","candidate-a","30"
"15","application-state-and-paths","first-frame","192","candidate","candidate-a","30"
"15","config-read-parse","first-frame","155","candidate","candidate-a","30"
"15","workspace-model-and-runtimes","first-frame","8","candidate","candidate-a","30"
"15","window-create-and-branding","first-frame","15542","candidate","candidate-a","30"
"15","system-font-discovery","first-frame","24591","candidate","candidate-a","30"
"15","font-family-resolution","first-frame","15","candidate","candidate-a","30"
"15","fallback-candidate-ordering","first-frame","1161","candidate","candidate-a","30"
"15","font-cache-setup","first-frame","3","candidate","candidate-a","30"
"15","font-family-preparation","first-frame","25823","candidate","candidate-a","30"
"15","font-metrics","first-frame","74","candidate","candidate-a","30"
"15","wgpu-instance","first-frame","5641","candidate","candidate-a","30"
"15","surface-create","first-frame","24","candidate","candidate-a","30"
"15","adapter-request","first-frame","31821","candidate","candidate-a","30"
"15","device-request","first-frame","38726","candidate","candidate-a","30"
"15","surface-capabilities-and-config","first-frame","10","candidate","candidate-a","30"
"15","surface-configure","first-frame","4830","candidate","candidate-a","30"
"15","initial-grid-resize","first-frame","138","candidate","candidate-a","30"
"15","initial-ui-and-pane-layout","first-frame","19","candidate","candidate-a","30"
"15","initial-projection","first-frame","26","candidate","candidate-a","30"
"15","surface-acquire","first-frame","32","candidate","candidate-a","30"
"15","shader-module-create","first-frame","315","candidate","candidate-a","30"
"15","shader-and-layout","first-frame","327","candidate","candidate-a","30"
"15","rectangle-pipeline","first-frame","5237","candidate","candidate-a","30"
"15","frame-texture-view","first-frame","87","candidate","candidate-a","30"
"15","instance-generation","first-frame","3","candidate","candidate-a","30"
"15","instance-buffer-allocation","first-frame","137","candidate","candidate-a","30"
"15","instance-buffer-writes","first-frame","150","candidate","candidate-a","30"
"15","buffer-create-upload","first-frame","327","candidate","candidate-a","30"
"15","render-encoding","first-frame","481","candidate","candidate-a","30"
"15","queue-submit","first-frame","293","candidate","candidate-a","30"
"15","pre-present-notify","first-frame","0","candidate","candidate-a","30"
"15","first-present","first-frame","334","candidate","candidate-a","30"
"15","startup-redraw","first-frame","7291","candidate","candidate-a","30"
"15","initial-ui-and-pane-layout","first-text","5","candidate","candidate-a","30"
"15","initial-projection","first-text","34","candidate","candidate-a","30"
"15","surface-acquire","first-text","42","candidate","candidate-a","30"
"15","frame-texture-view","first-text","5","candidate","candidate-a","30"
"15","instance-generation","first-text","0","candidate","candidate-a","30"
"15","instance-buffer-writes","first-text","0","candidate","candidate-a","30"
"15","buffer-create-upload","first-text","10","candidate","candidate-a","30"
"15","render-encoding","first-text","1136","candidate","candidate-a","30"
"15","queue-submit","first-text","712","candidate","candidate-a","30"
"15","pre-present-notify","first-text","0","candidate","candidate-a","30"
"15","first-present","first-text","410","candidate","candidate-a","30"
"15","startup-redraw","first-text","2566","candidate","candidate-a","30"
"15","initial-ui-and-pane-layout","first-text","3","candidate","candidate-a","30"
"15","initial-projection","first-text","18","candidate","candidate-a","30"
"15","surface-acquire","first-text","60","candidate","candidate-a","30"
"15","frame-texture-view","first-text","7","candidate","candidate-a","30"
"15","instance-generation","first-text","0","candidate","candidate-a","30"
"15","instance-buffer-writes","first-text","0","candidate","candidate-a","30"
"15","buffer-create-upload","first-text","9","candidate","candidate-a","30"
"15","render-encoding","first-text","91","candidate","candidate-a","30"
"15","queue-submit","first-text","191","candidate","candidate-a","30"
"15","pre-present-notify","first-text","0","candidate","candidate-a","30"
"15","first-present","first-text","152","candidate","candidate-a","30"
"15","startup-redraw","first-text","633","candidate","candidate-a","30"
"15","initial-ui-and-pane-layout","first-text","3","candidate","candidate-a","30"
"15","initial-projection","first-text","19","candidate","candidate-a","30"
"15","surface-acquire","first-text","36","candidate","candidate-a","30"
"15","frame-texture-view","first-text","5","candidate","candidate-a","30"
"15","instance-generation","first-text","0","candidate","candidate-a","30"
"15","instance-buffer-writes","first-text","0","candidate","candidate-a","30"
"15","buffer-create-upload","first-text","11","candidate","candidate-a","30"
"15","render-encoding","first-text","102","candidate","candidate-a","30"
"15","queue-submit","first-text","107","candidate","candidate-a","30"
"15","pre-present-notify","first-text","0","candidate","candidate-a","30"
"15","first-present","first-text","177","candidate","candidate-a","30"
"15","startup-redraw","first-text","588","candidate","candidate-a","30"
"15","initial-ui-and-pane-layout","first-text","2","candidate","candidate-a","30"
"15","initial-projection","first-text","19","candidate","candidate-a","30"
"15","surface-acquire","first-text","31","candidate","candidate-a","30"
"15","frame-texture-view","first-text","5","candidate","candidate-a","30"
"15","glyph-bind-group-layout","first-text","50","candidate","candidate-a","30"
"15","glyph-pipeline","first-text","6429","candidate","candidate-a","30"
"15","atlas-texture-create","first-text","1413","candidate","candidate-a","30"
"15","atlas-view-sampler-bind-group","first-text","167","candidate","candidate-a","30"
"15","glyph-atlas","first-text","1618","candidate","candidate-a","30"
"15","instance-generation","first-text","14168","candidate","candidate-a","30"
"15","instance-buffer-allocation","first-text","129","candidate","candidate-a","30"
"15","instance-buffer-writes","first-text","196","candidate","candidate-a","30"
"15","instance-buffer-writes","first-text","222","candidate","candidate-a","30"
"15","buffer-create-upload","first-text","607","candidate","candidate-a","30"
"15","render-encoding","first-text","127","candidate","candidate-a","30"
"15","queue-submit","first-text","194","candidate","candidate-a","30"
"15","pre-present-notify","first-text","0","candidate","candidate-a","30"
"15","first-present","first-text","222","candidate","candidate-a","30"
"15","startup-redraw","first-text","15549","candidate","candidate-a","30"
"1","cli-parse","first-frame","401","baseline","baseline-c","31"
"1","event-loop-create","first-frame","3468","baseline","baseline-c","31"
"1","application-default-state","first-frame","142","baseline","baseline-c","31"
"1","application-state-and-paths","first-frame","176","baseline","baseline-c","31"
"1","config-read-parse","first-frame","161","baseline","baseline-c","31"
"1","workspace-model-and-runtimes","first-frame","9","baseline","baseline-c","31"
"1","window-create-and-branding","first-frame","11961","baseline","baseline-c","31"
"1","system-font-discovery","first-frame","28172","baseline","baseline-c","31"
"1","font-family-resolution","first-frame","10","baseline","baseline-c","31"
"1","fallback-candidate-ordering","first-frame","1235","baseline","baseline-c","31"
"1","font-cache-setup","first-frame","3","baseline","baseline-c","31"
"1","font-family-preparation","first-frame","29474","baseline","baseline-c","31"
"1","font-metrics","first-frame","77","baseline","baseline-c","31"
"1","wgpu-instance","first-frame","5450","baseline","baseline-c","31"
"1","surface-create","first-frame","23","baseline","baseline-c","31"
"1","adapter-request","first-frame","32723","baseline","baseline-c","31"
"1","device-request","first-frame","36050","baseline","baseline-c","31"
"1","surface-capabilities-and-config","first-frame","10","baseline","baseline-c","31"
"1","surface-configure","first-frame","4421","baseline","baseline-c","31"
"1","initial-grid-resize","first-frame","91","baseline","baseline-c","31"
"1","initial-ui-and-pane-layout","first-frame","38","baseline","baseline-c","31"
"1","initial-projection","first-frame","25","baseline","baseline-c","31"
"1","surface-acquire","first-frame","47","baseline","baseline-c","31"
"1","shader-module-create","first-frame","303","baseline","baseline-c","31"
"1","glyph-bind-group-layout","first-frame","42","baseline","baseline-c","31"
"1","shader-and-layout","first-frame","365","baseline","baseline-c","31"
"1","rectangle-pipeline","first-frame","4420","baseline","baseline-c","31"
"1","glyph-pipeline","first-frame","5075","baseline","baseline-c","31"
"1","atlas-texture-create","first-frame","1359","baseline","baseline-c","31"
"1","atlas-view-sampler-bind-group","first-frame","289","baseline","baseline-c","31"
"1","glyph-atlas","first-frame","1717","baseline","baseline-c","31"
"1","frame-texture-view","first-frame","9","baseline","baseline-c","31"
"1","instance-generation","first-frame","3","baseline","baseline-c","31"
"1","instance-buffer-allocation","first-frame","163","baseline","baseline-c","31"
"1","instance-buffer-writes","first-frame","183","baseline","baseline-c","31"
"1","buffer-create-upload","first-frame","384","baseline","baseline-c","31"
"1","render-encoding","first-frame","715","baseline","baseline-c","31"
"1","queue-submit","first-frame","378","baseline","baseline-c","31"
"1","pre-present-notify","first-frame","0","baseline","baseline-c","31"
"1","first-present","first-frame","314","baseline","baseline-c","31"
"1","startup-redraw","first-frame","13640","baseline","baseline-c","31"
"1","initial-ui-and-pane-layout","first-text","4","baseline","baseline-c","31"
"1","initial-projection","first-text","40","baseline","baseline-c","31"
"1","surface-acquire","first-text","54","baseline","baseline-c","31"
"1","frame-texture-view","first-text","5","baseline","baseline-c","31"
"1","instance-generation","first-text","0","baseline","baseline-c","31"
"1","instance-buffer-writes","first-text","0","baseline","baseline-c","31"
"1","buffer-create-upload","first-text","11","baseline","baseline-c","31"
"1","render-encoding","first-text","770","baseline","baseline-c","31"
"1","queue-submit","first-text","951","baseline","baseline-c","31"
"1","pre-present-notify","first-text","0","baseline","baseline-c","31"
"1","first-present","first-text","714","baseline","baseline-c","31"
"1","startup-redraw","first-text","2698","baseline","baseline-c","31"
"1","initial-ui-and-pane-layout","first-text","2","baseline","baseline-c","31"
"1","initial-projection","first-text","33","baseline","baseline-c","31"
"1","surface-acquire","first-text","55","baseline","baseline-c","31"
"1","frame-texture-view","first-text","8","baseline","baseline-c","31"
"1","instance-generation","first-text","1","baseline","baseline-c","31"
"1","instance-buffer-writes","first-text","0","baseline","baseline-c","31"
"1","buffer-create-upload","first-text","11","baseline","baseline-c","31"
"1","render-encoding","first-text","120","baseline","baseline-c","31"
"1","queue-submit","first-text","234","baseline","baseline-c","31"
"1","pre-present-notify","first-text","0","baseline","baseline-c","31"
"1","first-present","first-text","131","baseline","baseline-c","31"
"1","startup-redraw","first-text","690","baseline","baseline-c","31"
"1","initial-ui-and-pane-layout","first-text","1","baseline","baseline-c","31"
"1","initial-projection","first-text","20","baseline","baseline-c","31"
"1","surface-acquire","first-text","19","baseline","baseline-c","31"
"1","frame-texture-view","first-text","4","baseline","baseline-c","31"
"1","instance-generation","first-text","0","baseline","baseline-c","31"
"1","instance-buffer-writes","first-text","0","baseline","baseline-c","31"
"1","buffer-create-upload","first-text","9","baseline","baseline-c","31"
"1","render-encoding","first-text","74","baseline","baseline-c","31"
"1","queue-submit","first-text","79","baseline","baseline-c","31"
"1","pre-present-notify","first-text","0","baseline","baseline-c","31"
"1","first-present","first-text","124","baseline","baseline-c","31"
"1","startup-redraw","first-text","431","baseline","baseline-c","31"
"1","initial-ui-and-pane-layout","first-text","3","baseline","baseline-c","31"
"1","initial-projection","first-text","22","baseline","baseline-c","31"
"1","surface-acquire","first-text","34","baseline","baseline-c","31"
"1","frame-texture-view","first-text","6","baseline","baseline-c","31"
"1","instance-generation","first-text","6200","baseline","baseline-c","31"
"1","instance-buffer-allocation","first-text","120","baseline","baseline-c","31"
"1","instance-buffer-writes","first-text","109","baseline","baseline-c","31"
"1","instance-buffer-writes","first-text","116","baseline","baseline-c","31"
"1","buffer-create-upload","first-text","391","baseline","baseline-c","31"
"1","render-encoding","first-text","292","baseline","baseline-c","31"
"1","queue-submit","first-text","478","baseline","baseline-c","31"
"1","pre-present-notify","first-text","0","baseline","baseline-c","31"
"1","first-present","first-text","144","baseline","baseline-c","31"
"1","startup-redraw","first-text","7684","baseline","baseline-c","31"
"2","cli-parse","first-frame","424","baseline","baseline-c","32"
"2","event-loop-create","first-frame","4674","baseline","baseline-c","32"
"2","application-default-state","first-frame","160","baseline","baseline-c","32"
"2","application-state-and-paths","first-frame","193","baseline","baseline-c","32"
"2","config-read-parse","first-frame","146","baseline","baseline-c","32"
"2","workspace-model-and-runtimes","first-frame","8","baseline","baseline-c","32"
"2","window-create-and-branding","first-frame","13754","baseline","baseline-c","32"
"2","system-font-discovery","first-frame","24659","baseline","baseline-c","32"
"2","font-family-resolution","first-frame","12","baseline","baseline-c","32"
"2","fallback-candidate-ordering","first-frame","1057","baseline","baseline-c","32"
"2","font-cache-setup","first-frame","3","baseline","baseline-c","32"
"2","font-family-preparation","first-frame","25783","baseline","baseline-c","32"
"2","font-metrics","first-frame","54","baseline","baseline-c","32"
"2","wgpu-instance","first-frame","6195","baseline","baseline-c","32"
"2","surface-create","first-frame","25","baseline","baseline-c","32"
"2","adapter-request","first-frame","30605","baseline","baseline-c","32"
"2","device-request","first-frame","37905","baseline","baseline-c","32"
"2","surface-capabilities-and-config","first-frame","10","baseline","baseline-c","32"
"2","surface-configure","first-frame","4518","baseline","baseline-c","32"
"2","initial-grid-resize","first-frame","121","baseline","baseline-c","32"
"2","initial-ui-and-pane-layout","first-frame","16","baseline","baseline-c","32"
"2","initial-projection","first-frame","25","baseline","baseline-c","32"
"2","surface-acquire","first-frame","43","baseline","baseline-c","32"
"2","shader-module-create","first-frame","329","baseline","baseline-c","32"
"2","glyph-bind-group-layout","first-frame","41","baseline","baseline-c","32"
"2","shader-and-layout","first-frame","387","baseline","baseline-c","32"
"2","rectangle-pipeline","first-frame","5124","baseline","baseline-c","32"
"2","glyph-pipeline","first-frame","4915","baseline","baseline-c","32"
"2","atlas-texture-create","first-frame","1154","baseline","baseline-c","32"
"2","atlas-view-sampler-bind-group","first-frame","152","baseline","baseline-c","32"
"2","glyph-atlas","first-frame","1338","baseline","baseline-c","32"
"2","frame-texture-view","first-frame","11","baseline","baseline-c","32"
"2","instance-generation","first-frame","2","baseline","baseline-c","32"
"2","instance-buffer-allocation","first-frame","64","baseline","baseline-c","32"
"2","instance-buffer-writes","first-frame","97","baseline","baseline-c","32"
"2","buffer-create-upload","first-frame","197","baseline","baseline-c","32"
"2","render-encoding","first-frame","397","baseline","baseline-c","32"
"2","queue-submit","first-frame","322","baseline","baseline-c","32"
"2","pre-present-notify","first-frame","0","baseline","baseline-c","32"
"2","first-present","first-frame","337","baseline","baseline-c","32"
"2","startup-redraw","first-frame","13265","baseline","baseline-c","32"
"2","initial-ui-and-pane-layout","first-text","4","baseline","baseline-c","32"
"2","initial-projection","first-text","30","baseline","baseline-c","32"
"2","surface-acquire","first-text","37","baseline","baseline-c","32"
"2","frame-texture-view","first-text","6","baseline","baseline-c","32"
"2","instance-generation","first-text","0","baseline","baseline-c","32"
"2","instance-buffer-writes","first-text","0","baseline","baseline-c","32"
"2","buffer-create-upload","first-text","9","baseline","baseline-c","32"
"2","render-encoding","first-text","719","baseline","baseline-c","32"
"2","queue-submit","first-text","721","baseline","baseline-c","32"
"2","pre-present-notify","first-text","0","baseline","baseline-c","32"
"2","first-present","first-text","452","baseline","baseline-c","32"
"2","startup-redraw","first-text","2102","baseline","baseline-c","32"
"2","initial-ui-and-pane-layout","first-text","2","baseline","baseline-c","32"
"2","initial-projection","first-text","18","baseline","baseline-c","32"
"2","surface-acquire","first-text","36","baseline","baseline-c","32"
"2","frame-texture-view","first-text","5","baseline","baseline-c","32"
"2","instance-generation","first-text","0","baseline","baseline-c","32"
"2","instance-buffer-writes","first-text","0","baseline","baseline-c","32"
"2","buffer-create-upload","first-text","10","baseline","baseline-c","32"
"2","render-encoding","first-text","102","baseline","baseline-c","32"
"2","queue-submit","first-text","222","baseline","baseline-c","32"
"2","pre-present-notify","first-text","0","baseline","baseline-c","32"
"2","first-present","first-text","121","baseline","baseline-c","32"
"2","startup-redraw","first-text","613","baseline","baseline-c","32"
"2","initial-ui-and-pane-layout","first-text","1","baseline","baseline-c","32"
"2","initial-projection","first-text","21","baseline","baseline-c","32"
"2","surface-acquire","first-text","36","baseline","baseline-c","32"
"2","frame-texture-view","first-text","6","baseline","baseline-c","32"
"2","instance-generation","first-text","0","baseline","baseline-c","32"
"2","instance-buffer-writes","first-text","0","baseline","baseline-c","32"
"2","buffer-create-upload","first-text","9","baseline","baseline-c","32"
"2","render-encoding","first-text","76","baseline","baseline-c","32"
"2","queue-submit","first-text","77","baseline","baseline-c","32"
"2","pre-present-notify","first-text","0","baseline","baseline-c","32"
"2","first-present","first-text","83","baseline","baseline-c","32"
"2","startup-redraw","first-text","402","baseline","baseline-c","32"
"2","initial-ui-and-pane-layout","first-text","2","baseline","baseline-c","32"
"2","initial-projection","first-text","21","baseline","baseline-c","32"
"2","surface-acquire","first-text","38","baseline","baseline-c","32"
"2","frame-texture-view","first-text","5","baseline","baseline-c","32"
"2","instance-generation","first-text","6750","baseline","baseline-c","32"
"2","instance-buffer-allocation","first-text","119","baseline","baseline-c","32"
"2","instance-buffer-writes","first-text","95","baseline","baseline-c","32"
"2","instance-buffer-writes","first-text","121","baseline","baseline-c","32"
"2","buffer-create-upload","first-text","383","baseline","baseline-c","32"
"2","render-encoding","first-text","95","baseline","baseline-c","32"
"2","queue-submit","first-text","135","baseline","baseline-c","32"
"2","pre-present-notify","first-text","0","baseline","baseline-c","32"
"2","first-present","first-text","136","baseline","baseline-c","32"
"2","startup-redraw","first-text","7674","baseline","baseline-c","32"
"3","cli-parse","first-frame","416","baseline","baseline-c","33"
"3","event-loop-create","first-frame","3301","baseline","baseline-c","33"
"3","application-default-state","first-frame","128","baseline","baseline-c","33"
"3","application-state-and-paths","first-frame","160","baseline","baseline-c","33"
"3","config-read-parse","first-frame","123","baseline","baseline-c","33"
"3","workspace-model-and-runtimes","first-frame","7","baseline","baseline-c","33"
"3","window-create-and-branding","first-frame","12087","baseline","baseline-c","33"
"3","system-font-discovery","first-frame","25510","baseline","baseline-c","33"
"3","font-family-resolution","first-frame","9","baseline","baseline-c","33"
"3","fallback-candidate-ordering","first-frame","1072","baseline","baseline-c","33"
"3","font-cache-setup","first-frame","3","baseline","baseline-c","33"
"3","font-family-preparation","first-frame","26643","baseline","baseline-c","33"
"3","font-metrics","first-frame","58","baseline","baseline-c","33"
"3","wgpu-instance","first-frame","6026","baseline","baseline-c","33"
"3","surface-create","first-frame","24","baseline","baseline-c","33"
"3","adapter-request","first-frame","30713","baseline","baseline-c","33"
"3","device-request","first-frame","37190","baseline","baseline-c","33"
"3","surface-capabilities-and-config","first-frame","11","baseline","baseline-c","33"
"3","surface-configure","first-frame","4747","baseline","baseline-c","33"
"3","initial-grid-resize","first-frame","140","baseline","baseline-c","33"
"3","initial-ui-and-pane-layout","first-frame","14","baseline","baseline-c","33"
"3","initial-projection","first-frame","39","baseline","baseline-c","33"
"3","surface-acquire","first-frame","41","baseline","baseline-c","33"
"3","shader-module-create","first-frame","311","baseline","baseline-c","33"
"3","glyph-bind-group-layout","first-frame","39","baseline","baseline-c","33"
"3","shader-and-layout","first-frame","369","baseline","baseline-c","33"
"3","rectangle-pipeline","first-frame","4764","baseline","baseline-c","33"
"3","glyph-pipeline","first-frame","4858","baseline","baseline-c","33"
"3","atlas-texture-create","first-frame","1946","baseline","baseline-c","33"
"3","atlas-view-sampler-bind-group","first-frame","249","baseline","baseline-c","33"
"3","glyph-atlas","first-frame","2244","baseline","baseline-c","33"
"3","frame-texture-view","first-frame","12","baseline","baseline-c","33"
"3","instance-generation","first-frame","3","baseline","baseline-c","33"
"3","instance-buffer-allocation","first-frame","352","baseline","baseline-c","33"
"3","instance-buffer-writes","first-frame","162","baseline","baseline-c","33"
"3","buffer-create-upload","first-frame","551","baseline","baseline-c","33"
"3","render-encoding","first-frame","503","baseline","baseline-c","33"
"3","queue-submit","first-frame","344","baseline","baseline-c","33"
"3","pre-present-notify","first-frame","0","baseline","baseline-c","33"
"3","first-present","first-frame","395","baseline","baseline-c","33"
"3","startup-redraw","first-frame","14289","baseline","baseline-c","33"
"3","initial-ui-and-pane-layout","first-text","3","baseline","baseline-c","33"
"3","initial-projection","first-text","33","baseline","baseline-c","33"
"3","surface-acquire","first-text","37","baseline","baseline-c","33"
"3","frame-texture-view","first-text","5","baseline","baseline-c","33"
"3","instance-generation","first-text","0","baseline","baseline-c","33"
"3","instance-buffer-writes","first-text","0","baseline","baseline-c","33"
"3","buffer-create-upload","first-text","9","baseline","baseline-c","33"
"3","render-encoding","first-text","974","baseline","baseline-c","33"
"3","queue-submit","first-text","805","baseline","baseline-c","33"
"3","pre-present-notify","first-text","0","baseline","baseline-c","33"
"3","first-present","first-text","730","baseline","baseline-c","33"
"3","startup-redraw","first-text","2766","baseline","baseline-c","33"
"3","initial-ui-and-pane-layout","first-text","2","baseline","baseline-c","33"
"3","initial-projection","first-text","17","baseline","baseline-c","33"
"3","surface-acquire","first-text","35","baseline","baseline-c","33"
"3","frame-texture-view","first-text","5","baseline","baseline-c","33"
"3","instance-generation","first-text","0","baseline","baseline-c","33"
"3","instance-buffer-writes","first-text","0","baseline","baseline-c","33"
"3","buffer-create-upload","first-text","9","baseline","baseline-c","33"
"3","render-encoding","first-text","110","baseline","baseline-c","33"
"3","queue-submit","first-text","222","baseline","baseline-c","33"
"3","pre-present-notify","first-text","0","baseline","baseline-c","33"
"3","first-present","first-text","116","baseline","baseline-c","33"
"3","startup-redraw","first-text","612","baseline","baseline-c","33"
"3","initial-ui-and-pane-layout","first-text","1","baseline","baseline-c","33"
"3","initial-projection","first-text","16","baseline","baseline-c","33"
"3","surface-acquire","first-text","16","baseline","baseline-c","33"
"3","frame-texture-view","first-text","3","baseline","baseline-c","33"
"3","instance-generation","first-text","0","baseline","baseline-c","33"
"3","instance-buffer-writes","first-text","0","baseline","baseline-c","33"
"3","buffer-create-upload","first-text","10","baseline","baseline-c","33"
"3","render-encoding","first-text","82","baseline","baseline-c","33"
"3","queue-submit","first-text","69","baseline","baseline-c","33"
"3","pre-present-notify","first-text","0","baseline","baseline-c","33"
"3","first-present","first-text","73","baseline","baseline-c","33"
"3","startup-redraw","first-text","364","baseline","baseline-c","33"
"3","initial-ui-and-pane-layout","first-text","3","baseline","baseline-c","33"
"3","initial-projection","first-text","27","baseline","baseline-c","33"
"3","surface-acquire","first-text","40","baseline","baseline-c","33"
"3","frame-texture-view","first-text","5","baseline","baseline-c","33"
"3","instance-generation","first-text","5498","baseline","baseline-c","33"
"3","instance-buffer-allocation","first-text","121","baseline","baseline-c","33"
"3","instance-buffer-writes","first-text","81","baseline","baseline-c","33"
"3","instance-buffer-writes","first-text","90","baseline","baseline-c","33"
"3","buffer-create-upload","first-text","333","baseline","baseline-c","33"
"3","render-encoding","first-text","100","baseline","baseline-c","33"
"3","queue-submit","first-text","151","baseline","baseline-c","33"
"3","pre-present-notify","first-text","0","baseline","baseline-c","33"
"3","first-present","first-text","144","baseline","baseline-c","33"
"3","startup-redraw","first-text","6407","baseline","baseline-c","33"
"4","cli-parse","first-frame","390","baseline","baseline-c","34"
"4","event-loop-create","first-frame","3727","baseline","baseline-c","34"
"4","application-default-state","first-frame","130","baseline","baseline-c","34"
"4","application-state-and-paths","first-frame","163","baseline","baseline-c","34"
"4","config-read-parse","first-frame","149","baseline","baseline-c","34"
"4","workspace-model-and-runtimes","first-frame","8","baseline","baseline-c","34"
"4","window-create-and-branding","first-frame","12579","baseline","baseline-c","34"
"4","system-font-discovery","first-frame","26995","baseline","baseline-c","34"
"4","font-family-resolution","first-frame","11","baseline","baseline-c","34"
"4","fallback-candidate-ordering","first-frame","1079","baseline","baseline-c","34"
"4","font-cache-setup","first-frame","3","baseline","baseline-c","34"
"4","font-family-preparation","first-frame","28140","baseline","baseline-c","34"
"4","font-metrics","first-frame","58","baseline","baseline-c","34"
"4","wgpu-instance","first-frame","5745","baseline","baseline-c","34"
"4","surface-create","first-frame","25","baseline","baseline-c","34"
"4","adapter-request","first-frame","32588","baseline","baseline-c","34"
"4","device-request","first-frame","36990","baseline","baseline-c","34"
"4","surface-capabilities-and-config","first-frame","8","baseline","baseline-c","34"
"4","surface-configure","first-frame","4225","baseline","baseline-c","34"
"4","initial-grid-resize","first-frame","97","baseline","baseline-c","34"
"4","initial-ui-and-pane-layout","first-frame","13","baseline","baseline-c","34"
"4","initial-projection","first-frame","23","baseline","baseline-c","34"
"4","surface-acquire","first-frame","40","baseline","baseline-c","34"
"4","shader-module-create","first-frame","308","baseline","baseline-c","34"
"4","glyph-bind-group-layout","first-frame","39","baseline","baseline-c","34"
"4","shader-and-layout","first-frame","366","baseline","baseline-c","34"
"4","rectangle-pipeline","first-frame","4645","baseline","baseline-c","34"
"4","glyph-pipeline","first-frame","5844","baseline","baseline-c","34"
"4","atlas-texture-create","first-frame","1518","baseline","baseline-c","34"
"4","atlas-view-sampler-bind-group","first-frame","203","baseline","baseline-c","34"
"4","glyph-atlas","first-frame","1805","baseline","baseline-c","34"
"4","frame-texture-view","first-frame","9","baseline","baseline-c","34"
"4","instance-generation","first-frame","3","baseline","baseline-c","34"
"4","instance-buffer-allocation","first-frame","119","baseline","baseline-c","34"
"4","instance-buffer-writes","first-frame","155","baseline","baseline-c","34"
"4","buffer-create-upload","first-frame","311","baseline","baseline-c","34"
"4","render-encoding","first-frame","484","baseline","baseline-c","34"
"4","queue-submit","first-frame","333","baseline","baseline-c","34"
"4","pre-present-notify","first-frame","0","baseline","baseline-c","34"
"4","first-present","first-frame","298","baseline","baseline-c","34"
"4","startup-redraw","first-frame","14334","baseline","baseline-c","34"
"4","initial-ui-and-pane-layout","first-text","3","baseline","baseline-c","34"
"4","initial-projection","first-text","44","baseline","baseline-c","34"
"4","surface-acquire","first-text","60","baseline","baseline-c","34"
"4","frame-texture-view","first-text","7","baseline","baseline-c","34"
"4","instance-generation","first-text","0","baseline","baseline-c","34"
"4","instance-buffer-writes","first-text","0","baseline","baseline-c","34"
"4","buffer-create-upload","first-text","14","baseline","baseline-c","34"
"4","render-encoding","first-text","990","baseline","baseline-c","34"
"4","queue-submit","first-text","819","baseline","baseline-c","34"
"4","pre-present-notify","first-text","0","baseline","baseline-c","34"
"4","first-present","first-text","733","baseline","baseline-c","34"
"4","startup-redraw","first-text","2847","baseline","baseline-c","34"
"4","initial-ui-and-pane-layout","first-text","3","baseline","baseline-c","34"
"4","initial-projection","first-text","27","baseline","baseline-c","34"
"4","surface-acquire","first-text","38","baseline","baseline-c","34"
"4","frame-texture-view","first-text","6","baseline","baseline-c","34"
"4","instance-generation","first-text","0","baseline","baseline-c","34"
"4","instance-buffer-writes","first-text","0","baseline","baseline-c","34"
"4","buffer-create-upload","first-text","10","baseline","baseline-c","34"
"4","render-encoding","first-text","113","baseline","baseline-c","34"
"4","queue-submit","first-text","191","baseline","baseline-c","34"
"4","pre-present-notify","first-text","0","baseline","baseline-c","34"
"4","first-present","first-text","164","baseline","baseline-c","34"
"4","startup-redraw","first-text","654","baseline","baseline-c","34"
"4","initial-ui-and-pane-layout","first-text","3","baseline","baseline-c","34"
"4","initial-projection","first-text","83","baseline","baseline-c","34"
"4","surface-acquire","first-text","51","baseline","baseline-c","34"
"4","frame-texture-view","first-text","9","baseline","baseline-c","34"
"4","instance-generation","first-text","0","baseline","baseline-c","34"
"4","instance-buffer-writes","first-text","0","baseline","baseline-c","34"
"4","buffer-create-upload","first-text","10","baseline","baseline-c","34"
"4","render-encoding","first-text","101","baseline","baseline-c","34"
"4","queue-submit","first-text","182","baseline","baseline-c","34"
"4","pre-present-notify","first-text","0","baseline","baseline-c","34"
"4","first-present","first-text","265","baseline","baseline-c","34"
"4","startup-redraw","first-text","892","baseline","baseline-c","34"
"4","initial-ui-and-pane-layout","first-text","5","baseline","baseline-c","34"
"4","initial-projection","first-text","36","baseline","baseline-c","34"
"4","surface-acquire","first-text","43","baseline","baseline-c","34"
"4","frame-texture-view","first-text","6","baseline","baseline-c","34"
"4","instance-generation","first-text","6132","baseline","baseline-c","34"
"4","instance-buffer-allocation","first-text","97","baseline","baseline-c","34"
"4","instance-buffer-writes","first-text","87","baseline","baseline-c","34"
"4","instance-buffer-writes","first-text","97","baseline","baseline-c","34"
"4","buffer-create-upload","first-text","325","baseline","baseline-c","34"
"4","render-encoding","first-text","264","baseline","baseline-c","34"
"4","queue-submit","first-text","372","baseline","baseline-c","34"
"4","pre-present-notify","first-text","0","baseline","baseline-c","34"
"4","first-present","first-text","119","baseline","baseline-c","34"
"4","startup-redraw","first-text","7405","baseline","baseline-c","34"
"5","cli-parse","first-frame","529","baseline","baseline-c","35"
"5","event-loop-create","first-frame","3385","baseline","baseline-c","35"
"5","application-default-state","first-frame","142","baseline","baseline-c","35"
"5","application-state-and-paths","first-frame","176","baseline","baseline-c","35"
"5","config-read-parse","first-frame","173","baseline","baseline-c","35"
"5","workspace-model-and-runtimes","first-frame","8","baseline","baseline-c","35"
"5","window-create-and-branding","first-frame","11851","baseline","baseline-c","35"
"5","system-font-discovery","first-frame","26229","baseline","baseline-c","35"
"5","font-family-resolution","first-frame","10","baseline","baseline-c","35"
"5","fallback-candidate-ordering","first-frame","1099","baseline","baseline-c","35"
"5","font-cache-setup","first-frame","4","baseline","baseline-c","35"
"5","font-family-preparation","first-frame","27395","baseline","baseline-c","35"
"5","font-metrics","first-frame","69","baseline","baseline-c","35"
"5","wgpu-instance","first-frame","6131","baseline","baseline-c","35"
"5","surface-create","first-frame","23","baseline","baseline-c","35"
"5","adapter-request","first-frame","29717","baseline","baseline-c","35"
"5","device-request","first-frame","36553","baseline","baseline-c","35"
"5","surface-capabilities-and-config","first-frame","9","baseline","baseline-c","35"
"5","surface-configure","first-frame","4069","baseline","baseline-c","35"
"5","initial-grid-resize","first-frame","114","baseline","baseline-c","35"
"5","initial-ui-and-pane-layout","first-frame","11","baseline","baseline-c","35"
"5","initial-projection","first-frame","21","baseline","baseline-c","35"
"5","surface-acquire","first-frame","48","baseline","baseline-c","35"
"5","shader-module-create","first-frame","310","baseline","baseline-c","35"
"5","glyph-bind-group-layout","first-frame","37","baseline","baseline-c","35"
"5","shader-and-layout","first-frame","367","baseline","baseline-c","35"
"5","rectangle-pipeline","first-frame","5749","baseline","baseline-c","35"
"5","glyph-pipeline","first-frame","5332","baseline","baseline-c","35"
"5","atlas-texture-create","first-frame","1139","baseline","baseline-c","35"
"5","atlas-view-sampler-bind-group","first-frame","165","baseline","baseline-c","35"
"5","glyph-atlas","first-frame","1336","baseline","baseline-c","35"
"5","frame-texture-view","first-frame","8","baseline","baseline-c","35"
"5","instance-generation","first-frame","3","baseline","baseline-c","35"
"5","instance-buffer-allocation","first-frame","136","baseline","baseline-c","35"
"5","instance-buffer-writes","first-frame","269","baseline","baseline-c","35"
"5","buffer-create-upload","first-frame","465","baseline","baseline-c","35"
"5","render-encoding","first-frame","487","baseline","baseline-c","35"
"5","queue-submit","first-frame","367","baseline","baseline-c","35"
"5","pre-present-notify","first-frame","0","baseline","baseline-c","35"
"5","first-present","first-frame","317","baseline","baseline-c","35"
"5","startup-redraw","first-frame","14690","baseline","baseline-c","35"
"5","initial-ui-and-pane-layout","first-text","1","baseline","baseline-c","35"
"5","initial-projection","first-text","34","baseline","baseline-c","35"
"5","surface-acquire","first-text","47","baseline","baseline-c","35"
"5","frame-texture-view","first-text","7","baseline","baseline-c","35"
"5","instance-generation","first-text","0","baseline","baseline-c","35"
"5","instance-buffer-writes","first-text","0","baseline","baseline-c","35"
"5","buffer-create-upload","first-text","11","baseline","baseline-c","35"
"5","render-encoding","first-text","864","baseline","baseline-c","35"
"5","queue-submit","first-text","1183","baseline","baseline-c","35"
"5","pre-present-notify","first-text","0","baseline","baseline-c","35"
"5","first-present","first-text","593","baseline","baseline-c","35"
"5","startup-redraw","first-text","2895","baseline","baseline-c","35"
"5","initial-ui-and-pane-layout","first-text","2","baseline","baseline-c","35"
"5","initial-projection","first-text","18","baseline","baseline-c","35"
"5","surface-acquire","first-text","50","baseline","baseline-c","35"
"5","frame-texture-view","first-text","4","baseline","baseline-c","35"
"5","instance-generation","first-text","0","baseline","baseline-c","35"
"5","instance-buffer-writes","first-text","0","baseline","baseline-c","35"
"5","buffer-create-upload","first-text","9","baseline","baseline-c","35"
"5","render-encoding","first-text","107","baseline","baseline-c","35"
"5","queue-submit","first-text","215","baseline","baseline-c","35"
"5","pre-present-notify","first-text","0","baseline","baseline-c","35"
"5","first-present","first-text","126","baseline","baseline-c","35"
"5","startup-redraw","first-text","627","baseline","baseline-c","35"
"5","initial-ui-and-pane-layout","first-text","1","baseline","baseline-c","35"
"5","initial-projection","first-text","18","baseline","baseline-c","35"
"5","surface-acquire","first-text","20","baseline","baseline-c","35"
"5","frame-texture-view","first-text","4","baseline","baseline-c","35"
"5","instance-generation","first-text","0","baseline","baseline-c","35"
"5","instance-buffer-writes","first-text","0","baseline","baseline-c","35"
"5","buffer-create-upload","first-text","9","baseline","baseline-c","35"
"5","render-encoding","first-text","83","baseline","baseline-c","35"
"5","queue-submit","first-text","79","baseline","baseline-c","35"
"5","pre-present-notify","first-text","0","baseline","baseline-c","35"
"5","first-present","first-text","118","baseline","baseline-c","35"
"5","startup-redraw","first-text","426","baseline","baseline-c","35"
"5","initial-ui-and-pane-layout","first-text","2","baseline","baseline-c","35"
"5","initial-projection","first-text","21","baseline","baseline-c","35"
"5","surface-acquire","first-text","36","baseline","baseline-c","35"
"5","frame-texture-view","first-text","5","baseline","baseline-c","35"
"5","instance-generation","first-text","6379","baseline","baseline-c","35"
"5","instance-buffer-allocation","first-text","124","baseline","baseline-c","35"
"5","instance-buffer-writes","first-text","105","baseline","baseline-c","35"
"5","instance-buffer-writes","first-text","142","baseline","baseline-c","35"
"5","buffer-create-upload","first-text","426","baseline","baseline-c","35"
"5","render-encoding","first-text","102","baseline","baseline-c","35"
"5","queue-submit","first-text","192","baseline","baseline-c","35"
"5","pre-present-notify","first-text","0","baseline","baseline-c","35"
"5","first-present","first-text","161","baseline","baseline-c","35"
"5","startup-redraw","first-text","7440","baseline","baseline-c","35"
"6","cli-parse","first-frame","436","baseline","baseline-c","36"
"6","event-loop-create","first-frame","5495","baseline","baseline-c","36"
"6","application-default-state","first-frame","134","baseline","baseline-c","36"
"6","application-state-and-paths","first-frame","166","baseline","baseline-c","36"
"6","config-read-parse","first-frame","132","baseline","baseline-c","36"
"6","workspace-model-and-runtimes","first-frame","7","baseline","baseline-c","36"
"6","window-create-and-branding","first-frame","12182","baseline","baseline-c","36"
"6","system-font-discovery","first-frame","24989","baseline","baseline-c","36"
"6","font-family-resolution","first-frame","9","baseline","baseline-c","36"
"6","fallback-candidate-ordering","first-frame","1069","baseline","baseline-c","36"
"6","font-cache-setup","first-frame","3","baseline","baseline-c","36"
"6","font-family-preparation","first-frame","26118","baseline","baseline-c","36"
"6","font-metrics","first-frame","67","baseline","baseline-c","36"
"6","wgpu-instance","first-frame","5338","baseline","baseline-c","36"
"6","surface-create","first-frame","23","baseline","baseline-c","36"
"6","adapter-request","first-frame","30790","baseline","baseline-c","36"
"6","device-request","first-frame","35834","baseline","baseline-c","36"
"6","surface-capabilities-and-config","first-frame","8","baseline","baseline-c","36"
"6","surface-configure","first-frame","4492","baseline","baseline-c","36"
"6","initial-grid-resize","first-frame","140","baseline","baseline-c","36"
"6","initial-ui-and-pane-layout","first-frame","15","baseline","baseline-c","36"
"6","initial-projection","first-frame","21","baseline","baseline-c","36"
"6","surface-acquire","first-frame","37","baseline","baseline-c","36"
"6","shader-module-create","first-frame","288","baseline","baseline-c","36"
"6","glyph-bind-group-layout","first-frame","38","baseline","baseline-c","36"
"6","shader-and-layout","first-frame","345","baseline","baseline-c","36"
"6","rectangle-pipeline","first-frame","5325","baseline","baseline-c","36"
"6","glyph-pipeline","first-frame","6153","baseline","baseline-c","36"
"6","atlas-texture-create","first-frame","1341","baseline","baseline-c","36"
"6","atlas-view-sampler-bind-group","first-frame","188","baseline","baseline-c","36"
"6","glyph-atlas","first-frame","1578","baseline","baseline-c","36"
"6","frame-texture-view","first-frame","9","baseline","baseline-c","36"
"6","instance-generation","first-frame","3","baseline","baseline-c","36"
"6","instance-buffer-allocation","first-frame","133","baseline","baseline-c","36"
"6","instance-buffer-writes","first-frame","166","baseline","baseline-c","36"
"6","buffer-create-upload","first-frame","335","baseline","baseline-c","36"
"6","render-encoding","first-frame","523","baseline","baseline-c","36"
"6","queue-submit","first-frame","328","baseline","baseline-c","36"
"6","pre-present-notify","first-frame","0","baseline","baseline-c","36"
"6","first-present","first-frame","291","baseline","baseline-c","36"
"6","startup-redraw","first-frame","15118","baseline","baseline-c","36"
"6","initial-ui-and-pane-layout","first-text","3","baseline","baseline-c","36"
"6","initial-projection","first-text","31","baseline","baseline-c","36"
"6","surface-acquire","first-text","37","baseline","baseline-c","36"
"6","frame-texture-view","first-text","5","baseline","baseline-c","36"
"6","instance-generation","first-text","0","baseline","baseline-c","36"
"6","instance-buffer-writes","first-text","0","baseline","baseline-c","36"
"6","buffer-create-upload","first-text","10","baseline","baseline-c","36"
"6","render-encoding","first-text","1111","baseline","baseline-c","36"
"6","queue-submit","first-text","1032","baseline","baseline-c","36"
"6","pre-present-notify","first-text","0","baseline","baseline-c","36"
"6","first-present","first-text","394","baseline","baseline-c","36"
"6","startup-redraw","first-text","2783","baseline","baseline-c","36"
"6","initial-ui-and-pane-layout","first-text","2","baseline","baseline-c","36"
"6","initial-projection","first-text","18","baseline","baseline-c","36"
"6","surface-acquire","first-text","35","baseline","baseline-c","36"
"6","frame-texture-view","first-text","5","baseline","baseline-c","36"
"6","instance-generation","first-text","0","baseline","baseline-c","36"
"6","instance-buffer-writes","first-text","0","baseline","baseline-c","36"
"6","buffer-create-upload","first-text","9","baseline","baseline-c","36"
"6","render-encoding","first-text","102","baseline","baseline-c","36"
"6","queue-submit","first-text","230","baseline","baseline-c","36"
"6","pre-present-notify","first-text","0","baseline","baseline-c","36"
"6","first-present","first-text","124","baseline","baseline-c","36"
"6","startup-redraw","first-text","622","baseline","baseline-c","36"
"6","initial-ui-and-pane-layout","first-text","1","baseline","baseline-c","36"
"6","initial-projection","first-text","18","baseline","baseline-c","36"
"6","surface-acquire","first-text","26","baseline","baseline-c","36"
"6","frame-texture-view","first-text","4","baseline","baseline-c","36"
"6","instance-generation","first-text","0","baseline","baseline-c","36"
"6","instance-buffer-writes","first-text","0","baseline","baseline-c","36"
"6","buffer-create-upload","first-text","9","baseline","baseline-c","36"
"6","render-encoding","first-text","114","baseline","baseline-c","36"
"6","queue-submit","first-text","97","baseline","baseline-c","36"
"6","pre-present-notify","first-text","0","baseline","baseline-c","36"
"6","first-present","first-text","89","baseline","baseline-c","36"
"6","startup-redraw","first-text","457","baseline","baseline-c","36"
"6","initial-ui-and-pane-layout","first-text","3","baseline","baseline-c","36"
"6","initial-projection","first-text","21","baseline","baseline-c","36"
"6","surface-acquire","first-text","35","baseline","baseline-c","36"
"6","frame-texture-view","first-text","5","baseline","baseline-c","36"
"6","instance-generation","first-text","6950","baseline","baseline-c","36"
"6","instance-buffer-allocation","first-text","157","baseline","baseline-c","36"
"6","instance-buffer-writes","first-text","175","baseline","baseline-c","36"
"6","instance-buffer-writes","first-text","124","baseline","baseline-c","36"
"6","buffer-create-upload","first-text","502","baseline","baseline-c","36"
"6","render-encoding","first-text","115","baseline","baseline-c","36"
"6","queue-submit","first-text","155","baseline","baseline-c","36"
"6","pre-present-notify","first-text","0","baseline","baseline-c","36"
"6","first-present","first-text","173","baseline","baseline-c","36"
"6","startup-redraw","first-text","8082","baseline","baseline-c","36"
"7","cli-parse","first-frame","402","baseline","baseline-c","37"
"7","event-loop-create","first-frame","3967","baseline","baseline-c","37"
"7","application-default-state","first-frame","139","baseline","baseline-c","37"
"7","application-state-and-paths","first-frame","176","baseline","baseline-c","37"
"7","config-read-parse","first-frame","135","baseline","baseline-c","37"
"7","workspace-model-and-runtimes","first-frame","7","baseline","baseline-c","37"
"7","window-create-and-branding","first-frame","12688","baseline","baseline-c","37"
"7","system-font-discovery","first-frame","25300","baseline","baseline-c","37"
"7","font-family-resolution","first-frame","12","baseline","baseline-c","37"
"7","fallback-candidate-ordering","first-frame","1301","baseline","baseline-c","37"
"7","font-cache-setup","first-frame","6","baseline","baseline-c","37"
"7","font-family-preparation","first-frame","26678","baseline","baseline-c","37"
"7","font-metrics","first-frame","138","baseline","baseline-c","37"
"7","wgpu-instance","first-frame","6237","baseline","baseline-c","37"
"7","surface-create","first-frame","26","baseline","baseline-c","37"
"7","adapter-request","first-frame","30657","baseline","baseline-c","37"
"7","device-request","first-frame","38624","baseline","baseline-c","37"
"7","surface-capabilities-and-config","first-frame","9","baseline","baseline-c","37"
"7","surface-configure","first-frame","5445","baseline","baseline-c","37"
"7","initial-grid-resize","first-frame","118","baseline","baseline-c","37"
"7","initial-ui-and-pane-layout","first-frame","4","baseline","baseline-c","37"
"7","initial-projection","first-frame","24","baseline","baseline-c","37"
"7","surface-acquire","first-frame","57","baseline","baseline-c","37"
"7","shader-module-create","first-frame","296","baseline","baseline-c","37"
"7","glyph-bind-group-layout","first-frame","50","baseline","baseline-c","37"
"7","shader-and-layout","first-frame","365","baseline","baseline-c","37"
"7","rectangle-pipeline","first-frame","5375","baseline","baseline-c","37"
"7","glyph-pipeline","first-frame","6105","baseline","baseline-c","37"
"7","atlas-texture-create","first-frame","1307","baseline","baseline-c","37"
"7","atlas-view-sampler-bind-group","first-frame","193","baseline","baseline-c","37"
"7","glyph-atlas","first-frame","1551","baseline","baseline-c","37"
"7","frame-texture-view","first-frame","11","baseline","baseline-c","37"
"7","instance-generation","first-frame","3","baseline","baseline-c","37"
"7","instance-buffer-allocation","first-frame","149","baseline","baseline-c","37"
"7","instance-buffer-writes","first-frame","206","baseline","baseline-c","37"
"7","buffer-create-upload","first-frame","397","baseline","baseline-c","37"
"7","render-encoding","first-frame","625","baseline","baseline-c","37"
"7","queue-submit","first-frame","333","baseline","baseline-c","37"
"7","pre-present-notify","first-frame","0","baseline","baseline-c","37"
"7","first-present","first-frame","318","baseline","baseline-c","37"
"7","startup-redraw","first-frame","15345","baseline","baseline-c","37"
"7","initial-ui-and-pane-layout","first-text","3","baseline","baseline-c","37"
"7","initial-projection","first-text","46","baseline","baseline-c","37"
"7","surface-acquire","first-text","49","baseline","baseline-c","37"
"7","frame-texture-view","first-text","7","baseline","baseline-c","37"
"7","instance-generation","first-text","0","baseline","baseline-c","37"
"7","instance-buffer-writes","first-text","0","baseline","baseline-c","37"
"7","buffer-create-upload","first-text","17","baseline","baseline-c","37"
"7","render-encoding","first-text","1418","baseline","baseline-c","37"
"7","queue-submit","first-text","1447","baseline","baseline-c","37"
"7","pre-present-notify","first-text","0","baseline","baseline-c","37"
"7","first-present","first-text","630","baseline","baseline-c","37"
"7","startup-redraw","first-text","3809","baseline","baseline-c","37"
"7","initial-ui-and-pane-layout","first-text","4","baseline","baseline-c","37"
"7","initial-projection","first-text","27","baseline","baseline-c","37"
"7","surface-acquire","first-text","44","baseline","baseline-c","37"
"7","frame-texture-view","first-text","5","baseline","baseline-c","37"
"7","instance-generation","first-text","0","baseline","baseline-c","37"
"7","instance-buffer-writes","first-text","0","baseline","baseline-c","37"
"7","buffer-create-upload","first-text","10","baseline","baseline-c","37"
"7","render-encoding","first-text","106","baseline","baseline-c","37"
"7","queue-submit","first-text","261","baseline","baseline-c","37"
"7","pre-present-notify","first-text","0","baseline","baseline-c","37"
"7","first-present","first-text","143","baseline","baseline-c","37"
"7","startup-redraw","first-text","696","baseline","baseline-c","37"
"7","initial-ui-and-pane-layout","first-text","1","baseline","baseline-c","37"
"7","initial-projection","first-text","18","baseline","baseline-c","37"
"7","surface-acquire","first-text","25","baseline","baseline-c","37"
"7","frame-texture-view","first-text","4","baseline","baseline-c","37"
"7","instance-generation","first-text","0","baseline","baseline-c","37"
"7","instance-buffer-writes","first-text","0","baseline","baseline-c","37"
"7","buffer-create-upload","first-text","10","baseline","baseline-c","37"
"7","render-encoding","first-text","97","baseline","baseline-c","37"
"7","queue-submit","first-text","102","baseline","baseline-c","37"
"7","pre-present-notify","first-text","0","baseline","baseline-c","37"
"7","first-present","first-text","92","baseline","baseline-c","37"
"7","startup-redraw","first-text","448","baseline","baseline-c","37"
"7","initial-ui-and-pane-layout","first-text","2","baseline","baseline-c","37"
"7","initial-projection","first-text","27","baseline","baseline-c","37"
"7","surface-acquire","first-text","34","baseline","baseline-c","37"
"7","frame-texture-view","first-text","5","baseline","baseline-c","37"
"7","instance-generation","first-text","7077","baseline","baseline-c","37"
"7","instance-buffer-allocation","first-text","77","baseline","baseline-c","37"
"7","instance-buffer-writes","first-text","72","baseline","baseline-c","37"
"7","instance-buffer-writes","first-text","160","baseline","baseline-c","37"
"7","buffer-create-upload","first-text","349","baseline","baseline-c","37"
"7","render-encoding","first-text","229","baseline","baseline-c","37"
"7","queue-submit","first-text","402","baseline","baseline-c","37"
"7","pre-present-notify","first-text","0","baseline","baseline-c","37"
"7","first-present","first-text","127","baseline","baseline-c","37"
"7","startup-redraw","first-text","8370","baseline","baseline-c","37"
"8","cli-parse","first-frame","437","baseline","baseline-c","38"
"8","event-loop-create","first-frame","3330","baseline","baseline-c","38"
"8","application-default-state","first-frame","146","baseline","baseline-c","38"
"8","application-state-and-paths","first-frame","177","baseline","baseline-c","38"
"8","config-read-parse","first-frame","150","baseline","baseline-c","38"
"8","workspace-model-and-runtimes","first-frame","9","baseline","baseline-c","38"
"8","window-create-and-branding","first-frame","13706","baseline","baseline-c","38"
"8","system-font-discovery","first-frame","25512","baseline","baseline-c","38"
"8","font-family-resolution","first-frame","10","baseline","baseline-c","38"
"8","fallback-candidate-ordering","first-frame","1047","baseline","baseline-c","38"
"8","font-cache-setup","first-frame","3","baseline","baseline-c","38"
"8","font-family-preparation","first-frame","26620","baseline","baseline-c","38"
"8","font-metrics","first-frame","63","baseline","baseline-c","38"
"8","wgpu-instance","first-frame","5559","baseline","baseline-c","38"
"8","surface-create","first-frame","23","baseline","baseline-c","38"
"8","adapter-request","first-frame","33136","baseline","baseline-c","38"
"8","device-request","first-frame","38711","baseline","baseline-c","38"
"8","surface-capabilities-and-config","first-frame","9","baseline","baseline-c","38"
"8","surface-configure","first-frame","4718","baseline","baseline-c","38"
"8","initial-grid-resize","first-frame","110","baseline","baseline-c","38"
"8","initial-ui-and-pane-layout","first-frame","15","baseline","baseline-c","38"
"8","initial-projection","first-frame","26","baseline","baseline-c","38"
"8","surface-acquire","first-frame","47","baseline","baseline-c","38"
"8","shader-module-create","first-frame","315","baseline","baseline-c","38"
"8","glyph-bind-group-layout","first-frame","46","baseline","baseline-c","38"
"8","shader-and-layout","first-frame","383","baseline","baseline-c","38"
"8","rectangle-pipeline","first-frame","5647","baseline","baseline-c","38"
"8","glyph-pipeline","first-frame","5135","baseline","baseline-c","38"
"8","atlas-texture-create","first-frame","1467","baseline","baseline-c","38"
"8","atlas-view-sampler-bind-group","first-frame","215","baseline","baseline-c","38"
"8","glyph-atlas","first-frame","1729","baseline","baseline-c","38"
"8","frame-texture-view","first-frame","10","baseline","baseline-c","38"
"8","instance-generation","first-frame","2","baseline","baseline-c","38"
"8","instance-buffer-allocation","first-frame","97","baseline","baseline-c","38"
"8","instance-buffer-writes","first-frame","110","baseline","baseline-c","38"
"8","buffer-create-upload","first-frame","234","baseline","baseline-c","38"
"8","render-encoding","first-frame","602","baseline","baseline-c","38"
"8","queue-submit","first-frame","415","baseline","baseline-c","38"
"8","pre-present-notify","first-frame","0","baseline","baseline-c","38"
"8","first-present","first-frame","347","baseline","baseline-c","38"
"8","startup-redraw","first-frame","14751","baseline","baseline-c","38"
"8","initial-ui-and-pane-layout","first-text","4","baseline","baseline-c","38"
"8","initial-projection","first-text","39","baseline","baseline-c","38"
"8","surface-acquire","first-text","44","baseline","baseline-c","38"
"8","frame-texture-view","first-text","7","baseline","baseline-c","38"
"8","instance-generation","first-text","0","baseline","baseline-c","38"
"8","instance-buffer-writes","first-text","0","baseline","baseline-c","38"
"8","buffer-create-upload","first-text","10","baseline","baseline-c","38"
"8","render-encoding","first-text","743","baseline","baseline-c","38"
"8","queue-submit","first-text","698","baseline","baseline-c","38"
"8","pre-present-notify","first-text","0","baseline","baseline-c","38"
"8","first-present","first-text","519","baseline","baseline-c","38"
"8","startup-redraw","first-text","2227","baseline","baseline-c","38"
"8","initial-ui-and-pane-layout","first-text","2","baseline","baseline-c","38"
"8","initial-projection","first-text","19","baseline","baseline-c","38"
"8","surface-acquire","first-text","35","baseline","baseline-c","38"
"8","frame-texture-view","first-text","5","baseline","baseline-c","38"
"8","instance-generation","first-text","0","baseline","baseline-c","38"
"8","instance-buffer-writes","first-text","0","baseline","baseline-c","38"
"8","buffer-create-upload","first-text","9","baseline","baseline-c","38"
"8","render-encoding","first-text","100","baseline","baseline-c","38"
"8","queue-submit","first-text","225","baseline","baseline-c","38"
"8","pre-present-notify","first-text","0","baseline","baseline-c","38"
"8","first-present","first-text","113","baseline","baseline-c","38"
"8","startup-redraw","first-text","603","baseline","baseline-c","38"
"8","initial-ui-and-pane-layout","first-text","1","baseline","baseline-c","38"
"8","initial-projection","first-text","18","baseline","baseline-c","38"
"8","surface-acquire","first-text","32","baseline","baseline-c","38"
"8","frame-texture-view","first-text","4","baseline","baseline-c","38"
"8","instance-generation","first-text","0","baseline","baseline-c","38"
"8","instance-buffer-writes","first-text","0","baseline","baseline-c","38"
"8","buffer-create-upload","first-text","9","baseline","baseline-c","38"
"8","render-encoding","first-text","68","baseline","baseline-c","38"
"8","queue-submit","first-text","73","baseline","baseline-c","38"
"8","pre-present-notify","first-text","0","baseline","baseline-c","38"
"8","first-present","first-text","107","baseline","baseline-c","38"
"8","startup-redraw","first-text","408","baseline","baseline-c","38"
"8","initial-ui-and-pane-layout","first-text","4","baseline","baseline-c","38"
"8","initial-projection","first-text","34","baseline","baseline-c","38"
"8","surface-acquire","first-text","49","baseline","baseline-c","38"
"8","frame-texture-view","first-text","6","baseline","baseline-c","38"
"8","instance-generation","first-text","5995","baseline","baseline-c","38"
"8","instance-buffer-allocation","first-text","107","baseline","baseline-c","38"
"8","instance-buffer-writes","first-text","110","baseline","baseline-c","38"
"8","instance-buffer-writes","first-text","193","baseline","baseline-c","38"
"8","buffer-create-upload","first-text","468","baseline","baseline-c","38"
"8","render-encoding","first-text","126","baseline","baseline-c","38"
"8","queue-submit","first-text","155","baseline","baseline-c","38"
"8","pre-present-notify","first-text","0","baseline","baseline-c","38"
"8","first-present","first-text","144","baseline","baseline-c","38"
"8","startup-redraw","first-text","7081","baseline","baseline-c","38"
"9","cli-parse","first-frame","399","baseline","baseline-c","39"
"9","event-loop-create","first-frame","4320","baseline","baseline-c","39"
"9","application-default-state","first-frame","142","baseline","baseline-c","39"
"9","application-state-and-paths","first-frame","178","baseline","baseline-c","39"
"9","config-read-parse","first-frame","150","baseline","baseline-c","39"
"9","workspace-model-and-runtimes","first-frame","8","baseline","baseline-c","39"
"9","window-create-and-branding","first-frame","13230","baseline","baseline-c","39"
"9","system-font-discovery","first-frame","25180","baseline","baseline-c","39"
"9","font-family-resolution","first-frame","8","baseline","baseline-c","39"
"9","fallback-candidate-ordering","first-frame","1045","baseline","baseline-c","39"
"9","font-cache-setup","first-frame","3","baseline","baseline-c","39"
"9","font-family-preparation","first-frame","26284","baseline","baseline-c","39"
"9","font-metrics","first-frame","56","baseline","baseline-c","39"
"9","wgpu-instance","first-frame","5442","baseline","baseline-c","39"
"9","surface-create","first-frame","25","baseline","baseline-c","39"
"9","adapter-request","first-frame","30567","baseline","baseline-c","39"
"9","device-request","first-frame","36984","baseline","baseline-c","39"
"9","surface-capabilities-and-config","first-frame","10","baseline","baseline-c","39"
"9","surface-configure","first-frame","4014","baseline","baseline-c","39"
"9","initial-grid-resize","first-frame","140","baseline","baseline-c","39"
"9","initial-ui-and-pane-layout","first-frame","15","baseline","baseline-c","39"
"9","initial-projection","first-frame","26","baseline","baseline-c","39"
"9","surface-acquire","first-frame","41","baseline","baseline-c","39"
"9","shader-module-create","first-frame","314","baseline","baseline-c","39"
"9","glyph-bind-group-layout","first-frame","41","baseline","baseline-c","39"
"9","shader-and-layout","first-frame","376","baseline","baseline-c","39"
"9","rectangle-pipeline","first-frame","5849","baseline","baseline-c","39"
"9","glyph-pipeline","first-frame","5635","baseline","baseline-c","39"
"9","atlas-texture-create","first-frame","1272","baseline","baseline-c","39"
"9","atlas-view-sampler-bind-group","first-frame","199","baseline","baseline-c","39"
"9","glyph-atlas","first-frame","1529","baseline","baseline-c","39"
"9","frame-texture-view","first-frame","9","baseline","baseline-c","39"
"9","instance-generation","first-frame","3","baseline","baseline-c","39"
"9","instance-buffer-allocation","first-frame","123","baseline","baseline-c","39"
"9","instance-buffer-writes","first-frame","116","baseline","baseline-c","39"
"9","buffer-create-upload","first-frame","273","baseline","baseline-c","39"
"9","render-encoding","first-frame","486","baseline","baseline-c","39"
"9","queue-submit","first-frame","366","baseline","baseline-c","39"
"9","pre-present-notify","first-frame","0","baseline","baseline-c","39"
"9","first-present","first-frame","304","baseline","baseline-c","39"
"9","startup-redraw","first-frame","15069","baseline","baseline-c","39"
"9","initial-ui-and-pane-layout","first-text","5","baseline","baseline-c","39"
"9","initial-projection","first-text","50","baseline","baseline-c","39"
"9","surface-acquire","first-text","61","baseline","baseline-c","39"
"9","frame-texture-view","first-text","8","baseline","baseline-c","39"
"9","instance-generation","first-text","0","baseline","baseline-c","39"
"9","instance-buffer-writes","first-text","0","baseline","baseline-c","39"
"9","buffer-create-upload","first-text","12","baseline","baseline-c","39"
"9","render-encoding","first-text","1027","baseline","baseline-c","39"
"9","queue-submit","first-text","843","baseline","baseline-c","39"
"9","pre-present-notify","first-text","0","baseline","baseline-c","39"
"9","first-present","first-text","487","baseline","baseline-c","39"
"9","startup-redraw","first-text","2661","baseline","baseline-c","39"
"9","initial-ui-and-pane-layout","first-text","2","baseline","baseline-c","39"
"9","initial-projection","first-text","28","baseline","baseline-c","39"
"9","surface-acquire","first-text","37","baseline","baseline-c","39"
"9","frame-texture-view","first-text","6","baseline","baseline-c","39"
"9","instance-generation","first-text","0","baseline","baseline-c","39"
"9","instance-buffer-writes","first-text","0","baseline","baseline-c","39"
"9","buffer-create-upload","first-text","10","baseline","baseline-c","39"
"9","render-encoding","first-text","105","baseline","baseline-c","39"
"9","queue-submit","first-text","266","baseline","baseline-c","39"
"9","pre-present-notify","first-text","0","baseline","baseline-c","39"
"9","first-present","first-text","119","baseline","baseline-c","39"
"9","startup-redraw","first-text","680","baseline","baseline-c","39"
"9","initial-ui-and-pane-layout","first-text","1","baseline","baseline-c","39"
"9","initial-projection","first-text","22","baseline","baseline-c","39"
"9","surface-acquire","first-text","17","baseline","baseline-c","39"
"9","frame-texture-view","first-text","3","baseline","baseline-c","39"
"9","instance-generation","first-text","0","baseline","baseline-c","39"
"9","instance-buffer-writes","first-text","0","baseline","baseline-c","39"
"9","buffer-create-upload","first-text","10","baseline","baseline-c","39"
"9","render-encoding","first-text","65","baseline","baseline-c","39"
"9","queue-submit","first-text","78","baseline","baseline-c","39"
"9","pre-present-notify","first-text","0","baseline","baseline-c","39"
"9","first-present","first-text","83","baseline","baseline-c","39"
"9","startup-redraw","first-text","385","baseline","baseline-c","39"
"9","initial-ui-and-pane-layout","first-text","4","baseline","baseline-c","39"
"9","initial-projection","first-text","36","baseline","baseline-c","39"
"9","surface-acquire","first-text","35","baseline","baseline-c","39"
"9","frame-texture-view","first-text","5","baseline","baseline-c","39"
"9","instance-generation","first-text","5248","baseline","baseline-c","39"
"9","instance-buffer-allocation","first-text","70","baseline","baseline-c","39"
"9","instance-buffer-writes","first-text","67","baseline","baseline-c","39"
"9","instance-buffer-writes","first-text","82","baseline","baseline-c","39"
"9","buffer-create-upload","first-text","255","baseline","baseline-c","39"
"9","render-encoding","first-text","235","baseline","baseline-c","39"
"9","queue-submit","first-text","418","baseline","baseline-c","39"
"9","pre-present-notify","first-text","0","baseline","baseline-c","39"
"9","first-present","first-text","136","baseline","baseline-c","39"
"9","startup-redraw","first-text","6493","baseline","baseline-c","39"
"10","cli-parse","first-frame","616","baseline","baseline-c","40"
"10","event-loop-create","first-frame","3807","baseline","baseline-c","40"
"10","application-default-state","first-frame","157","baseline","baseline-c","40"
"10","application-state-and-paths","first-frame","196","baseline","baseline-c","40"
"10","config-read-parse","first-frame","169","baseline","baseline-c","40"
"10","workspace-model-and-runtimes","first-frame","9","baseline","baseline-c","40"
"10","window-create-and-branding","first-frame","12281","baseline","baseline-c","40"
"10","system-font-discovery","first-frame","25010","baseline","baseline-c","40"
"10","font-family-resolution","first-frame","10","baseline","baseline-c","40"
"10","fallback-candidate-ordering","first-frame","1128","baseline","baseline-c","40"
"10","font-cache-setup","first-frame","4","baseline","baseline-c","40"
"10","font-family-preparation","first-frame","26203","baseline","baseline-c","40"
"10","font-metrics","first-frame","83","baseline","baseline-c","40"
"10","wgpu-instance","first-frame","6492","baseline","baseline-c","40"
"10","surface-create","first-frame","26","baseline","baseline-c","40"
"10","adapter-request","first-frame","32368","baseline","baseline-c","40"
"10","device-request","first-frame","36626","baseline","baseline-c","40"
"10","surface-capabilities-and-config","first-frame","9","baseline","baseline-c","40"
"10","surface-configure","first-frame","4293","baseline","baseline-c","40"
"10","initial-grid-resize","first-frame","112","baseline","baseline-c","40"
"10","initial-ui-and-pane-layout","first-frame","11","baseline","baseline-c","40"
"10","initial-projection","first-frame","25","baseline","baseline-c","40"
"10","surface-acquire","first-frame","43","baseline","baseline-c","40"
"10","shader-module-create","first-frame","312","baseline","baseline-c","40"
"10","glyph-bind-group-layout","first-frame","40","baseline","baseline-c","40"
"10","shader-and-layout","first-frame","371","baseline","baseline-c","40"
"10","rectangle-pipeline","first-frame","4333","baseline","baseline-c","40"
"10","glyph-pipeline","first-frame","5300","baseline","baseline-c","40"
"10","atlas-texture-create","first-frame","1687","baseline","baseline-c","40"
"10","atlas-view-sampler-bind-group","first-frame","279","baseline","baseline-c","40"
"10","glyph-atlas","first-frame","2088","baseline","baseline-c","40"
"10","frame-texture-view","first-frame","15","baseline","baseline-c","40"
"10","instance-generation","first-frame","3","baseline","baseline-c","40"
"10","instance-buffer-allocation","first-frame","131","baseline","baseline-c","40"
"10","instance-buffer-writes","first-frame","118","baseline","baseline-c","40"
"10","buffer-create-upload","first-frame","276","baseline","baseline-c","40"
"10","render-encoding","first-frame","729","baseline","baseline-c","40"
"10","queue-submit","first-frame","580","baseline","baseline-c","40"
"10","pre-present-notify","first-frame","0","baseline","baseline-c","40"
"10","first-present","first-frame","298","baseline","baseline-c","40"
"10","startup-redraw","first-frame","14328","baseline","baseline-c","40"
"10","initial-ui-and-pane-layout","first-text","2","baseline","baseline-c","40"
"10","initial-projection","first-text","27","baseline","baseline-c","40"
"10","surface-acquire","first-text","36","baseline","baseline-c","40"
"10","frame-texture-view","first-text","5","baseline","baseline-c","40"
"10","instance-generation","first-text","0","baseline","baseline-c","40"
"10","instance-buffer-writes","first-text","0","baseline","baseline-c","40"
"10","buffer-create-upload","first-text","10","baseline","baseline-c","40"
"10","render-encoding","first-text","1034","baseline","baseline-c","40"
"10","queue-submit","first-text","771","baseline","baseline-c","40"
"10","pre-present-notify","first-text","0","baseline","baseline-c","40"
"10","first-present","first-text","644","baseline","baseline-c","40"
"10","startup-redraw","first-text","2690","baseline","baseline-c","40"
"10","initial-ui-and-pane-layout","first-text","4","baseline","baseline-c","40"
"10","initial-projection","first-text","21","baseline","baseline-c","40"
"10","surface-acquire","first-text","48","baseline","baseline-c","40"
"10","frame-texture-view","first-text","6","baseline","baseline-c","40"
"10","instance-generation","first-text","0","baseline","baseline-c","40"
"10","instance-buffer-writes","first-text","0","baseline","baseline-c","40"
"10","buffer-create-upload","first-text","10","baseline","baseline-c","40"
"10","render-encoding","first-text","139","baseline","baseline-c","40"
"10","queue-submit","first-text","250","baseline","baseline-c","40"
"10","pre-present-notify","first-text","0","baseline","baseline-c","40"
"10","first-present","first-text","123","baseline","baseline-c","40"
"10","startup-redraw","first-text","697","baseline","baseline-c","40"
"10","initial-ui-and-pane-layout","first-text","1","baseline","baseline-c","40"
"10","initial-projection","first-text","17","baseline","baseline-c","40"
"10","surface-acquire","first-text","19","baseline","baseline-c","40"
"10","frame-texture-view","first-text","3","baseline","baseline-c","40"
"10","instance-generation","first-text","0","baseline","baseline-c","40"
"10","instance-buffer-writes","first-text","0","baseline","baseline-c","40"
"10","buffer-create-upload","first-text","9","baseline","baseline-c","40"
"10","render-encoding","first-text","73","baseline","baseline-c","40"
"10","queue-submit","first-text","90","baseline","baseline-c","40"
"10","pre-present-notify","first-text","0","baseline","baseline-c","40"
"10","first-present","first-text","107","baseline","baseline-c","40"
"10","startup-redraw","first-text","417","baseline","baseline-c","40"
"10","initial-ui-and-pane-layout","first-text","2","baseline","baseline-c","40"
"10","initial-projection","first-text","19","baseline","baseline-c","40"
"10","surface-acquire","first-text","34","baseline","baseline-c","40"
"10","frame-texture-view","first-text","5","baseline","baseline-c","40"
"10","instance-generation","first-text","5807","baseline","baseline-c","40"
"10","instance-buffer-allocation","first-text","76","baseline","baseline-c","40"
"10","instance-buffer-writes","first-text","80","baseline","baseline-c","40"
"10","instance-buffer-writes","first-text","131","baseline","baseline-c","40"
"10","buffer-create-upload","first-text","323","baseline","baseline-c","40"
"10","render-encoding","first-text","296","baseline","baseline-c","40"
"10","queue-submit","first-text","392","baseline","baseline-c","40"
"10","pre-present-notify","first-text","0","baseline","baseline-c","40"
"10","first-present","first-text","145","baseline","baseline-c","40"
"10","startup-redraw","first-text","7133","baseline","baseline-c","40"
"11","cli-parse","first-frame","451","baseline","baseline-c","41"
"11","event-loop-create","first-frame","3398","baseline","baseline-c","41"
"11","application-default-state","first-frame","140","baseline","baseline-c","41"
"11","application-state-and-paths","first-frame","175","baseline","baseline-c","41"
"11","config-read-parse","first-frame","141","baseline","baseline-c","41"
"11","workspace-model-and-runtimes","first-frame","8","baseline","baseline-c","41"
"11","window-create-and-branding","first-frame","13245","baseline","baseline-c","41"
"11","system-font-discovery","first-frame","25361","baseline","baseline-c","41"
"11","font-family-resolution","first-frame","10","baseline","baseline-c","41"
"11","fallback-candidate-ordering","first-frame","1042","baseline","baseline-c","41"
"11","font-cache-setup","first-frame","3","baseline","baseline-c","41"
"11","font-family-preparation","first-frame","26465","baseline","baseline-c","41"
"11","font-metrics","first-frame","60","baseline","baseline-c","41"
"11","wgpu-instance","first-frame","5135","baseline","baseline-c","41"
"11","surface-create","first-frame","23","baseline","baseline-c","41"
"11","adapter-request","first-frame","30526","baseline","baseline-c","41"
"11","device-request","first-frame","39467","baseline","baseline-c","41"
"11","surface-capabilities-and-config","first-frame","11","baseline","baseline-c","41"
"11","surface-configure","first-frame","4368","baseline","baseline-c","41"
"11","initial-grid-resize","first-frame","120","baseline","baseline-c","41"
"11","initial-ui-and-pane-layout","first-frame","32","baseline","baseline-c","41"
"11","initial-projection","first-frame","27","baseline","baseline-c","41"
"11","surface-acquire","first-frame","43","baseline","baseline-c","41"
"11","shader-module-create","first-frame","303","baseline","baseline-c","41"
"11","glyph-bind-group-layout","first-frame","41","baseline","baseline-c","41"
"11","shader-and-layout","first-frame","363","baseline","baseline-c","41"
"11","rectangle-pipeline","first-frame","4605","baseline","baseline-c","41"
"11","glyph-pipeline","first-frame","5588","baseline","baseline-c","41"
"11","atlas-texture-create","first-frame","1174","baseline","baseline-c","41"
"11","atlas-view-sampler-bind-group","first-frame","160","baseline","baseline-c","41"
"11","glyph-atlas","first-frame","1394","baseline","baseline-c","41"
"11","frame-texture-view","first-frame","7","baseline","baseline-c","41"
"11","instance-generation","first-frame","2","baseline","baseline-c","41"
"11","instance-buffer-allocation","first-frame","89","baseline","baseline-c","41"
"11","instance-buffer-writes","first-frame","99","baseline","baseline-c","41"
"11","buffer-create-upload","first-frame","212","baseline","baseline-c","41"
"11","render-encoding","first-frame","508","baseline","baseline-c","41"
"11","queue-submit","first-frame","382","baseline","baseline-c","41"
"11","pre-present-notify","first-frame","0","baseline","baseline-c","41"
"11","first-present","first-frame","299","baseline","baseline-c","41"
"11","startup-redraw","first-frame","13597","baseline","baseline-c","41"
"11","initial-ui-and-pane-layout","first-text","2","baseline","baseline-c","41"
"11","initial-projection","first-text","24","baseline","baseline-c","41"
"11","surface-acquire","first-text","39","baseline","baseline-c","41"
"11","frame-texture-view","first-text","9","baseline","baseline-c","41"
"11","instance-generation","first-text","0","baseline","baseline-c","41"
"11","instance-buffer-writes","first-text","0","baseline","baseline-c","41"
"11","buffer-create-upload","first-text","10","baseline","baseline-c","41"
"11","render-encoding","first-text","1026","baseline","baseline-c","41"
"11","queue-submit","first-text","826","baseline","baseline-c","41"
"11","pre-present-notify","first-text","0","baseline","baseline-c","41"
"11","first-present","first-text","738","baseline","baseline-c","41"
"11","startup-redraw","first-text","2822","baseline","baseline-c","41"
"11","initial-ui-and-pane-layout","first-text","3","baseline","baseline-c","41"
"11","initial-projection","first-text","19","baseline","baseline-c","41"
"11","surface-acquire","first-text","38","baseline","baseline-c","41"
"11","frame-texture-view","first-text","6","baseline","baseline-c","41"
"11","instance-generation","first-text","0","baseline","baseline-c","41"
"11","instance-buffer-writes","first-text","0","baseline","baseline-c","41"
"11","buffer-create-upload","first-text","9","baseline","baseline-c","41"
"11","render-encoding","first-text","105","baseline","baseline-c","41"
"11","queue-submit","first-text","283","baseline","baseline-c","41"
"11","pre-present-notify","first-text","0","baseline","baseline-c","41"
"11","first-present","first-text","134","baseline","baseline-c","41"
"11","startup-redraw","first-text","710","baseline","baseline-c","41"
"11","initial-ui-and-pane-layout","first-text","1","baseline","baseline-c","41"
"11","initial-projection","first-text","21","baseline","baseline-c","41"
"11","surface-acquire","first-text","30","baseline","baseline-c","41"
"11","frame-texture-view","first-text","6","baseline","baseline-c","41"
"11","instance-generation","first-text","0","baseline","baseline-c","41"
"11","instance-buffer-writes","first-text","0","baseline","baseline-c","41"
"11","buffer-create-upload","first-text","9","baseline","baseline-c","41"
"11","render-encoding","first-text","110","baseline","baseline-c","41"
"11","queue-submit","first-text","111","baseline","baseline-c","41"
"11","pre-present-notify","first-text","0","baseline","baseline-c","41"
"11","first-present","first-text","160","baseline","baseline-c","41"
"11","startup-redraw","first-text","556","baseline","baseline-c","41"
"11","initial-ui-and-pane-layout","first-text","3","baseline","baseline-c","41"
"11","initial-projection","first-text","28","baseline","baseline-c","41"
"11","surface-acquire","first-text","35","baseline","baseline-c","41"
"11","frame-texture-view","first-text","5","baseline","baseline-c","41"
"11","instance-generation","first-text","6663","baseline","baseline-c","41"
"11","instance-buffer-allocation","first-text","106","baseline","baseline-c","41"
"11","instance-buffer-writes","first-text","82","baseline","baseline-c","41"
"11","instance-buffer-writes","first-text","96","baseline","baseline-c","41"
"11","buffer-create-upload","first-text","322","baseline","baseline-c","41"
"11","render-encoding","first-text","228","baseline","baseline-c","41"
"11","queue-submit","first-text","474","baseline","baseline-c","41"
"11","pre-present-notify","first-text","0","baseline","baseline-c","41"
"11","first-present","first-text","141","baseline","baseline-c","41"
"11","startup-redraw","first-text","8015","baseline","baseline-c","41"
"12","cli-parse","first-frame","420","baseline","baseline-c","42"
"12","event-loop-create","first-frame","3775","baseline","baseline-c","42"
"12","application-default-state","first-frame","160","baseline","baseline-c","42"
"12","application-state-and-paths","first-frame","197","baseline","baseline-c","42"
"12","config-read-parse","first-frame","155","baseline","baseline-c","42"
"12","workspace-model-and-runtimes","first-frame","8","baseline","baseline-c","42"
"12","window-create-and-branding","first-frame","12153","baseline","baseline-c","42"
"12","system-font-discovery","first-frame","24254","baseline","baseline-c","42"
"12","font-family-resolution","first-frame","8","baseline","baseline-c","42"
"12","fallback-candidate-ordering","first-frame","1255","baseline","baseline-c","42"
"12","font-cache-setup","first-frame","3","baseline","baseline-c","42"
"12","font-family-preparation","first-frame","25573","baseline","baseline-c","42"
"12","font-metrics","first-frame","87","baseline","baseline-c","42"
"12","wgpu-instance","first-frame","5954","baseline","baseline-c","42"
"12","surface-create","first-frame","37","baseline","baseline-c","42"
"12","adapter-request","first-frame","30293","baseline","baseline-c","42"
"12","device-request","first-frame","37179","baseline","baseline-c","42"
"12","surface-capabilities-and-config","first-frame","8","baseline","baseline-c","42"
"12","surface-configure","first-frame","4239","baseline","baseline-c","42"
"12","initial-grid-resize","first-frame","120","baseline","baseline-c","42"
"12","initial-ui-and-pane-layout","first-frame","14","baseline","baseline-c","42"
"12","initial-projection","first-frame","22","baseline","baseline-c","42"
"12","surface-acquire","first-frame","41","baseline","baseline-c","42"
"12","shader-module-create","first-frame","315","baseline","baseline-c","42"
"12","glyph-bind-group-layout","first-frame","43","baseline","baseline-c","42"
"12","shader-and-layout","first-frame","380","baseline","baseline-c","42"
"12","rectangle-pipeline","first-frame","4558","baseline","baseline-c","42"
"12","glyph-pipeline","first-frame","5496","baseline","baseline-c","42"
"12","atlas-texture-create","first-frame","968","baseline","baseline-c","42"
"12","atlas-view-sampler-bind-group","first-frame","139","baseline","baseline-c","42"
"12","glyph-atlas","first-frame","1148","baseline","baseline-c","42"
"12","frame-texture-view","first-frame","7","baseline","baseline-c","42"
"12","instance-generation","first-frame","2","baseline","baseline-c","42"
"12","instance-buffer-allocation","first-frame","91","baseline","baseline-c","42"
"12","instance-buffer-writes","first-frame","75","baseline","baseline-c","42"
"12","buffer-create-upload","first-frame","199","baseline","baseline-c","42"
"12","render-encoding","first-frame","495","baseline","baseline-c","42"
"12","queue-submit","first-frame","512","baseline","baseline-c","42"
"12","pre-present-notify","first-frame","0","baseline","baseline-c","42"
"12","first-present","first-frame","336","baseline","baseline-c","42"
"12","startup-redraw","first-frame","13375","baseline","baseline-c","42"
"12","initial-ui-and-pane-layout","first-text","3","baseline","baseline-c","42"
"12","initial-projection","first-text","28","baseline","baseline-c","42"
"12","surface-acquire","first-text","39","baseline","baseline-c","42"
"12","frame-texture-view","first-text","5","baseline","baseline-c","42"
"12","instance-generation","first-text","0","baseline","baseline-c","42"
"12","instance-buffer-writes","first-text","0","baseline","baseline-c","42"
"12","buffer-create-upload","first-text","10","baseline","baseline-c","42"
"12","render-encoding","first-text","776","baseline","baseline-c","42"
"12","queue-submit","first-text","840","baseline","baseline-c","42"
"12","pre-present-notify","first-text","0","baseline","baseline-c","42"
"12","first-present","first-text","568","baseline","baseline-c","42"
"12","startup-redraw","first-text","2423","baseline","baseline-c","42"
"12","initial-ui-and-pane-layout","first-text","3","baseline","baseline-c","42"
"12","initial-projection","first-text","20","baseline","baseline-c","42"
"12","surface-acquire","first-text","40","baseline","baseline-c","42"
"12","frame-texture-view","first-text","5","baseline","baseline-c","42"
"12","instance-generation","first-text","0","baseline","baseline-c","42"
"12","instance-buffer-writes","first-text","0","baseline","baseline-c","42"
"12","buffer-create-upload","first-text","9","baseline","baseline-c","42"
"12","render-encoding","first-text","98","baseline","baseline-c","42"
"12","queue-submit","first-text","216","baseline","baseline-c","42"
"12","pre-present-notify","first-text","0","baseline","baseline-c","42"
"12","first-present","first-text","121","baseline","baseline-c","42"
"12","startup-redraw","first-text","609","baseline","baseline-c","42"
"12","initial-ui-and-pane-layout","first-text","1","baseline","baseline-c","42"
"12","initial-projection","first-text","22","baseline","baseline-c","42"
"12","surface-acquire","first-text","21","baseline","baseline-c","42"
"12","frame-texture-view","first-text","5","baseline","baseline-c","42"
"12","instance-generation","first-text","0","baseline","baseline-c","42"
"12","instance-buffer-writes","first-text","0","baseline","baseline-c","42"
"12","buffer-create-upload","first-text","10","baseline","baseline-c","42"
"12","render-encoding","first-text","128","baseline","baseline-c","42"
"12","queue-submit","first-text","83","baseline","baseline-c","42"
"12","pre-present-notify","first-text","0","baseline","baseline-c","42"
"12","first-present","first-text","94","baseline","baseline-c","42"
"12","startup-redraw","first-text","461","baseline","baseline-c","42"
"12","initial-ui-and-pane-layout","first-text","3","baseline","baseline-c","42"
"12","initial-projection","first-text","30","baseline","baseline-c","42"
"12","surface-acquire","first-text","42","baseline","baseline-c","42"
"12","frame-texture-view","first-text","5","baseline","baseline-c","42"
"12","instance-generation","first-text","6252","baseline","baseline-c","42"
"12","instance-buffer-allocation","first-text","106","baseline","baseline-c","42"
"12","instance-buffer-writes","first-text","97","baseline","baseline-c","42"
"12","instance-buffer-writes","first-text","155","baseline","baseline-c","42"
"12","buffer-create-upload","first-text","483","baseline","baseline-c","42"
"12","render-encoding","first-text","95","baseline","baseline-c","42"
"12","queue-submit","first-text","140","baseline","baseline-c","42"
"12","pre-present-notify","first-text","0","baseline","baseline-c","42"
"12","first-present","first-text","126","baseline","baseline-c","42"
"12","startup-redraw","first-text","7286","baseline","baseline-c","42"
"13","cli-parse","first-frame","384","baseline","baseline-c","43"
"13","event-loop-create","first-frame","4430","baseline","baseline-c","43"
"13","application-default-state","first-frame","179","baseline","baseline-c","43"
"13","application-state-and-paths","first-frame","216","baseline","baseline-c","43"
"13","config-read-parse","first-frame","163","baseline","baseline-c","43"
"13","workspace-model-and-runtimes","first-frame","9","baseline","baseline-c","43"
"13","window-create-and-branding","first-frame","12778","baseline","baseline-c","43"
"13","system-font-discovery","first-frame","26486","baseline","baseline-c","43"
"13","font-family-resolution","first-frame","19","baseline","baseline-c","43"
"13","fallback-candidate-ordering","first-frame","1060","baseline","baseline-c","43"
"13","font-cache-setup","first-frame","3","baseline","baseline-c","43"
"13","font-family-preparation","first-frame","27625","baseline","baseline-c","43"
"13","font-metrics","first-frame","81","baseline","baseline-c","43"
"13","wgpu-instance","first-frame","6082","baseline","baseline-c","43"
"13","surface-create","first-frame","29","baseline","baseline-c","43"
"13","adapter-request","first-frame","32790","baseline","baseline-c","43"
"13","device-request","first-frame","36066","baseline","baseline-c","43"
"13","surface-capabilities-and-config","first-frame","15","baseline","baseline-c","43"
"13","surface-configure","first-frame","4134","baseline","baseline-c","43"
"13","initial-grid-resize","first-frame","95","baseline","baseline-c","43"
"13","initial-ui-and-pane-layout","first-frame","11","baseline","baseline-c","43"
"13","initial-projection","first-frame","33","baseline","baseline-c","43"
"13","surface-acquire","first-frame","40","baseline","baseline-c","43"
"13","shader-module-create","first-frame","300","baseline","baseline-c","43"
"13","glyph-bind-group-layout","first-frame","41","baseline","baseline-c","43"
"13","shader-and-layout","first-frame","360","baseline","baseline-c","43"
"13","rectangle-pipeline","first-frame","4629","baseline","baseline-c","43"
"13","glyph-pipeline","first-frame","4773","baseline","baseline-c","43"
"13","atlas-texture-create","first-frame","1488","baseline","baseline-c","43"
"13","atlas-view-sampler-bind-group","first-frame","226","baseline","baseline-c","43"
"13","glyph-atlas","first-frame","1781","baseline","baseline-c","43"
"13","frame-texture-view","first-frame","9","baseline","baseline-c","43"
"13","instance-generation","first-frame","2","baseline","baseline-c","43"
"13","instance-buffer-allocation","first-frame","148","baseline","baseline-c","43"
"13","instance-buffer-writes","first-frame","209","baseline","baseline-c","43"
"13","buffer-create-upload","first-frame","408","baseline","baseline-c","43"
"13","render-encoding","first-frame","531","baseline","baseline-c","43"
"13","queue-submit","first-frame","420","baseline","baseline-c","43"
"13","pre-present-notify","first-frame","0","baseline","baseline-c","43"
"13","first-present","first-frame","343","baseline","baseline-c","43"
"13","startup-redraw","first-frame","13497","baseline","baseline-c","43"
"13","initial-ui-and-pane-layout","first-text","4","baseline","baseline-c","43"
"13","initial-projection","first-text","29","baseline","baseline-c","43"
"13","surface-acquire","first-text","36","baseline","baseline-c","43"
"13","frame-texture-view","first-text","5","baseline","baseline-c","43"
"13","instance-generation","first-text","0","baseline","baseline-c","43"
"13","instance-buffer-writes","first-text","0","baseline","baseline-c","43"
"13","buffer-create-upload","first-text","10","baseline","baseline-c","43"
"13","render-encoding","first-text","1056","baseline","baseline-c","43"
"13","queue-submit","first-text","1105","baseline","baseline-c","43"
"13","pre-present-notify","first-text","0","baseline","baseline-c","43"
"13","first-present","first-text","464","baseline","baseline-c","43"
"13","startup-redraw","first-text","2871","baseline","baseline-c","43"
"13","initial-ui-and-pane-layout","first-text","3","baseline","baseline-c","43"
"13","initial-projection","first-text","18","baseline","baseline-c","43"
"13","surface-acquire","first-text","36","baseline","baseline-c","43"
"13","frame-texture-view","first-text","5","baseline","baseline-c","43"
"13","instance-generation","first-text","0","baseline","baseline-c","43"
"13","instance-buffer-writes","first-text","0","baseline","baseline-c","43"
"13","buffer-create-upload","first-text","9","baseline","baseline-c","43"
"13","render-encoding","first-text","103","baseline","baseline-c","43"
"13","queue-submit","first-text","207","baseline","baseline-c","43"
"13","pre-present-notify","first-text","0","baseline","baseline-c","43"
"13","first-present","first-text","112","baseline","baseline-c","43"
"13","startup-redraw","first-text","586","baseline","baseline-c","43"
"13","initial-ui-and-pane-layout","first-text","3","baseline","baseline-c","43"
"13","initial-projection","first-text","38","baseline","baseline-c","43"
"13","surface-acquire","first-text","42","baseline","baseline-c","43"
"13","frame-texture-view","first-text","8","baseline","baseline-c","43"
"13","instance-generation","first-text","1","baseline","baseline-c","43"
"13","instance-buffer-writes","first-text","0","baseline","baseline-c","43"
"13","buffer-create-upload","first-text","22","baseline","baseline-c","43"
"13","render-encoding","first-text","136","baseline","baseline-c","43"
"13","queue-submit","first-text","137","baseline","baseline-c","43"
"13","pre-present-notify","first-text","0","baseline","baseline-c","43"
"13","first-present","first-text","217","baseline","baseline-c","43"
"13","startup-redraw","first-text","811","baseline","baseline-c","43"
"13","initial-ui-and-pane-layout","first-text","3","baseline","baseline-c","43"
"13","initial-projection","first-text","21","baseline","baseline-c","43"
"13","surface-acquire","first-text","36","baseline","baseline-c","43"
"13","frame-texture-view","first-text","5","baseline","baseline-c","43"
"13","instance-generation","first-text","7029","baseline","baseline-c","43"
"13","instance-buffer-allocation","first-text","132","baseline","baseline-c","43"
"13","instance-buffer-writes","first-text","103","baseline","baseline-c","43"
"13","instance-buffer-writes","first-text","131","baseline","baseline-c","43"
"13","buffer-create-upload","first-text","409","baseline","baseline-c","43"
"13","render-encoding","first-text","118","baseline","baseline-c","43"
"13","queue-submit","first-text","174","baseline","baseline-c","43"
"13","pre-present-notify","first-text","0","baseline","baseline-c","43"
"13","first-present","first-text","174","baseline","baseline-c","43"
"13","startup-redraw","first-text","8093","baseline","baseline-c","43"
"14","cli-parse","first-frame","359","baseline","baseline-c","44"
"14","event-loop-create","first-frame","3415","baseline","baseline-c","44"
"14","application-default-state","first-frame","135","baseline","baseline-c","44"
"14","application-state-and-paths","first-frame","167","baseline","baseline-c","44"
"14","config-read-parse","first-frame","122","baseline","baseline-c","44"
"14","workspace-model-and-runtimes","first-frame","7","baseline","baseline-c","44"
"14","window-create-and-branding","first-frame","12063","baseline","baseline-c","44"
"14","system-font-discovery","first-frame","25094","baseline","baseline-c","44"
"14","font-family-resolution","first-frame","9","baseline","baseline-c","44"
"14","fallback-candidate-ordering","first-frame","1050","baseline","baseline-c","44"
"14","font-cache-setup","first-frame","3","baseline","baseline-c","44"
"14","font-family-preparation","first-frame","26204","baseline","baseline-c","44"
"14","font-metrics","first-frame","54","baseline","baseline-c","44"
"14","wgpu-instance","first-frame","5377","baseline","baseline-c","44"
"14","surface-create","first-frame","24","baseline","baseline-c","44"
"14","adapter-request","first-frame","31335","baseline","baseline-c","44"
"14","device-request","first-frame","36611","baseline","baseline-c","44"
"14","surface-capabilities-and-config","first-frame","8","baseline","baseline-c","44"
"14","surface-configure","first-frame","4538","baseline","baseline-c","44"
"14","initial-grid-resize","first-frame","140","baseline","baseline-c","44"
"14","initial-ui-and-pane-layout","first-frame","11","baseline","baseline-c","44"
"14","initial-projection","first-frame","24","baseline","baseline-c","44"
"14","surface-acquire","first-frame","39","baseline","baseline-c","44"
"14","shader-module-create","first-frame","306","baseline","baseline-c","44"
"14","glyph-bind-group-layout","first-frame","38","baseline","baseline-c","44"
"14","shader-and-layout","first-frame","363","baseline","baseline-c","44"
"14","rectangle-pipeline","first-frame","4449","baseline","baseline-c","44"
"14","glyph-pipeline","first-frame","5036","baseline","baseline-c","44"
"14","atlas-texture-create","first-frame","1169","baseline","baseline-c","44"
"14","atlas-view-sampler-bind-group","first-frame","153","baseline","baseline-c","44"
"14","glyph-atlas","first-frame","1354","baseline","baseline-c","44"
"14","frame-texture-view","first-frame","7","baseline","baseline-c","44"
"14","instance-generation","first-frame","2","baseline","baseline-c","44"
"14","instance-buffer-allocation","first-frame","65","baseline","baseline-c","44"
"14","instance-buffer-writes","first-frame","98","baseline","baseline-c","44"
"14","buffer-create-upload","first-frame","200","baseline","baseline-c","44"
"14","render-encoding","first-frame","690","baseline","baseline-c","44"
"14","queue-submit","first-frame","351","baseline","baseline-c","44"
"14","pre-present-notify","first-frame","0","baseline","baseline-c","44"
"14","first-present","first-frame","346","baseline","baseline-c","44"
"14","startup-redraw","first-frame","13033","baseline","baseline-c","44"
"14","initial-ui-and-pane-layout","first-text","3","baseline","baseline-c","44"
"14","initial-projection","first-text","73","baseline","baseline-c","44"
"14","surface-acquire","first-text","39","baseline","baseline-c","44"
"14","frame-texture-view","first-text","6","baseline","baseline-c","44"
"14","instance-generation","first-text","0","baseline","baseline-c","44"
"14","instance-buffer-writes","first-text","0","baseline","baseline-c","44"
"14","buffer-create-upload","first-text","10","baseline","baseline-c","44"
"14","render-encoding","first-text","1103","baseline","baseline-c","44"
"14","queue-submit","first-text","1030","baseline","baseline-c","44"
"14","pre-present-notify","first-text","0","baseline","baseline-c","44"
"14","first-present","first-text","677","baseline","baseline-c","44"
"14","startup-redraw","first-text","3123","baseline","baseline-c","44"
"14","initial-ui-and-pane-layout","first-text","3","baseline","baseline-c","44"
"14","initial-projection","first-text","25","baseline","baseline-c","44"
"14","surface-acquire","first-text","39","baseline","baseline-c","44"
"14","frame-texture-view","first-text","5","baseline","baseline-c","44"
"14","instance-generation","first-text","0","baseline","baseline-c","44"
"14","instance-buffer-writes","first-text","0","baseline","baseline-c","44"
"14","buffer-create-upload","first-text","10","baseline","baseline-c","44"
"14","render-encoding","first-text","108","baseline","baseline-c","44"
"14","queue-submit","first-text","265","baseline","baseline-c","44"
"14","pre-present-notify","first-text","0","baseline","baseline-c","44"
"14","first-present","first-text","127","baseline","baseline-c","44"
"14","startup-redraw","first-text","684","baseline","baseline-c","44"
"14","initial-ui-and-pane-layout","first-text","1","baseline","baseline-c","44"
"14","initial-projection","first-text","19","baseline","baseline-c","44"
"14","surface-acquire","first-text","17","baseline","baseline-c","44"
"14","frame-texture-view","first-text","4","baseline","baseline-c","44"
"14","instance-generation","first-text","0","baseline","baseline-c","44"
"14","instance-buffer-writes","first-text","0","baseline","baseline-c","44"
"14","buffer-create-upload","first-text","9","baseline","baseline-c","44"
"14","render-encoding","first-text","83","baseline","baseline-c","44"
"14","queue-submit","first-text","70","baseline","baseline-c","44"
"14","pre-present-notify","first-text","0","baseline","baseline-c","44"
"14","first-present","first-text","84","baseline","baseline-c","44"
"14","startup-redraw","first-text","381","baseline","baseline-c","44"
"14","initial-ui-and-pane-layout","first-text","3","baseline","baseline-c","44"
"14","initial-projection","first-text","37","baseline","baseline-c","44"
"14","surface-acquire","first-text","35","baseline","baseline-c","44"
"14","frame-texture-view","first-text","5","baseline","baseline-c","44"
"14","instance-generation","first-text","6003","baseline","baseline-c","44"
"14","instance-buffer-allocation","first-text","88","baseline","baseline-c","44"
"14","instance-buffer-writes","first-text","163","baseline","baseline-c","44"
"14","instance-buffer-writes","first-text","107","baseline","baseline-c","44"
"14","buffer-create-upload","first-text","407","baseline","baseline-c","44"
"14","render-encoding","first-text","93","baseline","baseline-c","44"
"14","queue-submit","first-text","154","baseline","baseline-c","44"
"14","pre-present-notify","first-text","0","baseline","baseline-c","44"
"14","first-present","first-text","120","baseline","baseline-c","44"
"14","startup-redraw","first-text","6957","baseline","baseline-c","44"
"15","cli-parse","first-frame","527","baseline","baseline-c","45"
"15","event-loop-create","first-frame","3574","baseline","baseline-c","45"
"15","application-default-state","first-frame","136","baseline","baseline-c","45"
"15","application-state-and-paths","first-frame","169","baseline","baseline-c","45"
"15","config-read-parse","first-frame","134","baseline","baseline-c","45"
"15","workspace-model-and-runtimes","first-frame","7","baseline","baseline-c","45"
"15","window-create-and-branding","first-frame","11958","baseline","baseline-c","45"
"15","system-font-discovery","first-frame","27616","baseline","baseline-c","45"
"15","font-family-resolution","first-frame","10","baseline","baseline-c","45"
"15","fallback-candidate-ordering","first-frame","1038","baseline","baseline-c","45"
"15","font-cache-setup","first-frame","3","baseline","baseline-c","45"
"15","font-family-preparation","first-frame","28716","baseline","baseline-c","45"
"15","font-metrics","first-frame","56","baseline","baseline-c","45"
"15","wgpu-instance","first-frame","5198","baseline","baseline-c","45"
"15","surface-create","first-frame","23","baseline","baseline-c","45"
"15","adapter-request","first-frame","33300","baseline","baseline-c","45"
"15","device-request","first-frame","36557","baseline","baseline-c","45"
"15","surface-capabilities-and-config","first-frame","11","baseline","baseline-c","45"
"15","surface-configure","first-frame","4822","baseline","baseline-c","45"
"15","initial-grid-resize","first-frame","100","baseline","baseline-c","45"
"15","initial-ui-and-pane-layout","first-frame","12","baseline","baseline-c","45"
"15","initial-projection","first-frame","23","baseline","baseline-c","45"
"15","surface-acquire","first-frame","41","baseline","baseline-c","45"
"15","shader-module-create","first-frame","280","baseline","baseline-c","45"
"15","glyph-bind-group-layout","first-frame","41","baseline","baseline-c","45"
"15","shader-and-layout","first-frame","341","baseline","baseline-c","45"
"15","rectangle-pipeline","first-frame","4365","baseline","baseline-c","45"
"15","glyph-pipeline","first-frame","5574","baseline","baseline-c","45"
"15","atlas-texture-create","first-frame","1578","baseline","baseline-c","45"
"15","atlas-view-sampler-bind-group","first-frame","197","baseline","baseline-c","45"
"15","glyph-atlas","first-frame","1822","baseline","baseline-c","45"
"15","frame-texture-view","first-frame","10","baseline","baseline-c","45"
"15","instance-generation","first-frame","2","baseline","baseline-c","45"
"15","instance-buffer-allocation","first-frame","147","baseline","baseline-c","45"
"15","instance-buffer-writes","first-frame","273","baseline","baseline-c","45"
"15","buffer-create-upload","first-frame","458","baseline","baseline-c","45"
"15","render-encoding","first-frame","512","baseline","baseline-c","45"
"15","queue-submit","first-frame","463","baseline","baseline-c","45"
"15","pre-present-notify","first-frame","0","baseline","baseline-c","45"
"15","first-present","first-frame","367","baseline","baseline-c","45"
"15","startup-redraw","first-frame","14158","baseline","baseline-c","45"
"15","initial-ui-and-pane-layout","first-text","5","baseline","baseline-c","45"
"15","initial-projection","first-text","47","baseline","baseline-c","45"
"15","surface-acquire","first-text","108","baseline","baseline-c","45"
"15","frame-texture-view","first-text","7","baseline","baseline-c","45"
"15","instance-generation","first-text","0","baseline","baseline-c","45"
"15","instance-buffer-writes","first-text","0","baseline","baseline-c","45"
"15","buffer-create-upload","first-text","13","baseline","baseline-c","45"
"15","render-encoding","first-text","975","baseline","baseline-c","45"
"15","queue-submit","first-text","874","baseline","baseline-c","45"
"15","pre-present-notify","first-text","0","baseline","baseline-c","45"
"15","first-present","first-text","484","baseline","baseline-c","45"
"15","startup-redraw","first-text","2661","baseline","baseline-c","45"
"15","initial-ui-and-pane-layout","first-text","2","baseline","baseline-c","45"
"15","initial-projection","first-text","19","baseline","baseline-c","45"
"15","surface-acquire","first-text","38","baseline","baseline-c","45"
"15","frame-texture-view","first-text","5","baseline","baseline-c","45"
"15","instance-generation","first-text","0","baseline","baseline-c","45"
"15","instance-buffer-writes","first-text","0","baseline","baseline-c","45"
"15","buffer-create-upload","first-text","10","baseline","baseline-c","45"
"15","render-encoding","first-text","103","baseline","baseline-c","45"
"15","queue-submit","first-text","215","baseline","baseline-c","45"
"15","pre-present-notify","first-text","0","baseline","baseline-c","45"
"15","first-present","first-text","124","baseline","baseline-c","45"
"15","startup-redraw","first-text","615","baseline","baseline-c","45"
"15","initial-ui-and-pane-layout","first-text","1","baseline","baseline-c","45"
"15","initial-projection","first-text","21","baseline","baseline-c","45"
"15","surface-acquire","first-text","33","baseline","baseline-c","45"
"15","frame-texture-view","first-text","6","baseline","baseline-c","45"
"15","instance-generation","first-text","0","baseline","baseline-c","45"
"15","instance-buffer-writes","first-text","0","baseline","baseline-c","45"
"15","buffer-create-upload","first-text","9","baseline","baseline-c","45"
"15","render-encoding","first-text","119","baseline","baseline-c","45"
"15","queue-submit","first-text","101","baseline","baseline-c","45"
"15","pre-present-notify","first-text","0","baseline","baseline-c","45"
"15","first-present","first-text","147","baseline","baseline-c","45"
"15","startup-redraw","first-text","550","baseline","baseline-c","45"
"15","initial-ui-and-pane-layout","first-text","3","baseline","baseline-c","45"
"15","initial-projection","first-text","25","baseline","baseline-c","45"
"15","surface-acquire","first-text","35","baseline","baseline-c","45"
"15","frame-texture-view","first-text","5","baseline","baseline-c","45"
"15","instance-generation","first-text","5784","baseline","baseline-c","45"
"15","instance-buffer-allocation","first-text","82","baseline","baseline-c","45"
"15","instance-buffer-writes","first-text","78","baseline","baseline-c","45"
"15","instance-buffer-writes","first-text","95","baseline","baseline-c","45"
"15","buffer-create-upload","first-text","290","baseline","baseline-c","45"
"15","render-encoding","first-text","279","baseline","baseline-c","45"
"15","queue-submit","first-text","390","baseline","baseline-c","45"
"15","pre-present-notify","first-text","0","baseline","baseline-c","45"
"15","first-present","first-text","133","baseline","baseline-c","45"
"15","startup-redraw","first-text","7054","baseline","baseline-c","45"
"1","cli-parse","first-frame","390","candidate","candidate-b","46"
"1","event-loop-create","first-frame","3487","candidate","candidate-b","46"
"1","application-default-state","first-frame","162","candidate","candidate-b","46"
"1","application-state-and-paths","first-frame","201","candidate","candidate-b","46"
"1","config-read-parse","first-frame","155","candidate","candidate-b","46"
"1","workspace-model-and-runtimes","first-frame","8","candidate","candidate-b","46"
"1","window-create-and-branding","first-frame","13117","candidate","candidate-b","46"
"1","system-font-discovery","first-frame","25832","candidate","candidate-b","46"
"1","font-family-resolution","first-frame","13","candidate","candidate-b","46"
"1","fallback-candidate-ordering","first-frame","1257","candidate","candidate-b","46"
"1","font-cache-setup","first-frame","5","candidate","candidate-b","46"
"1","font-family-preparation","first-frame","27165","candidate","candidate-b","46"
"1","font-metrics","first-frame","88","candidate","candidate-b","46"
"1","wgpu-instance","first-frame","6557","candidate","candidate-b","46"
"1","surface-create","first-frame","26","candidate","candidate-b","46"
"1","adapter-request","first-frame","34046","candidate","candidate-b","46"
"1","device-request","first-frame","40641","candidate","candidate-b","46"
"1","surface-capabilities-and-config","first-frame","11","candidate","candidate-b","46"
"1","surface-configure","first-frame","6180","candidate","candidate-b","46"
"1","initial-grid-resize","first-frame","142","candidate","candidate-b","46"
"1","initial-ui-and-pane-layout","first-frame","14","candidate","candidate-b","46"
"1","initial-projection","first-frame","23","candidate","candidate-b","46"
"1","surface-acquire","first-frame","133","candidate","candidate-b","46"
"1","shader-module-create","first-frame","536","candidate","candidate-b","46"
"1","shader-and-layout","first-frame","558","candidate","candidate-b","46"
"1","rectangle-pipeline","first-frame","5862","candidate","candidate-b","46"
"1","frame-texture-view","first-frame","21","candidate","candidate-b","46"
"1","instance-generation","first-frame","2","candidate","candidate-b","46"
"1","instance-buffer-allocation","first-frame","131","candidate","candidate-b","46"
"1","instance-buffer-writes","first-frame","147","candidate","candidate-b","46"
"1","buffer-create-upload","first-frame","315","candidate","candidate-b","46"
"1","render-encoding","first-frame","552","candidate","candidate-b","46"
"1","queue-submit","first-frame","622","candidate","candidate-b","46"
"1","pre-present-notify","first-frame","0","candidate","candidate-b","46"
"1","first-present","first-frame","452","candidate","candidate-b","46"
"1","startup-redraw","first-frame","8710","candidate","candidate-b","46"
"1","initial-ui-and-pane-layout","first-text","3","candidate","candidate-b","46"
"1","initial-projection","first-text","30","candidate","candidate-b","46"
"1","surface-acquire","first-text","38","candidate","candidate-b","46"
"1","frame-texture-view","first-text","5","candidate","candidate-b","46"
"1","instance-generation","first-text","0","candidate","candidate-b","46"
"1","instance-buffer-writes","first-text","0","candidate","candidate-b","46"
"1","buffer-create-upload","first-text","9","candidate","candidate-b","46"
"1","render-encoding","first-text","699","candidate","candidate-b","46"
"1","queue-submit","first-text","492","candidate","candidate-b","46"
"1","pre-present-notify","first-text","0","candidate","candidate-b","46"
"1","first-present","first-text","307","candidate","candidate-b","46"
"1","startup-redraw","first-text","1756","candidate","candidate-b","46"
"1","initial-ui-and-pane-layout","first-text","2","candidate","candidate-b","46"
"1","initial-projection","first-text","17","candidate","candidate-b","46"
"1","surface-acquire","first-text","36","candidate","candidate-b","46"
"1","frame-texture-view","first-text","5","candidate","candidate-b","46"
"1","instance-generation","first-text","0","candidate","candidate-b","46"
"1","instance-buffer-writes","first-text","0","candidate","candidate-b","46"
"1","buffer-create-upload","first-text","44","candidate","candidate-b","46"
"1","render-encoding","first-text","109","candidate","candidate-b","46"
"1","queue-submit","first-text","268","candidate","candidate-b","46"
"1","pre-present-notify","first-text","0","candidate","candidate-b","46"
"1","first-present","first-text","124","candidate","candidate-b","46"
"1","startup-redraw","first-text","765","candidate","candidate-b","46"
"1","initial-ui-and-pane-layout","first-text","1","candidate","candidate-b","46"
"1","initial-projection","first-text","16","candidate","candidate-b","46"
"1","surface-acquire","first-text","25","candidate","candidate-b","46"
"1","frame-texture-view","first-text","3","candidate","candidate-b","46"
"1","instance-generation","first-text","0","candidate","candidate-b","46"
"1","instance-buffer-writes","first-text","0","candidate","candidate-b","46"
"1","buffer-create-upload","first-text","9","candidate","candidate-b","46"
"1","render-encoding","first-text","78","candidate","candidate-b","46"
"1","queue-submit","first-text","90","candidate","candidate-b","46"
"1","pre-present-notify","first-text","0","candidate","candidate-b","46"
"1","first-present","first-text","124","candidate","candidate-b","46"
"1","startup-redraw","first-text","454","candidate","candidate-b","46"
"1","initial-ui-and-pane-layout","first-text","3","candidate","candidate-b","46"
"1","initial-projection","first-text","29","candidate","candidate-b","46"
"1","surface-acquire","first-text","38","candidate","candidate-b","46"
"1","frame-texture-view","first-text","5","candidate","candidate-b","46"
"1","glyph-bind-group-layout","first-text","57","candidate","candidate-b","46"
"1","glyph-pipeline","first-text","6108","candidate","candidate-b","46"
"1","atlas-texture-create","first-text","1323","candidate","candidate-b","46"
"1","atlas-view-sampler-bind-group","first-text","188","candidate","candidate-b","46"
"1","glyph-atlas","first-text","1563","candidate","candidate-b","46"
"1","instance-generation","first-text","14516","candidate","candidate-b","46"
"1","instance-buffer-allocation","first-text","88","candidate","candidate-b","46"
"1","instance-buffer-writes","first-text","109","candidate","candidate-b","46"
"1","instance-buffer-writes","first-text","108","candidate","candidate-b","46"
"1","buffer-create-upload","first-text","343","candidate","candidate-b","46"
"1","render-encoding","first-text","258","candidate","candidate-b","46"
"1","queue-submit","first-text","465","candidate","candidate-b","46"
"1","pre-present-notify","first-text","0","candidate","candidate-b","46"
"1","first-present","first-text","143","candidate","candidate-b","46"
"1","startup-redraw","first-text","15911","candidate","candidate-b","46"
"2","cli-parse","first-frame","401","candidate","candidate-b","47"
"2","event-loop-create","first-frame","3573","candidate","candidate-b","47"
"2","application-default-state","first-frame","138","candidate","candidate-b","47"
"2","application-state-and-paths","first-frame","176","candidate","candidate-b","47"
"2","config-read-parse","first-frame","149","candidate","candidate-b","47"
"2","workspace-model-and-runtimes","first-frame","9","candidate","candidate-b","47"
"2","window-create-and-branding","first-frame","13983","candidate","candidate-b","47"
"2","system-font-discovery","first-frame","24463","candidate","candidate-b","47"
"2","font-family-resolution","first-frame","11","candidate","candidate-b","47"
"2","fallback-candidate-ordering","first-frame","1161","candidate","candidate-b","47"
"2","font-cache-setup","first-frame","6","candidate","candidate-b","47"
"2","font-family-preparation","first-frame","25702","candidate","candidate-b","47"
"2","font-metrics","first-frame","125","candidate","candidate-b","47"
"2","wgpu-instance","first-frame","5995","candidate","candidate-b","47"
"2","surface-create","first-frame","31","candidate","candidate-b","47"
"2","adapter-request","first-frame","32196","candidate","candidate-b","47"
"2","device-request","first-frame","36895","candidate","candidate-b","47"
"2","surface-capabilities-and-config","first-frame","9","candidate","candidate-b","47"
"2","surface-configure","first-frame","3846","candidate","candidate-b","47"
"2","initial-grid-resize","first-frame","114","candidate","candidate-b","47"
"2","initial-ui-and-pane-layout","first-frame","11","candidate","candidate-b","47"
"2","initial-projection","first-frame","23","candidate","candidate-b","47"
"2","surface-acquire","first-frame","31","candidate","candidate-b","47"
"2","shader-module-create","first-frame","308","candidate","candidate-b","47"
"2","shader-and-layout","first-frame","318","candidate","candidate-b","47"
"2","rectangle-pipeline","first-frame","5519","candidate","candidate-b","47"
"2","frame-texture-view","first-frame","19","candidate","candidate-b","47"
"2","instance-generation","first-frame","2","candidate","candidate-b","47"
"2","instance-buffer-allocation","first-frame","130","candidate","candidate-b","47"
"2","instance-buffer-writes","first-frame","131","candidate","candidate-b","47"
"2","buffer-create-upload","first-frame","288","candidate","candidate-b","47"
"2","render-encoding","first-frame","702","candidate","candidate-b","47"
"2","queue-submit","first-frame","374","candidate","candidate-b","47"
"2","pre-present-notify","first-frame","0","candidate","candidate-b","47"
"2","first-present","first-frame","316","candidate","candidate-b","47"
"2","startup-redraw","first-frame","7739","candidate","candidate-b","47"
"2","initial-ui-and-pane-layout","first-text","1","candidate","candidate-b","47"
"2","initial-projection","first-text","41","candidate","candidate-b","47"
"2","surface-acquire","first-text","62","candidate","candidate-b","47"
"2","frame-texture-view","first-text","11","candidate","candidate-b","47"
"2","instance-generation","first-text","1","candidate","candidate-b","47"
"2","instance-buffer-writes","first-text","0","candidate","candidate-b","47"
"2","buffer-create-upload","first-text","10","candidate","candidate-b","47"
"2","render-encoding","first-text","1058","candidate","candidate-b","47"
"2","queue-submit","first-text","1209","candidate","candidate-b","47"
"2","pre-present-notify","first-text","0","candidate","candidate-b","47"
"2","first-present","first-text","562","candidate","candidate-b","47"
"2","startup-redraw","first-text","3191","candidate","candidate-b","47"
"2","initial-ui-and-pane-layout","first-text","2","candidate","candidate-b","47"
"2","initial-projection","first-text","20","candidate","candidate-b","47"
"2","surface-acquire","first-text","47","candidate","candidate-b","47"
"2","frame-texture-view","first-text","5","candidate","candidate-b","47"
"2","instance-generation","first-text","0","candidate","candidate-b","47"
"2","instance-buffer-writes","first-text","0","candidate","candidate-b","47"
"2","buffer-create-upload","first-text","10","candidate","candidate-b","47"
"2","render-encoding","first-text","105","candidate","candidate-b","47"
"2","queue-submit","first-text","214","candidate","candidate-b","47"
"2","pre-present-notify","first-text","0","candidate","candidate-b","47"
"2","first-present","first-text","124","candidate","candidate-b","47"
"2","startup-redraw","first-text","629","candidate","candidate-b","47"
"2","initial-ui-and-pane-layout","first-text","2","candidate","candidate-b","47"
"2","initial-projection","first-text","22","candidate","candidate-b","47"
"2","surface-acquire","first-text","35","candidate","candidate-b","47"
"2","frame-texture-view","first-text","54","candidate","candidate-b","47"
"2","instance-generation","first-text","0","candidate","candidate-b","47"
"2","instance-buffer-writes","first-text","0","candidate","candidate-b","47"
"2","buffer-create-upload","first-text","10","candidate","candidate-b","47"
"2","render-encoding","first-text","82","candidate","candidate-b","47"
"2","queue-submit","first-text","102","candidate","candidate-b","47"
"2","pre-present-notify","first-text","0","candidate","candidate-b","47"
"2","first-present","first-text","145","candidate","candidate-b","47"
"2","startup-redraw","first-text","663","candidate","candidate-b","47"
"2","initial-ui-and-pane-layout","first-text","2","candidate","candidate-b","47"
"2","initial-projection","first-text","21","candidate","candidate-b","47"
"2","surface-acquire","first-text","34","candidate","candidate-b","47"
"2","frame-texture-view","first-text","5","candidate","candidate-b","47"
"2","glyph-bind-group-layout","first-text","42","candidate","candidate-b","47"
"2","glyph-pipeline","first-text","6512","candidate","candidate-b","47"
"2","atlas-texture-create","first-text","1647","candidate","candidate-b","47"
"2","atlas-view-sampler-bind-group","first-text","253","candidate","candidate-b","47"
"2","glyph-atlas","first-text","1949","candidate","candidate-b","47"
"2","instance-generation","first-text","13815","candidate","candidate-b","47"
"2","instance-buffer-allocation","first-text","102","candidate","candidate-b","47"
"2","instance-buffer-writes","first-text","101","candidate","candidate-b","47"
"2","instance-buffer-writes","first-text","99","candidate","candidate-b","47"
"2","buffer-create-upload","first-text","346","candidate","candidate-b","47"
"2","render-encoding","first-text","95","candidate","candidate-b","47"
"2","queue-submit","first-text","129","candidate","candidate-b","47"
"2","pre-present-notify","first-text","0","candidate","candidate-b","47"
"2","first-present","first-text","132","candidate","candidate-b","47"
"2","startup-redraw","first-text","14684","candidate","candidate-b","47"
"3","cli-parse","first-frame","409","candidate","candidate-b","48"
"3","event-loop-create","first-frame","2992","candidate","candidate-b","48"
"3","application-default-state","first-frame","141","candidate","candidate-b","48"
"3","application-state-and-paths","first-frame","175","candidate","candidate-b","48"
"3","config-read-parse","first-frame","122","candidate","candidate-b","48"
"3","workspace-model-and-runtimes","first-frame","8","candidate","candidate-b","48"
"3","window-create-and-branding","first-frame","12746","candidate","candidate-b","48"
"3","system-font-discovery","first-frame","26422","candidate","candidate-b","48"
"3","font-family-resolution","first-frame","14","candidate","candidate-b","48"
"3","fallback-candidate-ordering","first-frame","1106","candidate","candidate-b","48"
"3","font-cache-setup","first-frame","3","candidate","candidate-b","48"
"3","font-family-preparation","first-frame","27597","candidate","candidate-b","48"
"3","font-metrics","first-frame","64","candidate","candidate-b","48"
"3","wgpu-instance","first-frame","6540","candidate","candidate-b","48"
"3","surface-create","first-frame","23","candidate","candidate-b","48"
"3","adapter-request","first-frame","31360","candidate","candidate-b","48"
"3","device-request","first-frame","36807","candidate","candidate-b","48"
"3","surface-capabilities-and-config","first-frame","9","candidate","candidate-b","48"
"3","surface-configure","first-frame","4083","candidate","candidate-b","48"
"3","initial-grid-resize","first-frame","123","candidate","candidate-b","48"
"3","initial-ui-and-pane-layout","first-frame","12","candidate","candidate-b","48"
"3","initial-projection","first-frame","39","candidate","candidate-b","48"
"3","surface-acquire","first-frame","33","candidate","candidate-b","48"
"3","shader-module-create","first-frame","321","candidate","candidate-b","48"
"3","shader-and-layout","first-frame","330","candidate","candidate-b","48"
"3","rectangle-pipeline","first-frame","5059","candidate","candidate-b","48"
"3","frame-texture-view","first-frame","18","candidate","candidate-b","48"
"3","instance-generation","first-frame","2","candidate","candidate-b","48"
"3","instance-buffer-allocation","first-frame","235","candidate","candidate-b","48"
"3","instance-buffer-writes","first-frame","153","candidate","candidate-b","48"
"3","buffer-create-upload","first-frame","423","candidate","candidate-b","48"
"3","render-encoding","first-frame","615","candidate","candidate-b","48"
"3","queue-submit","first-frame","510","candidate","candidate-b","48"
"3","pre-present-notify","first-frame","0","candidate","candidate-b","48"
"3","first-present","first-frame","333","candidate","candidate-b","48"
"3","startup-redraw","first-frame","7512","candidate","candidate-b","48"
"3","initial-ui-and-pane-layout","first-text","3","candidate","candidate-b","48"
"3","initial-projection","first-text","32","candidate","candidate-b","48"
"3","surface-acquire","first-text","38","candidate","candidate-b","48"
"3","frame-texture-view","first-text","10","candidate","candidate-b","48"
"3","instance-generation","first-text","0","candidate","candidate-b","48"
"3","instance-buffer-writes","first-text","0","candidate","candidate-b","48"
"3","buffer-create-upload","first-text","10","candidate","candidate-b","48"
"3","render-encoding","first-text","1188","candidate","candidate-b","48"
"3","queue-submit","first-text","1153","candidate","candidate-b","48"
"3","pre-present-notify","first-text","0","candidate","candidate-b","48"
"3","first-present","first-text","473","candidate","candidate-b","48"
"3","startup-redraw","first-text","3179","candidate","candidate-b","48"
"3","initial-ui-and-pane-layout","first-text","2","candidate","candidate-b","48"
"3","initial-projection","first-text","17","candidate","candidate-b","48"
"3","surface-acquire","first-text","35","candidate","candidate-b","48"
"3","frame-texture-view","first-text","5","candidate","candidate-b","48"
"3","instance-generation","first-text","0","candidate","candidate-b","48"
"3","instance-buffer-writes","first-text","0","candidate","candidate-b","48"
"3","buffer-create-upload","first-text","9","candidate","candidate-b","48"
"3","render-encoding","first-text","100","candidate","candidate-b","48"
"3","queue-submit","first-text","215","candidate","candidate-b","48"
"3","pre-present-notify","first-text","0","candidate","candidate-b","48"
"3","first-present","first-text","113","candidate","candidate-b","48"
"3","startup-redraw","first-text","598","candidate","candidate-b","48"
"3","initial-ui-and-pane-layout","first-text","1","candidate","candidate-b","48"
"3","initial-projection","first-text","19","candidate","candidate-b","48"
"3","surface-acquire","first-text","19","candidate","candidate-b","48"
"3","frame-texture-view","first-text","4","candidate","candidate-b","48"
"3","instance-generation","first-text","0","candidate","candidate-b","48"
"3","instance-buffer-writes","first-text","0","candidate","candidate-b","48"
"3","buffer-create-upload","first-text","10","candidate","candidate-b","48"
"3","render-encoding","first-text","131","candidate","candidate-b","48"
"3","queue-submit","first-text","93","candidate","candidate-b","48"
"3","pre-present-notify","first-text","0","candidate","candidate-b","48"
"3","first-present","first-text","88","candidate","candidate-b","48"
"3","startup-redraw","first-text","462","candidate","candidate-b","48"
"3","initial-ui-and-pane-layout","first-text","2","candidate","candidate-b","48"
"3","initial-projection","first-text","29","candidate","candidate-b","48"
"3","surface-acquire","first-text","35","candidate","candidate-b","48"
"3","frame-texture-view","first-text","5","candidate","candidate-b","48"
"3","glyph-bind-group-layout","first-text","46","candidate","candidate-b","48"
"3","glyph-pipeline","first-text","6071","candidate","candidate-b","48"
"3","atlas-texture-create","first-text","1253","candidate","candidate-b","48"
"3","atlas-view-sampler-bind-group","first-text","216","candidate","candidate-b","48"
"3","glyph-atlas","first-text","1513","candidate","candidate-b","48"
"3","instance-generation","first-text","12843","candidate","candidate-b","48"
"3","instance-buffer-allocation","first-text","74","candidate","candidate-b","48"
"3","instance-buffer-writes","first-text","76","candidate","candidate-b","48"
"3","instance-buffer-writes","first-text","107","candidate","candidate-b","48"
"3","buffer-create-upload","first-text","293","candidate","candidate-b","48"
"3","render-encoding","first-text","104","candidate","candidate-b","48"
"3","queue-submit","first-text","142","candidate","candidate-b","48"
"3","pre-present-notify","first-text","0","candidate","candidate-b","48"
"3","first-present","first-text","135","candidate","candidate-b","48"
"3","startup-redraw","first-text","13698","candidate","candidate-b","48"
"4","cli-parse","first-frame","415","candidate","candidate-b","49"
"4","event-loop-create","first-frame","3175","candidate","candidate-b","49"
"4","application-default-state","first-frame","139","candidate","candidate-b","49"
"4","application-state-and-paths","first-frame","177","candidate","candidate-b","49"
"4","config-read-parse","first-frame","234","candidate","candidate-b","49"
"4","workspace-model-and-runtimes","first-frame","11","candidate","candidate-b","49"
"4","window-create-and-branding","first-frame","13084","candidate","candidate-b","49"
"4","system-font-discovery","first-frame","26778","candidate","candidate-b","49"
"4","font-family-resolution","first-frame","20","candidate","candidate-b","49"
"4","fallback-candidate-ordering","first-frame","1061","candidate","candidate-b","49"
"4","font-cache-setup","first-frame","3","candidate","candidate-b","49"
"4","font-family-preparation","first-frame","27915","candidate","candidate-b","49"
"4","font-metrics","first-frame","69","candidate","candidate-b","49"
"4","wgpu-instance","first-frame","5512","candidate","candidate-b","49"
"4","surface-create","first-frame","25","candidate","candidate-b","49"
"4","adapter-request","first-frame","31691","candidate","candidate-b","49"
"4","device-request","first-frame","36171","candidate","candidate-b","49"
"4","surface-capabilities-and-config","first-frame","9","candidate","candidate-b","49"
"4","surface-configure","first-frame","5060","candidate","candidate-b","49"
"4","initial-grid-resize","first-frame","129","candidate","candidate-b","49"
"4","initial-ui-and-pane-layout","first-frame","4","candidate","candidate-b","49"
"4","initial-projection","first-frame","23","candidate","candidate-b","49"
"4","surface-acquire","first-frame","41","candidate","candidate-b","49"
"4","shader-module-create","first-frame","280","candidate","candidate-b","49"
"4","shader-and-layout","first-frame","290","candidate","candidate-b","49"
"4","rectangle-pipeline","first-frame","4542","candidate","candidate-b","49"
"4","frame-texture-view","first-frame","14","candidate","candidate-b","49"
"4","instance-generation","first-frame","2","candidate","candidate-b","49"
"4","instance-buffer-allocation","first-frame","171","candidate","candidate-b","49"
"4","instance-buffer-writes","first-frame","148","candidate","candidate-b","49"
"4","buffer-create-upload","first-frame","350","candidate","candidate-b","49"
"4","render-encoding","first-frame","445","candidate","candidate-b","49"
"4","queue-submit","first-frame","302","candidate","candidate-b","49"
"4","pre-present-notify","first-frame","0","candidate","candidate-b","49"
"4","first-present","first-frame","329","candidate","candidate-b","49"
"4","startup-redraw","first-frame","6468","candidate","candidate-b","49"
"4","initial-ui-and-pane-layout","first-text","2","candidate","candidate-b","49"
"4","initial-projection","first-text","22","candidate","candidate-b","49"
"4","surface-acquire","first-text","34","candidate","candidate-b","49"
"4","frame-texture-view","first-text","5","candidate","candidate-b","49"
"4","instance-generation","first-text","0","candidate","candidate-b","49"
"4","instance-buffer-writes","first-text","0","candidate","candidate-b","49"
"4","buffer-create-upload","first-text","9","candidate","candidate-b","49"
"4","render-encoding","first-text","631","candidate","candidate-b","49"
"4","queue-submit","first-text","496","candidate","candidate-b","49"
"4","pre-present-notify","first-text","0","candidate","candidate-b","49"
"4","first-present","first-text","455","candidate","candidate-b","49"
"4","startup-redraw","first-text","1833","candidate","candidate-b","49"
"4","initial-ui-and-pane-layout","first-text","2","candidate","candidate-b","49"
"4","initial-projection","first-text","19","candidate","candidate-b","49"
"4","surface-acquire","first-text","30","candidate","candidate-b","49"
"4","frame-texture-view","first-text","5","candidate","candidate-b","49"
"4","instance-generation","first-text","0","candidate","candidate-b","49"
"4","instance-buffer-writes","first-text","0","candidate","candidate-b","49"
"4","buffer-create-upload","first-text","9","candidate","candidate-b","49"
"4","render-encoding","first-text","85","candidate","candidate-b","49"
"4","queue-submit","first-text","212","candidate","candidate-b","49"
"4","pre-present-notify","first-text","0","candidate","candidate-b","49"
"4","first-present","first-text","108","candidate","candidate-b","49"
"4","startup-redraw","first-text","566","candidate","candidate-b","49"
"4","initial-ui-and-pane-layout","first-text","2","candidate","candidate-b","49"
"4","initial-projection","first-text","21","candidate","candidate-b","49"
"4","surface-acquire","first-text","18","candidate","candidate-b","49"
"4","frame-texture-view","first-text","4","candidate","candidate-b","49"
"4","instance-generation","first-text","0","candidate","candidate-b","49"
"4","instance-buffer-writes","first-text","0","candidate","candidate-b","49"
"4","buffer-create-upload","first-text","9","candidate","candidate-b","49"
"4","render-encoding","first-text","62","candidate","candidate-b","49"
"4","queue-submit","first-text","72","candidate","candidate-b","49"
"4","pre-present-notify","first-text","0","candidate","candidate-b","49"
"4","first-present","first-text","80","candidate","candidate-b","49"
"4","startup-redraw","first-text","359","candidate","candidate-b","49"
"4","initial-ui-and-pane-layout","first-text","3","candidate","candidate-b","49"
"4","initial-projection","first-text","21","candidate","candidate-b","49"
"4","surface-acquire","first-text","38","candidate","candidate-b","49"
"4","frame-texture-view","first-text","4","candidate","candidate-b","49"
"4","glyph-bind-group-layout","first-text","42","candidate","candidate-b","49"
"4","glyph-pipeline","first-text","5587","candidate","candidate-b","49"
"4","atlas-texture-create","first-text","1305","candidate","candidate-b","49"
"4","atlas-view-sampler-bind-group","first-text","192","candidate","candidate-b","49"
"4","glyph-atlas","first-text","1550","candidate","candidate-b","49"
"4","instance-generation","first-text","13055","candidate","candidate-b","49"
"4","instance-buffer-allocation","first-text","78","candidate","candidate-b","49"
"4","instance-buffer-writes","first-text","79","candidate","candidate-b","49"
"4","instance-buffer-writes","first-text","95","candidate","candidate-b","49"
"4","buffer-create-upload","first-text","288","candidate","candidate-b","49"
"4","render-encoding","first-text","105","candidate","candidate-b","49"
"4","queue-submit","first-text","140","candidate","candidate-b","49"
"4","pre-present-notify","first-text","0","candidate","candidate-b","49"
"4","first-present","first-text","136","candidate","candidate-b","49"
"4","startup-redraw","first-text","13893","candidate","candidate-b","49"
"5","cli-parse","first-frame","553","candidate","candidate-b","50"
"5","event-loop-create","first-frame","4058","candidate","candidate-b","50"
"5","application-default-state","first-frame","140","candidate","candidate-b","50"
"5","application-state-and-paths","first-frame","178","candidate","candidate-b","50"
"5","config-read-parse","first-frame","158","candidate","candidate-b","50"
"5","workspace-model-and-runtimes","first-frame","9","candidate","candidate-b","50"
"5","window-create-and-branding","first-frame","18210","candidate","candidate-b","50"
"5","system-font-discovery","first-frame","27838","candidate","candidate-b","50"
"5","font-family-resolution","first-frame","14","candidate","candidate-b","50"
"5","fallback-candidate-ordering","first-frame","1069","candidate","candidate-b","50"
"5","font-cache-setup","first-frame","3","candidate","candidate-b","50"
"5","font-family-preparation","first-frame","28976","candidate","candidate-b","50"
"5","font-metrics","first-frame","64","candidate","candidate-b","50"
"5","wgpu-instance","first-frame","6767","candidate","candidate-b","50"
"5","surface-create","first-frame","28","candidate","candidate-b","50"
"5","adapter-request","first-frame","34712","candidate","candidate-b","50"
"5","device-request","first-frame","36954","candidate","candidate-b","50"
"5","surface-capabilities-and-config","first-frame","10","candidate","candidate-b","50"
"5","surface-configure","first-frame","4003","candidate","candidate-b","50"
"5","initial-grid-resize","first-frame","107","candidate","candidate-b","50"
"5","initial-ui-and-pane-layout","first-frame","16","candidate","candidate-b","50"
"5","initial-projection","first-frame","27","candidate","candidate-b","50"
"5","surface-acquire","first-frame","35","candidate","candidate-b","50"
"5","shader-module-create","first-frame","318","candidate","candidate-b","50"
"5","shader-and-layout","first-frame","331","candidate","candidate-b","50"
"5","rectangle-pipeline","first-frame","4730","candidate","candidate-b","50"
"5","frame-texture-view","first-frame","17","candidate","candidate-b","50"
"5","instance-generation","first-frame","2","candidate","candidate-b","50"
"5","instance-buffer-allocation","first-frame","132","candidate","candidate-b","50"
"5","instance-buffer-writes","first-frame","134","candidate","candidate-b","50"
"5","buffer-create-upload","first-frame","290","candidate","candidate-b","50"
"5","render-encoding","first-frame","515","candidate","candidate-b","50"
"5","queue-submit","first-frame","504","candidate","candidate-b","50"
"5","pre-present-notify","first-frame","0","candidate","candidate-b","50"
"5","first-present","first-frame","423","candidate","candidate-b","50"
"5","startup-redraw","first-frame","7025","candidate","candidate-b","50"
"5","initial-ui-and-pane-layout","first-text","4","candidate","candidate-b","50"
"5","initial-projection","first-text","27","candidate","candidate-b","50"
"5","surface-acquire","first-text","36","candidate","candidate-b","50"
"5","frame-texture-view","first-text","8","candidate","candidate-b","50"
"5","instance-generation","first-text","0","candidate","candidate-b","50"
"5","instance-buffer-writes","first-text","0","candidate","candidate-b","50"
"5","buffer-create-upload","first-text","11","candidate","candidate-b","50"
"5","render-encoding","first-text","930","candidate","candidate-b","50"
"5","queue-submit","first-text","1005","candidate","candidate-b","50"
"5","pre-present-notify","first-text","0","candidate","candidate-b","50"
"5","first-present","first-text","519","candidate","candidate-b","50"
"5","startup-redraw","first-text","2744","candidate","candidate-b","50"
"5","initial-ui-and-pane-layout","first-text","2","candidate","candidate-b","50"
"5","initial-projection","first-text","24","candidate","candidate-b","50"
"5","surface-acquire","first-text","37","candidate","candidate-b","50"
"5","frame-texture-view","first-text","5","candidate","candidate-b","50"
"5","instance-generation","first-text","0","candidate","candidate-b","50"
"5","instance-buffer-writes","first-text","0","candidate","candidate-b","50"
"5","buffer-create-upload","first-text","9","candidate","candidate-b","50"
"5","render-encoding","first-text","101","candidate","candidate-b","50"
"5","queue-submit","first-text","233","candidate","candidate-b","50"
"5","pre-present-notify","first-text","0","candidate","candidate-b","50"
"5","first-present","first-text","134","candidate","candidate-b","50"
"5","startup-redraw","first-text","649","candidate","candidate-b","50"
"5","initial-ui-and-pane-layout","first-text","2","candidate","candidate-b","50"
"5","initial-projection","first-text","19","candidate","candidate-b","50"
"5","surface-acquire","first-text","23","candidate","candidate-b","50"
"5","frame-texture-view","first-text","5","candidate","candidate-b","50"
"5","instance-generation","first-text","0","candidate","candidate-b","50"
"5","instance-buffer-writes","first-text","0","candidate","candidate-b","50"
"5","buffer-create-upload","first-text","9","candidate","candidate-b","50"
"5","render-encoding","first-text","91","candidate","candidate-b","50"
"5","queue-submit","first-text","96","candidate","candidate-b","50"
"5","pre-present-notify","first-text","0","candidate","candidate-b","50"
"5","first-present","first-text","132","candidate","candidate-b","50"
"5","startup-redraw","first-text","479","candidate","candidate-b","50"
"5","initial-ui-and-pane-layout","first-text","4","candidate","candidate-b","50"
"5","initial-projection","first-text","25","candidate","candidate-b","50"
"5","surface-acquire","first-text","38","candidate","candidate-b","50"
"5","frame-texture-view","first-text","5","candidate","candidate-b","50"
"5","glyph-bind-group-layout","first-text","40","candidate","candidate-b","50"
"5","glyph-pipeline","first-text","6269","candidate","candidate-b","50"
"5","atlas-texture-create","first-text","1418","candidate","candidate-b","50"
"5","atlas-view-sampler-bind-group","first-text","189","candidate","candidate-b","50"
"5","glyph-atlas","first-text","1655","candidate","candidate-b","50"
"5","instance-generation","first-text","13754","candidate","candidate-b","50"
"5","instance-buffer-allocation","first-text","146","candidate","candidate-b","50"
"5","instance-buffer-writes","first-text","125","candidate","candidate-b","50"
"5","instance-buffer-writes","first-text","122","candidate","candidate-b","50"
"5","buffer-create-upload","first-text","443","candidate","candidate-b","50"
"5","render-encoding","first-text","315","candidate","candidate-b","50"
"5","queue-submit","first-text","778","candidate","candidate-b","50"
"5","pre-present-notify","first-text","0","candidate","candidate-b","50"
"5","first-present","first-text","210","candidate","candidate-b","50"
"5","startup-redraw","first-text","15805","candidate","candidate-b","50"
"6","cli-parse","first-frame","1444","candidate","candidate-b","51"
"6","event-loop-create","first-frame","5180","candidate","candidate-b","51"
"6","application-default-state","first-frame","162","candidate","candidate-b","51"
"6","application-state-and-paths","first-frame","206","candidate","candidate-b","51"
"6","config-read-parse","first-frame","221","candidate","candidate-b","51"
"6","workspace-model-and-runtimes","first-frame","13","candidate","candidate-b","51"
"6","window-create-and-branding","first-frame","25897","candidate","candidate-b","51"
"6","system-font-discovery","first-frame","38182","candidate","candidate-b","51"
"6","font-family-resolution","first-frame","17","candidate","candidate-b","51"
"6","fallback-candidate-ordering","first-frame","1230","candidate","candidate-b","51"
"6","font-cache-setup","first-frame","5","candidate","candidate-b","51"
"6","font-family-preparation","first-frame","39499","candidate","candidate-b","51"
"6","font-metrics","first-frame","124","candidate","candidate-b","51"
"6","wgpu-instance","first-frame","7532","candidate","candidate-b","51"
"6","surface-create","first-frame","29","candidate","candidate-b","51"
"6","adapter-request","first-frame","35379","candidate","candidate-b","51"
"6","device-request","first-frame","42687","candidate","candidate-b","51"
"6","surface-capabilities-and-config","first-frame","10","candidate","candidate-b","51"
"6","surface-configure","first-frame","5576","candidate","candidate-b","51"
"6","initial-grid-resize","first-frame","140","candidate","candidate-b","51"
"6","initial-ui-and-pane-layout","first-frame","8","candidate","candidate-b","51"
"6","initial-projection","first-frame","25","candidate","candidate-b","51"
"6","surface-acquire","first-frame","54","candidate","candidate-b","51"
"6","shader-module-create","first-frame","358","candidate","candidate-b","51"
"6","shader-and-layout","first-frame","370","candidate","candidate-b","51"
"6","rectangle-pipeline","first-frame","5382","candidate","candidate-b","51"
"6","frame-texture-view","first-frame","21","candidate","candidate-b","51"
"6","instance-generation","first-frame","3","candidate","candidate-b","51"
"6","instance-buffer-allocation","first-frame","228","candidate","candidate-b","51"
"6","instance-buffer-writes","first-frame","144","candidate","candidate-b","51"
"6","buffer-create-upload","first-frame","404","candidate","candidate-b","51"
"6","render-encoding","first-frame","502","candidate","candidate-b","51"
"6","queue-submit","first-frame","368","candidate","candidate-b","51"
"6","pre-present-notify","first-frame","0","candidate","candidate-b","51"
"6","first-present","first-frame","302","candidate","candidate-b","51"
"6","startup-redraw","first-frame","7580","candidate","candidate-b","51"
"6","initial-ui-and-pane-layout","first-text","3","candidate","candidate-b","51"
"6","initial-projection","first-text","26","candidate","candidate-b","51"
"6","surface-acquire","first-text","36","candidate","candidate-b","51"
"6","frame-texture-view","first-text","4","candidate","candidate-b","51"
"6","instance-generation","first-text","0","candidate","candidate-b","51"
"6","instance-buffer-writes","first-text","0","candidate","candidate-b","51"
"6","buffer-create-upload","first-text","10","candidate","candidate-b","51"
"6","render-encoding","first-text","848","candidate","candidate-b","51"
"6","queue-submit","first-text","620","candidate","candidate-b","51"
"6","pre-present-notify","first-text","0","candidate","candidate-b","51"
"6","first-present","first-text","429","candidate","candidate-b","51"
"6","startup-redraw","first-text","2126","candidate","candidate-b","51"
"6","initial-ui-and-pane-layout","first-text","2","candidate","candidate-b","51"
"6","initial-projection","first-text","22","candidate","candidate-b","51"
"6","surface-acquire","first-text","35","candidate","candidate-b","51"
"6","frame-texture-view","first-text","5","candidate","candidate-b","51"
"6","instance-generation","first-text","0","candidate","candidate-b","51"
"6","instance-buffer-writes","first-text","0","candidate","candidate-b","51"
"6","buffer-create-upload","first-text","9","candidate","candidate-b","51"
"6","render-encoding","first-text","100","candidate","candidate-b","51"
"6","queue-submit","first-text","198","candidate","candidate-b","51"
"6","pre-present-notify","first-text","0","candidate","candidate-b","51"
"6","first-present","first-text","114","candidate","candidate-b","51"
"6","startup-redraw","first-text","578","candidate","candidate-b","51"
"6","initial-ui-and-pane-layout","first-text","1","candidate","candidate-b","51"
"6","initial-projection","first-text","18","candidate","candidate-b","51"
"6","surface-acquire","first-text","15","candidate","candidate-b","51"
"6","frame-texture-view","first-text","4","candidate","candidate-b","51"
"6","instance-generation","first-text","0","candidate","candidate-b","51"
"6","instance-buffer-writes","first-text","0","candidate","candidate-b","51"
"6","buffer-create-upload","first-text","9","candidate","candidate-b","51"
"6","render-encoding","first-text","73","candidate","candidate-b","51"
"6","queue-submit","first-text","64","candidate","candidate-b","51"
"6","pre-present-notify","first-text","0","candidate","candidate-b","51"
"6","first-present","first-text","77","candidate","candidate-b","51"
"6","startup-redraw","first-text","354","candidate","candidate-b","51"
"6","initial-ui-and-pane-layout","first-text","2","candidate","candidate-b","51"
"6","initial-projection","first-text","31","candidate","candidate-b","51"
"6","surface-acquire","first-text","36","candidate","candidate-b","51"
"6","frame-texture-view","first-text","5","candidate","candidate-b","51"
"6","glyph-bind-group-layout","first-text","39","candidate","candidate-b","51"
"6","glyph-pipeline","first-text","6009","candidate","candidate-b","51"
"6","atlas-texture-create","first-text","1345","candidate","candidate-b","51"
"6","atlas-view-sampler-bind-group","first-text","146","candidate","candidate-b","51"
"6","glyph-atlas","first-text","1527","candidate","candidate-b","51"
"6","instance-generation","first-text","12993","candidate","candidate-b","51"
"6","instance-buffer-allocation","first-text","102","candidate","candidate-b","51"
"6","instance-buffer-writes","first-text","139","candidate","candidate-b","51"
"6","instance-buffer-writes","first-text","127","candidate","candidate-b","51"
"6","buffer-create-upload","first-text","419","candidate","candidate-b","51"
"6","render-encoding","first-text","111","candidate","candidate-b","51"
"6","queue-submit","first-text","199","candidate","candidate-b","51"
"6","pre-present-notify","first-text","0","candidate","candidate-b","51"
"6","first-present","first-text","133","candidate","candidate-b","51"
"6","startup-redraw","first-text","14052","candidate","candidate-b","51"
"7","cli-parse","first-frame","621","candidate","candidate-b","52"
"7","event-loop-create","first-frame","3660","candidate","candidate-b","52"
"7","application-default-state","first-frame","137","candidate","candidate-b","52"
"7","application-state-and-paths","first-frame","174","candidate","candidate-b","52"
"7","config-read-parse","first-frame","146","candidate","candidate-b","52"
"7","workspace-model-and-runtimes","first-frame","9","candidate","candidate-b","52"
"7","window-create-and-branding","first-frame","12199","candidate","candidate-b","52"
"7","system-font-discovery","first-frame","26034","candidate","candidate-b","52"
"7","font-family-resolution","first-frame","16","candidate","candidate-b","52"
"7","fallback-candidate-ordering","first-frame","1122","candidate","candidate-b","52"
"7","font-cache-setup","first-frame","3","candidate","candidate-b","52"
"7","font-family-preparation","first-frame","27233","candidate","candidate-b","52"
"7","font-metrics","first-frame","79","candidate","candidate-b","52"
"7","wgpu-instance","first-frame","5451","candidate","candidate-b","52"
"7","surface-create","first-frame","23","candidate","candidate-b","52"
"7","adapter-request","first-frame","30975","candidate","candidate-b","52"
"7","device-request","first-frame","37089","candidate","candidate-b","52"
"7","surface-capabilities-and-config","first-frame","8","candidate","candidate-b","52"
"7","surface-configure","first-frame","4539","candidate","candidate-b","52"
"7","initial-grid-resize","first-frame","117","candidate","candidate-b","52"
"7","initial-ui-and-pane-layout","first-frame","21","candidate","candidate-b","52"
"7","initial-projection","first-frame","28","candidate","candidate-b","52"
"7","surface-acquire","first-frame","40","candidate","candidate-b","52"
"7","shader-module-create","first-frame","303","candidate","candidate-b","52"
"7","shader-and-layout","first-frame","318","candidate","candidate-b","52"
"7","rectangle-pipeline","first-frame","4411","candidate","candidate-b","52"
"7","frame-texture-view","first-frame","13","candidate","candidate-b","52"
"7","instance-generation","first-frame","2","candidate","candidate-b","52"
"7","instance-buffer-allocation","first-frame","156","candidate","candidate-b","52"
"7","instance-buffer-writes","first-frame","131","candidate","candidate-b","52"
"7","buffer-create-upload","first-frame","326","candidate","candidate-b","52"
"7","render-encoding","first-frame","535","candidate","candidate-b","52"
"7","queue-submit","first-frame","402","candidate","candidate-b","52"
"7","pre-present-notify","first-frame","0","candidate","candidate-b","52"
"7","first-present","first-frame","470","candidate","candidate-b","52"
"7","startup-redraw","first-frame","6690","candidate","candidate-b","52"
"7","initial-ui-and-pane-layout","first-text","3","candidate","candidate-b","52"
"7","initial-projection","first-text","48","candidate","candidate-b","52"
"7","surface-acquire","first-text","58","candidate","candidate-b","52"
"7","frame-texture-view","first-text","7","candidate","candidate-b","52"
"7","instance-generation","first-text","9","candidate","candidate-b","52"
"7","instance-buffer-writes","first-text","0","candidate","candidate-b","52"
"7","buffer-create-upload","first-text","11","candidate","candidate-b","52"
"7","render-encoding","first-text","1012","candidate","candidate-b","52"
"7","queue-submit","first-text","1047","candidate","candidate-b","52"
"7","pre-present-notify","first-text","0","candidate","candidate-b","52"
"7","first-present","first-text","583","candidate","candidate-b","52"
"7","startup-redraw","first-text","3097","candidate","candidate-b","52"
"7","initial-ui-and-pane-layout","first-text","3","candidate","candidate-b","52"
"7","initial-projection","first-text","25","candidate","candidate-b","52"
"7","surface-acquire","first-text","50","candidate","candidate-b","52"
"7","frame-texture-view","first-text","7","candidate","candidate-b","52"
"7","instance-generation","first-text","0","candidate","candidate-b","52"
"7","instance-buffer-writes","first-text","0","candidate","candidate-b","52"
"7","buffer-create-upload","first-text","10","candidate","candidate-b","52"
"7","render-encoding","first-text","175","candidate","candidate-b","52"
"7","queue-submit","first-text","297","candidate","candidate-b","52"
"7","pre-present-notify","first-text","0","candidate","candidate-b","52"
"7","first-present","first-text","133","candidate","candidate-b","52"
"7","startup-redraw","first-text","804","candidate","candidate-b","52"
"7","initial-ui-and-pane-layout","first-text","1","candidate","candidate-b","52"
"7","initial-projection","first-text","19","candidate","candidate-b","52"
"7","surface-acquire","first-text","23","candidate","candidate-b","52"
"7","frame-texture-view","first-text","4","candidate","candidate-b","52"
"7","instance-generation","first-text","0","candidate","candidate-b","52"
"7","instance-buffer-writes","first-text","0","candidate","candidate-b","52"
"7","buffer-create-upload","first-text","9","candidate","candidate-b","52"
"7","render-encoding","first-text","62","candidate","candidate-b","52"
"7","queue-submit","first-text","67","candidate","candidate-b","52"
"7","pre-present-notify","first-text","0","candidate","candidate-b","52"
"7","first-present","first-text","103","candidate","candidate-b","52"
"7","startup-redraw","first-text","378","candidate","candidate-b","52"
"7","initial-ui-and-pane-layout","first-text","3","candidate","candidate-b","52"
"7","initial-projection","first-text","32","candidate","candidate-b","52"
"7","surface-acquire","first-text","39","candidate","candidate-b","52"
"7","frame-texture-view","first-text","5","candidate","candidate-b","52"
"7","glyph-bind-group-layout","first-text","48","candidate","candidate-b","52"
"7","glyph-pipeline","first-text","7383","candidate","candidate-b","52"
"7","atlas-texture-create","first-text","1345","candidate","candidate-b","52"
"7","atlas-view-sampler-bind-group","first-text","177","candidate","candidate-b","52"
"7","glyph-atlas","first-text","1564","candidate","candidate-b","52"
"7","instance-generation","first-text","14761","candidate","candidate-b","52"
"7","instance-buffer-allocation","first-text","196","candidate","candidate-b","52"
"7","instance-buffer-writes","first-text","137","candidate","candidate-b","52"
"7","instance-buffer-writes","first-text","172","candidate","candidate-b","52"
"7","buffer-create-upload","first-text","554","candidate","candidate-b","52"
"7","render-encoding","first-text","147","candidate","candidate-b","52"
"7","queue-submit","first-text","148","candidate","candidate-b","52"
"7","pre-present-notify","first-text","0","candidate","candidate-b","52"
"7","first-present","first-text","186","candidate","candidate-b","52"
"7","startup-redraw","first-text","15992","candidate","candidate-b","52"
"8","cli-parse","first-frame","498","candidate","candidate-b","53"
"8","event-loop-create","first-frame","3275","candidate","candidate-b","53"
"8","application-default-state","first-frame","138","candidate","candidate-b","53"
"8","application-state-and-paths","first-frame","171","candidate","candidate-b","53"
"8","config-read-parse","first-frame","133","candidate","candidate-b","53"
"8","workspace-model-and-runtimes","first-frame","8","candidate","candidate-b","53"
"8","window-create-and-branding","first-frame","14685","candidate","candidate-b","53"
"8","system-font-discovery","first-frame","24079","candidate","candidate-b","53"
"8","font-family-resolution","first-frame","13","candidate","candidate-b","53"
"8","fallback-candidate-ordering","first-frame","1095","candidate","candidate-b","53"
"8","font-cache-setup","first-frame","3","candidate","candidate-b","53"
"8","font-family-preparation","first-frame","25244","candidate","candidate-b","53"
"8","font-metrics","first-frame","54","candidate","candidate-b","53"
"8","wgpu-instance","first-frame","5930","candidate","candidate-b","53"
"8","surface-create","first-frame","40","candidate","candidate-b","53"
"8","adapter-request","first-frame","32013","candidate","candidate-b","53"
"8","device-request","first-frame","36664","candidate","candidate-b","53"
"8","surface-capabilities-and-config","first-frame","9","candidate","candidate-b","53"
"8","surface-configure","first-frame","4278","candidate","candidate-b","53"
"8","initial-grid-resize","first-frame","94","candidate","candidate-b","53"
"8","initial-ui-and-pane-layout","first-frame","4","candidate","candidate-b","53"
"8","initial-projection","first-frame","20","candidate","candidate-b","53"
"8","surface-acquire","first-frame","30","candidate","candidate-b","53"
"8","shader-module-create","first-frame","303","candidate","candidate-b","53"
"8","shader-and-layout","first-frame","314","candidate","candidate-b","53"
"8","rectangle-pipeline","first-frame","5151","candidate","candidate-b","53"
"8","frame-texture-view","first-frame","19","candidate","candidate-b","53"
"8","instance-generation","first-frame","2","candidate","candidate-b","53"
"8","instance-buffer-allocation","first-frame","126","candidate","candidate-b","53"
"8","instance-buffer-writes","first-frame","201","candidate","candidate-b","53"
"8","buffer-create-upload","first-frame","373","candidate","candidate-b","53"
"8","render-encoding","first-frame","577","candidate","candidate-b","53"
"8","queue-submit","first-frame","502","candidate","candidate-b","53"
"8","pre-present-notify","first-frame","0","candidate","candidate-b","53"
"8","first-present","first-frame","452","candidate","candidate-b","53"
"8","startup-redraw","first-frame","7600","candidate","candidate-b","53"
"8","initial-ui-and-pane-layout","first-text","3","candidate","candidate-b","53"
"8","initial-projection","first-text","39","candidate","candidate-b","53"
"8","surface-acquire","first-text","42","candidate","candidate-b","53"
"8","frame-texture-view","first-text","6","candidate","candidate-b","53"
"8","instance-generation","first-text","0","candidate","candidate-b","53"
"8","instance-buffer-writes","first-text","0","candidate","candidate-b","53"
"8","buffer-create-upload","first-text","12","candidate","candidate-b","53"
"8","render-encoding","first-text","927","candidate","candidate-b","53"
"8","queue-submit","first-text","686","candidate","candidate-b","53"
"8","pre-present-notify","first-text","0","candidate","candidate-b","53"
"8","first-present","first-text","590","candidate","candidate-b","53"
"8","startup-redraw","first-text","2531","candidate","candidate-b","53"
"8","initial-ui-and-pane-layout","first-text","2","candidate","candidate-b","53"
"8","initial-projection","first-text","20","candidate","candidate-b","53"
"8","surface-acquire","first-text","37","candidate","candidate-b","53"
"8","frame-texture-view","first-text","5","candidate","candidate-b","53"
"8","instance-generation","first-text","0","candidate","candidate-b","53"
"8","instance-buffer-writes","first-text","0","candidate","candidate-b","53"
"8","buffer-create-upload","first-text","10","candidate","candidate-b","53"
"8","render-encoding","first-text","126","candidate","candidate-b","53"
"8","queue-submit","first-text","366","candidate","candidate-b","53"
"8","pre-present-notify","first-text","0","candidate","candidate-b","53"
"8","first-present","first-text","156","candidate","candidate-b","53"
"8","startup-redraw","first-text","832","candidate","candidate-b","53"
"8","initial-ui-and-pane-layout","first-text","2","candidate","candidate-b","53"
"8","initial-projection","first-text","21","candidate","candidate-b","53"
"8","surface-acquire","first-text","26","candidate","candidate-b","53"
"8","frame-texture-view","first-text","4","candidate","candidate-b","53"
"8","instance-generation","first-text","0","candidate","candidate-b","53"
"8","instance-buffer-writes","first-text","0","candidate","candidate-b","53"
"8","buffer-create-upload","first-text","9","candidate","candidate-b","53"
"8","render-encoding","first-text","83","candidate","candidate-b","53"
"8","queue-submit","first-text","117","candidate","candidate-b","53"
"8","pre-present-notify","first-text","0","candidate","candidate-b","53"
"8","first-present","first-text","142","candidate","candidate-b","53"
"8","startup-redraw","first-text","505","candidate","candidate-b","53"
"8","initial-ui-and-pane-layout","first-text","2","candidate","candidate-b","53"
"8","initial-projection","first-text","20","candidate","candidate-b","53"
"8","surface-acquire","first-text","34","candidate","candidate-b","53"
"8","frame-texture-view","first-text","4","candidate","candidate-b","53"
"8","glyph-bind-group-layout","first-text","39","candidate","candidate-b","53"
"8","glyph-pipeline","first-text","5898","candidate","candidate-b","53"
"8","atlas-texture-create","first-text","1541","candidate","candidate-b","53"
"8","atlas-view-sampler-bind-group","first-text","268","candidate","candidate-b","53"
"8","glyph-atlas","first-text","1857","candidate","candidate-b","53"
"8","instance-generation","first-text","13762","candidate","candidate-b","53"
"8","instance-buffer-allocation","first-text","76","candidate","candidate-b","53"
"8","instance-buffer-writes","first-text","107","candidate","candidate-b","53"
"8","instance-buffer-writes","first-text","91","candidate","candidate-b","53"
"8","buffer-create-upload","first-text","309","candidate","candidate-b","53"
"8","render-encoding","first-text","243","candidate","candidate-b","53"
"8","queue-submit","first-text","455","candidate","candidate-b","53"
"8","pre-present-notify","first-text","0","candidate","candidate-b","53"
"8","first-present","first-text","137","candidate","candidate-b","53"
"8","startup-redraw","first-text","15079","candidate","candidate-b","53"
"9","cli-parse","first-frame","464","candidate","candidate-b","54"
"9","event-loop-create","first-frame","4161","candidate","candidate-b","54"
"9","application-default-state","first-frame","132","candidate","candidate-b","54"
"9","application-state-and-paths","first-frame","165","candidate","candidate-b","54"
"9","config-read-parse","first-frame","148","candidate","candidate-b","54"
"9","workspace-model-and-runtimes","first-frame","8","candidate","candidate-b","54"
"9","window-create-and-branding","first-frame","12058","candidate","candidate-b","54"
"9","system-font-discovery","first-frame","28934","candidate","candidate-b","54"
"9","font-family-resolution","first-frame","16","candidate","candidate-b","54"
"9","fallback-candidate-ordering","first-frame","1226","candidate","candidate-b","54"
"9","font-cache-setup","first-frame","5","candidate","candidate-b","54"
"9","font-family-preparation","first-frame","30253","candidate","candidate-b","54"
"9","font-metrics","first-frame","99","candidate","candidate-b","54"
"9","wgpu-instance","first-frame","6872","candidate","candidate-b","54"
"9","surface-create","first-frame","26","candidate","candidate-b","54"
"9","adapter-request","first-frame","31740","candidate","candidate-b","54"
"9","device-request","first-frame","39773","candidate","candidate-b","54"
"9","surface-capabilities-and-config","first-frame","8","candidate","candidate-b","54"
"9","surface-configure","first-frame","4155","candidate","candidate-b","54"
"9","initial-grid-resize","first-frame","130","candidate","candidate-b","54"
"9","initial-ui-and-pane-layout","first-frame","2","candidate","candidate-b","54"
"9","initial-projection","first-frame","37","candidate","candidate-b","54"
"9","surface-acquire","first-frame","30","candidate","candidate-b","54"
"9","shader-module-create","first-frame","273","candidate","candidate-b","54"
"9","shader-and-layout","first-frame","283","candidate","candidate-b","54"
"9","rectangle-pipeline","first-frame","5228","candidate","candidate-b","54"
"9","frame-texture-view","first-frame","17","candidate","candidate-b","54"
"9","instance-generation","first-frame","2","candidate","candidate-b","54"
"9","instance-buffer-allocation","first-frame","159","candidate","candidate-b","54"
"9","instance-buffer-writes","first-frame","147","candidate","candidate-b","54"
"9","buffer-create-upload","first-frame","340","candidate","candidate-b","54"
"9","render-encoding","first-frame","430","candidate","candidate-b","54"
"9","queue-submit","first-frame","262","candidate","candidate-b","54"
"9","pre-present-notify","first-frame","0","candidate","candidate-b","54"
"9","first-present","first-frame","366","candidate","candidate-b","54"
"9","startup-redraw","first-frame","7132","candidate","candidate-b","54"
"9","initial-ui-and-pane-layout","first-text","3","candidate","candidate-b","54"
"9","initial-projection","first-text","27","candidate","candidate-b","54"
"9","surface-acquire","first-text","35","candidate","candidate-b","54"
"9","frame-texture-view","first-text","5","candidate","candidate-b","54"
"9","instance-generation","first-text","0","candidate","candidate-b","54"
"9","instance-buffer-writes","first-text","0","candidate","candidate-b","54"
"9","buffer-create-upload","first-text","9","candidate","candidate-b","54"
"9","render-encoding","first-text","621","candidate","candidate-b","54"
"9","queue-submit","first-text","473","candidate","candidate-b","54"
"9","pre-present-notify","first-text","0","candidate","candidate-b","54"
"9","first-present","first-text","328","candidate","candidate-b","54"
"9","startup-redraw","first-text","1667","candidate","candidate-b","54"
"9","initial-ui-and-pane-layout","first-text","2","candidate","candidate-b","54"
"9","initial-projection","first-text","18","candidate","candidate-b","54"
"9","surface-acquire","first-text","31","candidate","candidate-b","54"
"9","frame-texture-view","first-text","5","candidate","candidate-b","54"
"9","instance-generation","first-text","0","candidate","candidate-b","54"
"9","instance-buffer-writes","first-text","0","candidate","candidate-b","54"
"9","buffer-create-upload","first-text","10","candidate","candidate-b","54"
"9","render-encoding","first-text","86","candidate","candidate-b","54"
"9","queue-submit","first-text","227","candidate","candidate-b","54"
"9","pre-present-notify","first-text","0","candidate","candidate-b","54"
"9","first-present","first-text","158","candidate","candidate-b","54"
"9","startup-redraw","first-text","642","candidate","candidate-b","54"
"9","initial-ui-and-pane-layout","first-text","1","candidate","candidate-b","54"
"9","initial-projection","first-text","18","candidate","candidate-b","54"
"9","surface-acquire","first-text","19","candidate","candidate-b","54"
"9","frame-texture-view","first-text","4","candidate","candidate-b","54"
"9","instance-generation","first-text","0","candidate","candidate-b","54"
"9","instance-buffer-writes","first-text","0","candidate","candidate-b","54"
"9","buffer-create-upload","first-text","10","candidate","candidate-b","54"
"9","render-encoding","first-text","69","candidate","candidate-b","54"
"9","queue-submit","first-text","75","candidate","candidate-b","54"
"9","pre-present-notify","first-text","0","candidate","candidate-b","54"
"9","first-present","first-text","198","candidate","candidate-b","54"
"9","startup-redraw","first-text","495","candidate","candidate-b","54"
"9","initial-ui-and-pane-layout","first-text","3","candidate","candidate-b","54"
"9","initial-projection","first-text","27","candidate","candidate-b","54"
"9","surface-acquire","first-text","36","candidate","candidate-b","54"
"9","frame-texture-view","first-text","5","candidate","candidate-b","54"
"9","glyph-bind-group-layout","first-text","39","candidate","candidate-b","54"
"9","glyph-pipeline","first-text","5843","candidate","candidate-b","54"
"9","atlas-texture-create","first-text","1752","candidate","candidate-b","54"
"9","atlas-view-sampler-bind-group","first-text","211","candidate","candidate-b","54"
"9","glyph-atlas","first-text","2023","candidate","candidate-b","54"
"9","instance-generation","first-text","13927","candidate","candidate-b","54"
"9","instance-buffer-allocation","first-text","114","candidate","candidate-b","54"
"9","instance-buffer-writes","first-text","91","candidate","candidate-b","54"
"9","instance-buffer-writes","first-text","118","candidate","candidate-b","54"
"9","buffer-create-upload","first-text","366","candidate","candidate-b","54"
"9","render-encoding","first-text","325","candidate","candidate-b","54"
"9","queue-submit","first-text","456","candidate","candidate-b","54"
"9","pre-present-notify","first-text","0","candidate","candidate-b","54"
"9","first-present","first-text","139","candidate","candidate-b","54"
"9","startup-redraw","first-text","15399","candidate","candidate-b","54"
"10","cli-parse","first-frame","420","candidate","candidate-b","55"
"10","event-loop-create","first-frame","4000","candidate","candidate-b","55"
"10","application-default-state","first-frame","161","candidate","candidate-b","55"
"10","application-state-and-paths","first-frame","198","candidate","candidate-b","55"
"10","config-read-parse","first-frame","165","candidate","candidate-b","55"
"10","workspace-model-and-runtimes","first-frame","10","candidate","candidate-b","55"
"10","window-create-and-branding","first-frame","12853","candidate","candidate-b","55"
"10","system-font-discovery","first-frame","24437","candidate","candidate-b","55"
"10","font-family-resolution","first-frame","28","candidate","candidate-b","55"
"10","fallback-candidate-ordering","first-frame","1137","candidate","candidate-b","55"
"10","font-cache-setup","first-frame","3","candidate","candidate-b","55"
"10","font-family-preparation","first-frame","25667","candidate","candidate-b","55"
"10","font-metrics","first-frame","73","candidate","candidate-b","55"
"10","wgpu-instance","first-frame","6905","candidate","candidate-b","55"
"10","surface-create","first-frame","26","candidate","candidate-b","55"
"10","adapter-request","first-frame","36456","candidate","candidate-b","55"
"10","device-request","first-frame","39247","candidate","candidate-b","55"
"10","surface-capabilities-and-config","first-frame","10","candidate","candidate-b","55"
"10","surface-configure","first-frame","4723","candidate","candidate-b","55"
"10","initial-grid-resize","first-frame","142","candidate","candidate-b","55"
"10","initial-ui-and-pane-layout","first-frame","4","candidate","candidate-b","55"
"10","initial-projection","first-frame","22","candidate","candidate-b","55"
"10","surface-acquire","first-frame","39","candidate","candidate-b","55"
"10","shader-module-create","first-frame","321","candidate","candidate-b","55"
"10","shader-and-layout","first-frame","333","candidate","candidate-b","55"
"10","rectangle-pipeline","first-frame","5102","candidate","candidate-b","55"
"10","frame-texture-view","first-frame","18","candidate","candidate-b","55"
"10","instance-generation","first-frame","2","candidate","candidate-b","55"
"10","instance-buffer-allocation","first-frame","150","candidate","candidate-b","55"
"10","instance-buffer-writes","first-frame","106","candidate","candidate-b","55"
"10","buffer-create-upload","first-frame","282","candidate","candidate-b","55"
"10","render-encoding","first-frame","632","candidate","candidate-b","55"
"10","queue-submit","first-frame","371","candidate","candidate-b","55"
"10","pre-present-notify","first-frame","0","candidate","candidate-b","55"
"10","first-present","first-frame","300","candidate","candidate-b","55"
"10","startup-redraw","first-frame","7242","candidate","candidate-b","55"
"10","initial-ui-and-pane-layout","first-text","2","candidate","candidate-b","55"
"10","initial-projection","first-text","28","candidate","candidate-b","55"
"10","surface-acquire","first-text","35","candidate","candidate-b","55"
"10","frame-texture-view","first-text","4","candidate","candidate-b","55"
"10","instance-generation","first-text","0","candidate","candidate-b","55"
"10","instance-buffer-writes","first-text","0","candidate","candidate-b","55"
"10","buffer-create-upload","first-text","9","candidate","candidate-b","55"
"10","render-encoding","first-text","676","candidate","candidate-b","55"
"10","queue-submit","first-text","570","candidate","candidate-b","55"
"10","pre-present-notify","first-text","0","candidate","candidate-b","55"
"10","first-present","first-text","286","candidate","candidate-b","55"
"10","startup-redraw","first-text","1780","candidate","candidate-b","55"
"10","initial-ui-and-pane-layout","first-text","3","candidate","candidate-b","55"
"10","initial-projection","first-text","26","candidate","candidate-b","55"
"10","surface-acquire","first-text","48","candidate","candidate-b","55"
"10","frame-texture-view","first-text","6","candidate","candidate-b","55"
"10","instance-generation","first-text","0","candidate","candidate-b","55"
"10","instance-buffer-writes","first-text","0","candidate","candidate-b","55"
"10","buffer-create-upload","first-text","10","candidate","candidate-b","55"
"10","render-encoding","first-text","132","candidate","candidate-b","55"
"10","queue-submit","first-text","198","candidate","candidate-b","55"
"10","pre-present-notify","first-text","0","candidate","candidate-b","55"
"10","first-present","first-text","141","candidate","candidate-b","55"
"10","startup-redraw","first-text","660","candidate","candidate-b","55"
"10","initial-ui-and-pane-layout","first-text","1","candidate","candidate-b","55"
"10","initial-projection","first-text","17","candidate","candidate-b","55"
"10","surface-acquire","first-text","19","candidate","candidate-b","55"
"10","frame-texture-view","first-text","3","candidate","candidate-b","55"
"10","instance-generation","first-text","0","candidate","candidate-b","55"
"10","instance-buffer-writes","first-text","0","candidate","candidate-b","55"
"10","buffer-create-upload","first-text","9","candidate","candidate-b","55"
"10","render-encoding","first-text","68","candidate","candidate-b","55"
"10","queue-submit","first-text","77","candidate","candidate-b","55"
"10","pre-present-notify","first-text","0","candidate","candidate-b","55"
"10","first-present","first-text","170","candidate","candidate-b","55"
"10","startup-redraw","first-text","465","candidate","candidate-b","55"
"10","initial-ui-and-pane-layout","first-text","3","candidate","candidate-b","55"
"10","initial-projection","first-text","29","candidate","candidate-b","55"
"10","surface-acquire","first-text","36","candidate","candidate-b","55"
"10","frame-texture-view","first-text","5","candidate","candidate-b","55"
"10","glyph-bind-group-layout","first-text","45","candidate","candidate-b","55"
"10","glyph-pipeline","first-text","6426","candidate","candidate-b","55"
"10","atlas-texture-create","first-text","1285","candidate","candidate-b","55"
"10","atlas-view-sampler-bind-group","first-text","186","candidate","candidate-b","55"
"10","glyph-atlas","first-text","1537","candidate","candidate-b","55"
"10","instance-generation","first-text","14456","candidate","candidate-b","55"
"10","instance-buffer-allocation","first-text","78","candidate","candidate-b","55"
"10","instance-buffer-writes","first-text","83","candidate","candidate-b","55"
"10","instance-buffer-writes","first-text","127","candidate","candidate-b","55"
"10","buffer-create-upload","first-text","326","candidate","candidate-b","55"
"10","render-encoding","first-text","290","candidate","candidate-b","55"
"10","queue-submit","first-text","595","candidate","candidate-b","55"
"10","pre-present-notify","first-text","0","candidate","candidate-b","55"
"10","first-present","first-text","186","candidate","candidate-b","55"
"10","startup-redraw","first-text","16052","candidate","candidate-b","55"
"11","cli-parse","first-frame","397","candidate","candidate-b","56"
"11","event-loop-create","first-frame","3016","candidate","candidate-b","56"
"11","application-default-state","first-frame","124","candidate","candidate-b","56"
"11","application-state-and-paths","first-frame","157","candidate","candidate-b","56"
"11","config-read-parse","first-frame","133","candidate","candidate-b","56"
"11","workspace-model-and-runtimes","first-frame","8","candidate","candidate-b","56"
"11","window-create-and-branding","first-frame","12441","candidate","candidate-b","56"
"11","system-font-discovery","first-frame","26188","candidate","candidate-b","56"
"11","font-family-resolution","first-frame","18","candidate","candidate-b","56"
"11","fallback-candidate-ordering","first-frame","1248","candidate","candidate-b","56"
"11","font-cache-setup","first-frame","4","candidate","candidate-b","56"
"11","font-family-preparation","first-frame","27521","candidate","candidate-b","56"
"11","font-metrics","first-frame","115","candidate","candidate-b","56"
"11","wgpu-instance","first-frame","7985","candidate","candidate-b","56"
"11","surface-create","first-frame","34","candidate","candidate-b","56"
"11","adapter-request","first-frame","32561","candidate","candidate-b","56"
"11","device-request","first-frame","39031","candidate","candidate-b","56"
"11","surface-capabilities-and-config","first-frame","8","candidate","candidate-b","56"
"11","surface-configure","first-frame","4832","candidate","candidate-b","56"
"11","initial-grid-resize","first-frame","104","candidate","candidate-b","56"
"11","initial-ui-and-pane-layout","first-frame","11","candidate","candidate-b","56"
"11","initial-projection","first-frame","22","candidate","candidate-b","56"
"11","surface-acquire","first-frame","42","candidate","candidate-b","56"
"11","shader-module-create","first-frame","292","candidate","candidate-b","56"
"11","shader-and-layout","first-frame","312","candidate","candidate-b","56"
"11","rectangle-pipeline","first-frame","4752","candidate","candidate-b","56"
"11","frame-texture-view","first-frame","15","candidate","candidate-b","56"
"11","instance-generation","first-frame","2","candidate","candidate-b","56"
"11","instance-buffer-allocation","first-frame","164","candidate","candidate-b","56"
"11","instance-buffer-writes","first-frame","131","candidate","candidate-b","56"
"11","buffer-create-upload","first-frame","319","candidate","candidate-b","56"
"11","render-encoding","first-frame","440","candidate","candidate-b","56"
"11","queue-submit","first-frame","286","candidate","candidate-b","56"
"11","pre-present-notify","first-frame","0","candidate","candidate-b","56"
"11","first-present","first-frame","389","candidate","candidate-b","56"
"11","startup-redraw","first-frame","6724","candidate","candidate-b","56"
"11","initial-ui-and-pane-layout","first-text","2","candidate","candidate-b","56"
"11","initial-projection","first-text","28","candidate","candidate-b","56"
"11","surface-acquire","first-text","37","candidate","candidate-b","56"
"11","frame-texture-view","first-text","4","candidate","candidate-b","56"
"11","instance-generation","first-text","0","candidate","candidate-b","56"
"11","instance-buffer-writes","first-text","0","candidate","candidate-b","56"
"11","buffer-create-upload","first-text","10","candidate","candidate-b","56"
"11","render-encoding","first-text","648","candidate","candidate-b","56"
"11","queue-submit","first-text","427","candidate","candidate-b","56"
"11","pre-present-notify","first-text","0","candidate","candidate-b","56"
"11","first-present","first-text","465","candidate","candidate-b","56"
"11","startup-redraw","first-text","1846","candidate","candidate-b","56"
"11","initial-ui-and-pane-layout","first-text","2","candidate","candidate-b","56"
"11","initial-projection","first-text","20","candidate","candidate-b","56"
"11","surface-acquire","first-text","37","candidate","candidate-b","56"
"11","frame-texture-view","first-text","5","candidate","candidate-b","56"
"11","instance-generation","first-text","0","candidate","candidate-b","56"
"11","instance-buffer-writes","first-text","0","candidate","candidate-b","56"
"11","buffer-create-upload","first-text","9","candidate","candidate-b","56"
"11","render-encoding","first-text","111","candidate","candidate-b","56"
"11","queue-submit","first-text","214","candidate","candidate-b","56"
"11","pre-present-notify","first-text","0","candidate","candidate-b","56"
"11","first-present","first-text","121","candidate","candidate-b","56"
"11","startup-redraw","first-text","615","candidate","candidate-b","56"
"11","initial-ui-and-pane-layout","first-text","2","candidate","candidate-b","56"
"11","initial-projection","first-text","32","candidate","candidate-b","56"
"11","surface-acquire","first-text","23","candidate","candidate-b","56"
"11","frame-texture-view","first-text","3","candidate","candidate-b","56"
"11","instance-generation","first-text","0","candidate","candidate-b","56"
"11","instance-buffer-writes","first-text","0","candidate","candidate-b","56"
"11","buffer-create-upload","first-text","9","candidate","candidate-b","56"
"11","render-encoding","first-text","75","candidate","candidate-b","56"
"11","queue-submit","first-text","81","candidate","candidate-b","56"
"11","pre-present-notify","first-text","0","candidate","candidate-b","56"
"11","first-present","first-text","92","candidate","candidate-b","56"
"11","startup-redraw","first-text","409","candidate","candidate-b","56"
"11","initial-ui-and-pane-layout","first-text","3","candidate","candidate-b","56"
"11","initial-projection","first-text","57","candidate","candidate-b","56"
"11","surface-acquire","first-text","39","candidate","candidate-b","56"
"11","frame-texture-view","first-text","5","candidate","candidate-b","56"
"11","glyph-bind-group-layout","first-text","46","candidate","candidate-b","56"
"11","glyph-pipeline","first-text","6509","candidate","candidate-b","56"
"11","atlas-texture-create","first-text","1318","candidate","candidate-b","56"
"11","atlas-view-sampler-bind-group","first-text","174","candidate","candidate-b","56"
"11","glyph-atlas","first-text","1537","candidate","candidate-b","56"
"11","instance-generation","first-text","14248","candidate","candidate-b","56"
"11","instance-buffer-allocation","first-text","131","candidate","candidate-b","56"
"11","instance-buffer-writes","first-text","113","candidate","candidate-b","56"
"11","instance-buffer-writes","first-text","173","candidate","candidate-b","56"
"11","buffer-create-upload","first-text","469","candidate","candidate-b","56"
"11","render-encoding","first-text","154","candidate","candidate-b","56"
"11","queue-submit","first-text","306","candidate","candidate-b","56"
"11","pre-present-notify","first-text","0","candidate","candidate-b","56"
"11","first-present","first-text","199","candidate","candidate-b","56"
"11","startup-redraw","first-text","15626","candidate","candidate-b","56"
"12","cli-parse","first-frame","392","candidate","candidate-b","57"
"12","event-loop-create","first-frame","3728","candidate","candidate-b","57"
"12","application-default-state","first-frame","137","candidate","candidate-b","57"
"12","application-state-and-paths","first-frame","174","candidate","candidate-b","57"
"12","config-read-parse","first-frame","165","candidate","candidate-b","57"
"12","workspace-model-and-runtimes","first-frame","9","candidate","candidate-b","57"
"12","window-create-and-branding","first-frame","12275","candidate","candidate-b","57"
"12","system-font-discovery","first-frame","24300","candidate","candidate-b","57"
"12","font-family-resolution","first-frame","21","candidate","candidate-b","57"
"12","fallback-candidate-ordering","first-frame","1229","candidate","candidate-b","57"
"12","font-cache-setup","first-frame","4","candidate","candidate-b","57"
"12","font-family-preparation","first-frame","25613","candidate","candidate-b","57"
"12","font-metrics","first-frame","88","candidate","candidate-b","57"
"12","wgpu-instance","first-frame","6030","candidate","candidate-b","57"
"12","surface-create","first-frame","25","candidate","candidate-b","57"
"12","adapter-request","first-frame","31769","candidate","candidate-b","57"
"12","device-request","first-frame","36952","candidate","candidate-b","57"
"12","surface-capabilities-and-config","first-frame","8","candidate","candidate-b","57"
"12","surface-configure","first-frame","4692","candidate","candidate-b","57"
"12","initial-grid-resize","first-frame","114","candidate","candidate-b","57"
"12","initial-ui-and-pane-layout","first-frame","10","candidate","candidate-b","57"
"12","initial-projection","first-frame","25","candidate","candidate-b","57"
"12","surface-acquire","first-frame","30","candidate","candidate-b","57"
"12","shader-module-create","first-frame","306","candidate","candidate-b","57"
"12","shader-and-layout","first-frame","316","candidate","candidate-b","57"
"12","rectangle-pipeline","first-frame","4311","candidate","candidate-b","57"
"12","frame-texture-view","first-frame","14","candidate","candidate-b","57"
"12","instance-generation","first-frame","3","candidate","candidate-b","57"
"12","instance-buffer-allocation","first-frame","147","candidate","candidate-b","57"
"12","instance-buffer-writes","first-frame","190","candidate","candidate-b","57"
"12","buffer-create-upload","first-frame","372","candidate","candidate-b","57"
"12","render-encoding","first-frame","640","candidate","candidate-b","57"
"12","queue-submit","first-frame","322","candidate","candidate-b","57"
"12","pre-present-notify","first-frame","0","candidate","candidate-b","57"
"12","first-present","first-frame","306","candidate","candidate-b","57"
"12","startup-redraw","first-frame","6480","candidate","candidate-b","57"
"12","initial-ui-and-pane-layout","first-text","1","candidate","candidate-b","57"
"12","initial-projection","first-text","27","candidate","candidate-b","57"
"12","surface-acquire","first-text","35","candidate","candidate-b","57"
"12","frame-texture-view","first-text","9","candidate","candidate-b","57"
"12","instance-generation","first-text","5","candidate","candidate-b","57"
"12","instance-buffer-writes","first-text","0","candidate","candidate-b","57"
"12","buffer-create-upload","first-text","9","candidate","candidate-b","57"
"12","render-encoding","first-text","794","candidate","candidate-b","57"
"12","queue-submit","first-text","491","candidate","candidate-b","57"
"12","pre-present-notify","first-text","0","candidate","candidate-b","57"
"12","first-present","first-text","425","candidate","candidate-b","57"
"12","startup-redraw","first-text","1979","candidate","candidate-b","57"
"12","initial-ui-and-pane-layout","first-text","2","candidate","candidate-b","57"
"12","initial-projection","first-text","18","candidate","candidate-b","57"
"12","surface-acquire","first-text","32","candidate","candidate-b","57"
"12","frame-texture-view","first-text","6","candidate","candidate-b","57"
"12","instance-generation","first-text","0","candidate","candidate-b","57"
"12","instance-buffer-writes","first-text","0","candidate","candidate-b","57"
"12","buffer-create-upload","first-text","9","candidate","candidate-b","57"
"12","render-encoding","first-text","84","candidate","candidate-b","57"
"12","queue-submit","first-text","200","candidate","candidate-b","57"
"12","pre-present-notify","first-text","0","candidate","candidate-b","57"
"12","first-present","first-text","106","candidate","candidate-b","57"
"12","startup-redraw","first-text","555","candidate","candidate-b","57"
"12","initial-ui-and-pane-layout","first-text","1","candidate","candidate-b","57"
"12","initial-projection","first-text","18","candidate","candidate-b","57"
"12","surface-acquire","first-text","16","candidate","candidate-b","57"
"12","frame-texture-view","first-text","5","candidate","candidate-b","57"
"12","instance-generation","first-text","0","candidate","candidate-b","57"
"12","instance-buffer-writes","first-text","0","candidate","candidate-b","57"
"12","buffer-create-upload","first-text","10","candidate","candidate-b","57"
"12","render-encoding","first-text","57","candidate","candidate-b","57"
"12","queue-submit","first-text","75","candidate","candidate-b","57"
"12","pre-present-notify","first-text","0","candidate","candidate-b","57"
"12","first-present","first-text","80","candidate","candidate-b","57"
"12","startup-redraw","first-text","355","candidate","candidate-b","57"
"12","initial-ui-and-pane-layout","first-text","4","candidate","candidate-b","57"
"12","initial-projection","first-text","31","candidate","candidate-b","57"
"12","surface-acquire","first-text","53","candidate","candidate-b","57"
"12","frame-texture-view","first-text","5","candidate","candidate-b","57"
"12","glyph-bind-group-layout","first-text","64","candidate","candidate-b","57"
"12","glyph-pipeline","first-text","6159","candidate","candidate-b","57"
"12","atlas-texture-create","first-text","1228","candidate","candidate-b","57"
"12","atlas-view-sampler-bind-group","first-text","176","candidate","candidate-b","57"
"12","glyph-atlas","first-text","1444","candidate","candidate-b","57"
"12","instance-generation","first-text","14135","candidate","candidate-b","57"
"12","instance-buffer-allocation","first-text","104","candidate","candidate-b","57"
"12","instance-buffer-writes","first-text","154","candidate","candidate-b","57"
"12","instance-buffer-writes","first-text","113","candidate","candidate-b","57"
"12","buffer-create-upload","first-text","422","candidate","candidate-b","57"
"12","render-encoding","first-text","105","candidate","candidate-b","57"
"12","queue-submit","first-text","143","candidate","candidate-b","57"
"12","pre-present-notify","first-text","0","candidate","candidate-b","57"
"12","first-present","first-text","136","candidate","candidate-b","57"
"12","startup-redraw","first-text","15148","candidate","candidate-b","57"
"13","cli-parse","first-frame","405","candidate","candidate-b","58"
"13","event-loop-create","first-frame","5047","candidate","candidate-b","58"
"13","application-default-state","first-frame","148","candidate","candidate-b","58"
"13","application-state-and-paths","first-frame","186","candidate","candidate-b","58"
"13","config-read-parse","first-frame","158","candidate","candidate-b","58"
"13","workspace-model-and-runtimes","first-frame","9","candidate","candidate-b","58"
"13","window-create-and-branding","first-frame","12390","candidate","candidate-b","58"
"13","system-font-discovery","first-frame","27584","candidate","candidate-b","58"
"13","font-family-resolution","first-frame","14","candidate","candidate-b","58"
"13","fallback-candidate-ordering","first-frame","1073","candidate","candidate-b","58"
"13","font-cache-setup","first-frame","3","candidate","candidate-b","58"
"13","font-family-preparation","first-frame","28727","candidate","candidate-b","58"
"13","font-metrics","first-frame","68","candidate","candidate-b","58"
"13","wgpu-instance","first-frame","6501","candidate","candidate-b","58"
"13","surface-create","first-frame","23","candidate","candidate-b","58"
"13","adapter-request","first-frame","31325","candidate","candidate-b","58"
"13","device-request","first-frame","40218","candidate","candidate-b","58"
"13","surface-capabilities-and-config","first-frame","9","candidate","candidate-b","58"
"13","surface-configure","first-frame","4056","candidate","candidate-b","58"
"13","initial-grid-resize","first-frame","164","candidate","candidate-b","58"
"13","initial-ui-and-pane-layout","first-frame","2","candidate","candidate-b","58"
"13","initial-projection","first-frame","32","candidate","candidate-b","58"
"13","surface-acquire","first-frame","40","candidate","candidate-b","58"
"13","shader-module-create","first-frame","346","candidate","candidate-b","58"
"13","shader-and-layout","first-frame","358","candidate","candidate-b","58"
"13","rectangle-pipeline","first-frame","5604","candidate","candidate-b","58"
"13","frame-texture-view","first-frame","20","candidate","candidate-b","58"
"13","instance-generation","first-frame","3","candidate","candidate-b","58"
"13","instance-buffer-allocation","first-frame","234","candidate","candidate-b","58"
"13","instance-buffer-writes","first-frame","187","candidate","candidate-b","58"
"13","buffer-create-upload","first-frame","459","candidate","candidate-b","58"
"13","render-encoding","first-frame","579","candidate","candidate-b","58"
"13","queue-submit","first-frame","293","candidate","candidate-b","58"
"13","pre-present-notify","first-frame","0","candidate","candidate-b","58"
"13","first-present","first-frame","369","candidate","candidate-b","58"
"13","startup-redraw","first-frame","7901","candidate","candidate-b","58"
"13","initial-ui-and-pane-layout","first-text","1","candidate","candidate-b","58"
"13","initial-projection","first-text","29","candidate","candidate-b","58"
"13","surface-acquire","first-text","36","candidate","candidate-b","58"
"13","frame-texture-view","first-text","5","candidate","candidate-b","58"
"13","instance-generation","first-text","0","candidate","candidate-b","58"
"13","instance-buffer-writes","first-text","0","candidate","candidate-b","58"
"13","buffer-create-upload","first-text","10","candidate","candidate-b","58"
"13","render-encoding","first-text","736","candidate","candidate-b","58"
"13","queue-submit","first-text","542","candidate","candidate-b","58"
"13","pre-present-notify","first-text","0","candidate","candidate-b","58"
"13","first-present","first-text","367","candidate","candidate-b","58"
"13","startup-redraw","first-text","1906","candidate","candidate-b","58"
"13","initial-ui-and-pane-layout","first-text","2","candidate","candidate-b","58"
"13","initial-projection","first-text","18","candidate","candidate-b","58"
"13","surface-acquire","first-text","35","candidate","candidate-b","58"
"13","frame-texture-view","first-text","5","candidate","candidate-b","58"
"13","instance-generation","first-text","0","candidate","candidate-b","58"
"13","instance-buffer-writes","first-text","0","candidate","candidate-b","58"
"13","buffer-create-upload","first-text","12","candidate","candidate-b","58"
"13","render-encoding","first-text","96","candidate","candidate-b","58"
"13","queue-submit","first-text","183","candidate","candidate-b","58"
"13","pre-present-notify","first-text","0","candidate","candidate-b","58"
"13","first-present","first-text","122","candidate","candidate-b","58"
"13","startup-redraw","first-text","577","candidate","candidate-b","58"
"13","initial-ui-and-pane-layout","first-text","1","candidate","candidate-b","58"
"13","initial-projection","first-text","19","candidate","candidate-b","58"
"13","surface-acquire","first-text","21","candidate","candidate-b","58"
"13","frame-texture-view","first-text","6","candidate","candidate-b","58"
"13","instance-generation","first-text","1","candidate","candidate-b","58"
"13","instance-buffer-writes","first-text","0","candidate","candidate-b","58"
"13","buffer-create-upload","first-text","12","candidate","candidate-b","58"
"13","render-encoding","first-text","85","candidate","candidate-b","58"
"13","queue-submit","first-text","107","candidate","candidate-b","58"
"13","pre-present-notify","first-text","0","candidate","candidate-b","58"
"13","first-present","first-text","148","candidate","candidate-b","58"
"13","startup-redraw","first-text","650","candidate","candidate-b","58"
"13","initial-ui-and-pane-layout","first-text","2","candidate","candidate-b","58"
"13","initial-projection","first-text","26","candidate","candidate-b","58"
"13","surface-acquire","first-text","36","candidate","candidate-b","58"
"13","frame-texture-view","first-text","5","candidate","candidate-b","58"
"13","glyph-bind-group-layout","first-text","51","candidate","candidate-b","58"
"13","glyph-pipeline","first-text","6059","candidate","candidate-b","58"
"13","atlas-texture-create","first-text","1143","candidate","candidate-b","58"
"13","atlas-view-sampler-bind-group","first-text","150","candidate","candidate-b","58"
"13","glyph-atlas","first-text","1326","candidate","candidate-b","58"
"13","instance-generation","first-text","13592","candidate","candidate-b","58"
"13","instance-buffer-allocation","first-text","115","candidate","candidate-b","58"
"13","instance-buffer-writes","first-text","178","candidate","candidate-b","58"
"13","instance-buffer-writes","first-text","183","candidate","candidate-b","58"
"13","buffer-create-upload","first-text","536","candidate","candidate-b","58"
"13","render-encoding","first-text","96","candidate","candidate-b","58"
"13","queue-submit","first-text","181","candidate","candidate-b","58"
"13","pre-present-notify","first-text","0","candidate","candidate-b","58"
"13","first-present","first-text","130","candidate","candidate-b","58"
"13","startup-redraw","first-text","14711","candidate","candidate-b","58"
"14","cli-parse","first-frame","468","candidate","candidate-b","59"
"14","event-loop-create","first-frame","3788","candidate","candidate-b","59"
"14","application-default-state","first-frame","151","candidate","candidate-b","59"
"14","application-state-and-paths","first-frame","185","candidate","candidate-b","59"
"14","config-read-parse","first-frame","171","candidate","candidate-b","59"
"14","workspace-model-and-runtimes","first-frame","11","candidate","candidate-b","59"
"14","window-create-and-branding","first-frame","11579","candidate","candidate-b","59"
"14","system-font-discovery","first-frame","26531","candidate","candidate-b","59"
"14","font-family-resolution","first-frame","14","candidate","candidate-b","59"
"14","fallback-candidate-ordering","first-frame","1130","candidate","candidate-b","59"
"14","font-cache-setup","first-frame","3","candidate","candidate-b","59"
"14","font-family-preparation","first-frame","27734","candidate","candidate-b","59"
"14","font-metrics","first-frame","65","candidate","candidate-b","59"
"14","wgpu-instance","first-frame","5997","candidate","candidate-b","59"
"14","surface-create","first-frame","22","candidate","candidate-b","59"
"14","adapter-request","first-frame","33441","candidate","candidate-b","59"
"14","device-request","first-frame","36891","candidate","candidate-b","59"
"14","surface-capabilities-and-config","first-frame","19","candidate","candidate-b","59"
"14","surface-configure","first-frame","4802","candidate","candidate-b","59"
"14","initial-grid-resize","first-frame","98","candidate","candidate-b","59"
"14","initial-ui-and-pane-layout","first-frame","4","candidate","candidate-b","59"
"14","initial-projection","first-frame","20","candidate","candidate-b","59"
"14","surface-acquire","first-frame","30","candidate","candidate-b","59"
"14","shader-module-create","first-frame","310","candidate","candidate-b","59"
"14","shader-and-layout","first-frame","320","candidate","candidate-b","59"
"14","rectangle-pipeline","first-frame","4907","candidate","candidate-b","59"
"14","frame-texture-view","first-frame","16","candidate","candidate-b","59"
"14","instance-generation","first-frame","2","candidate","candidate-b","59"
"14","instance-buffer-allocation","first-frame","139","candidate","candidate-b","59"
"14","instance-buffer-writes","first-frame","113","candidate","candidate-b","59"
"14","buffer-create-upload","first-frame","281","candidate","candidate-b","59"
"14","render-encoding","first-frame","553","candidate","candidate-b","59"
"14","queue-submit","first-frame","307","candidate","candidate-b","59"
"14","pre-present-notify","first-frame","0","candidate","candidate-b","59"
"14","first-present","first-frame","280","candidate","candidate-b","59"
"14","startup-redraw","first-frame","6849","candidate","candidate-b","59"
"14","initial-ui-and-pane-layout","first-text","2","candidate","candidate-b","59"
"14","initial-projection","first-text","29","candidate","candidate-b","59"
"14","surface-acquire","first-text","36","candidate","candidate-b","59"
"14","frame-texture-view","first-text","5","candidate","candidate-b","59"
"14","instance-generation","first-text","0","candidate","candidate-b","59"
"14","instance-buffer-writes","first-text","0","candidate","candidate-b","59"
"14","buffer-create-upload","first-text","9","candidate","candidate-b","59"
"14","render-encoding","first-text","614","candidate","candidate-b","59"
"14","queue-submit","first-text","702","candidate","candidate-b","59"
"14","pre-present-notify","first-text","0","candidate","candidate-b","59"
"14","first-present","first-text","490","candidate","candidate-b","59"
"14","startup-redraw","first-text","2083","candidate","candidate-b","59"
"14","initial-ui-and-pane-layout","first-text","2","candidate","candidate-b","59"
"14","initial-projection","first-text","20","candidate","candidate-b","59"
"14","surface-acquire","first-text","40","candidate","candidate-b","59"
"14","frame-texture-view","first-text","5","candidate","candidate-b","59"
"14","instance-generation","first-text","0","candidate","candidate-b","59"
"14","instance-buffer-writes","first-text","0","candidate","candidate-b","59"
"14","buffer-create-upload","first-text","9","candidate","candidate-b","59"
"14","render-encoding","first-text","192","candidate","candidate-b","59"
"14","queue-submit","first-text","257","candidate","candidate-b","59"
"14","pre-present-notify","first-text","0","candidate","candidate-b","59"
"14","first-present","first-text","214","candidate","candidate-b","59"
"14","startup-redraw","first-text","847","candidate","candidate-b","59"
"14","initial-ui-and-pane-layout","first-text","2","candidate","candidate-b","59"
"14","initial-projection","first-text","27","candidate","candidate-b","59"
"14","surface-acquire","first-text","16","candidate","candidate-b","59"
"14","frame-texture-view","first-text","4","candidate","candidate-b","59"
"14","instance-generation","first-text","0","candidate","candidate-b","59"
"14","instance-buffer-writes","first-text","0","candidate","candidate-b","59"
"14","buffer-create-upload","first-text","9","candidate","candidate-b","59"
"14","render-encoding","first-text","94","candidate","candidate-b","59"
"14","queue-submit","first-text","112","candidate","candidate-b","59"
"14","pre-present-notify","first-text","0","candidate","candidate-b","59"
"14","first-present","first-text","195","candidate","candidate-b","59"
"14","startup-redraw","first-text","621","candidate","candidate-b","59"
"14","initial-ui-and-pane-layout","first-text","3","candidate","candidate-b","59"
"14","initial-projection","first-text","30","candidate","candidate-b","59"
"14","surface-acquire","first-text","40","candidate","candidate-b","59"
"14","frame-texture-view","first-text","5","candidate","candidate-b","59"
"14","glyph-bind-group-layout","first-text","50","candidate","candidate-b","59"
"14","glyph-pipeline","first-text","5952","candidate","candidate-b","59"
"14","atlas-texture-create","first-text","1319","candidate","candidate-b","59"
"14","atlas-view-sampler-bind-group","first-text","176","candidate","candidate-b","59"
"14","glyph-atlas","first-text","1543","candidate","candidate-b","59"
"14","instance-generation","first-text","13778","candidate","candidate-b","59"
"14","instance-buffer-allocation","first-text","137","candidate","candidate-b","59"
"14","instance-buffer-writes","first-text","199","candidate","candidate-b","59"
"14","instance-buffer-writes","first-text","172","candidate","candidate-b","59"
"14","buffer-create-upload","first-text","565","candidate","candidate-b","59"
"14","render-encoding","first-text","363","candidate","candidate-b","59"
"14","queue-submit","first-text","580","candidate","candidate-b","59"
"14","pre-present-notify","first-text","0","candidate","candidate-b","59"
"14","first-present","first-text","419","candidate","candidate-b","59"
"14","startup-redraw","first-text","15914","candidate","candidate-b","59"
"15","cli-parse","first-frame","430","candidate","candidate-b","60"
"15","event-loop-create","first-frame","3592","candidate","candidate-b","60"
"15","application-default-state","first-frame","198","candidate","candidate-b","60"
"15","application-state-and-paths","first-frame","238","candidate","candidate-b","60"
"15","config-read-parse","first-frame","184","candidate","candidate-b","60"
"15","workspace-model-and-runtimes","first-frame","9","candidate","candidate-b","60"
"15","window-create-and-branding","first-frame","12335","candidate","candidate-b","60"
"15","system-font-discovery","first-frame","27574","candidate","candidate-b","60"
"15","font-family-resolution","first-frame","22","candidate","candidate-b","60"
"15","fallback-candidate-ordering","first-frame","1251","candidate","candidate-b","60"
"15","font-cache-setup","first-frame","3","candidate","candidate-b","60"
"15","font-family-preparation","first-frame","28917","candidate","candidate-b","60"
"15","font-metrics","first-frame","98","candidate","candidate-b","60"
"15","wgpu-instance","first-frame","6984","candidate","candidate-b","60"
"15","surface-create","first-frame","27","candidate","candidate-b","60"
"15","adapter-request","first-frame","34995","candidate","candidate-b","60"
"15","device-request","first-frame","37390","candidate","candidate-b","60"
"15","surface-capabilities-and-config","first-frame","8","candidate","candidate-b","60"
"15","surface-configure","first-frame","4035","candidate","candidate-b","60"
"15","initial-grid-resize","first-frame","97","candidate","candidate-b","60"
"15","initial-ui-and-pane-layout","first-frame","4","candidate","candidate-b","60"
"15","initial-projection","first-frame","20","candidate","candidate-b","60"
"15","surface-acquire","first-frame","32","candidate","candidate-b","60"
"15","shader-module-create","first-frame","306","candidate","candidate-b","60"
"15","shader-and-layout","first-frame","316","candidate","candidate-b","60"
"15","rectangle-pipeline","first-frame","4310","candidate","candidate-b","60"
"15","frame-texture-view","first-frame","14","candidate","candidate-b","60"
"15","instance-generation","first-frame","2","candidate","candidate-b","60"
"15","instance-buffer-allocation","first-frame","144","candidate","candidate-b","60"
"15","instance-buffer-writes","first-frame","233","candidate","candidate-b","60"
"15","buffer-create-upload","first-frame","405","candidate","candidate-b","60"
"15","render-encoding","first-frame","1016","candidate","candidate-b","60"
"15","queue-submit","first-frame","351","candidate","candidate-b","60"
"15","pre-present-notify","first-frame","0","candidate","candidate-b","60"
"15","first-present","first-frame","418","candidate","candidate-b","60"
"15","startup-redraw","first-frame","7094","candidate","candidate-b","60"
"15","initial-ui-and-pane-layout","first-text","1","candidate","candidate-b","60"
"15","initial-projection","first-text","42","candidate","candidate-b","60"
"15","surface-acquire","first-text","42","candidate","candidate-b","60"
"15","frame-texture-view","first-text","5","candidate","candidate-b","60"
"15","instance-generation","first-text","0","candidate","candidate-b","60"
"15","instance-buffer-writes","first-text","0","candidate","candidate-b","60"
"15","buffer-create-upload","first-text","10","candidate","candidate-b","60"
"15","render-encoding","first-text","716","candidate","candidate-b","60"
"15","queue-submit","first-text","611","candidate","candidate-b","60"
"15","pre-present-notify","first-text","0","candidate","candidate-b","60"
"15","first-present","first-text","410","candidate","candidate-b","60"
"15","startup-redraw","first-text","2022","candidate","candidate-b","60"
"15","initial-ui-and-pane-layout","first-text","2","candidate","candidate-b","60"
"15","initial-projection","first-text","20","candidate","candidate-b","60"
"15","surface-acquire","first-text","50","candidate","candidate-b","60"
"15","frame-texture-view","first-text","5","candidate","candidate-b","60"
"15","instance-generation","first-text","0","candidate","candidate-b","60"
"15","instance-buffer-writes","first-text","0","candidate","candidate-b","60"
"15","buffer-create-upload","first-text","10","candidate","candidate-b","60"
"15","render-encoding","first-text","96","candidate","candidate-b","60"
"15","queue-submit","first-text","190","candidate","candidate-b","60"
"15","pre-present-notify","first-text","0","candidate","candidate-b","60"
"15","first-present","first-text","111","candidate","candidate-b","60"
"15","startup-redraw","first-text","582","candidate","candidate-b","60"
"15","initial-ui-and-pane-layout","first-text","1","candidate","candidate-b","60"
"15","initial-projection","first-text","26","candidate","candidate-b","60"
"15","surface-acquire","first-text","20","candidate","candidate-b","60"
"15","frame-texture-view","first-text","3","candidate","candidate-b","60"
"15","instance-generation","first-text","0","candidate","candidate-b","60"
"15","instance-buffer-writes","first-text","0","candidate","candidate-b","60"
"15","buffer-create-upload","first-text","9","candidate","candidate-b","60"
"15","render-encoding","first-text","61","candidate","candidate-b","60"
"15","queue-submit","first-text","82","candidate","candidate-b","60"
"15","pre-present-notify","first-text","0","candidate","candidate-b","60"
"15","first-present","first-text","95","candidate","candidate-b","60"
"15","startup-redraw","first-text","388","candidate","candidate-b","60"
"15","initial-ui-and-pane-layout","first-text","3","candidate","candidate-b","60"
"15","initial-projection","first-text","45","candidate","candidate-b","60"
"15","surface-acquire","first-text","40","candidate","candidate-b","60"
"15","frame-texture-view","first-text","5","candidate","candidate-b","60"
"15","glyph-bind-group-layout","first-text","36","candidate","candidate-b","60"
"15","glyph-pipeline","first-text","5900","candidate","candidate-b","60"
"15","atlas-texture-create","first-text","1468","candidate","candidate-b","60"
"15","atlas-view-sampler-bind-group","first-text","167","candidate","candidate-b","60"
"15","glyph-atlas","first-text","1669","candidate","candidate-b","60"
"15","instance-generation","first-text","13644","candidate","candidate-b","60"
"15","instance-buffer-allocation","first-text","92","candidate","candidate-b","60"
"15","instance-buffer-writes","first-text","118","candidate","candidate-b","60"
"15","instance-buffer-writes","first-text","150","candidate","candidate-b","60"
"15","buffer-create-upload","first-text","395","candidate","candidate-b","60"
"15","render-encoding","first-text","106","candidate","candidate-b","60"
"15","queue-submit","first-text","252","candidate","candidate-b","60"
"15","pre-present-notify","first-text","0","candidate","candidate-b","60"
"15","first-present","first-text","137","candidate","candidate-b","60"
"15","startup-redraw","first-text","14749","candidate","candidate-b","60"
"1","cli-parse","first-frame","437","baseline","paired-1-baseline","61"
"1","event-loop-create","first-frame","5612","baseline","paired-1-baseline","61"
"1","application-default-state","first-frame","196","baseline","paired-1-baseline","61"
"1","application-state-and-paths","first-frame","238","baseline","paired-1-baseline","61"
"1","config-read-parse","first-frame","168","baseline","paired-1-baseline","61"
"1","workspace-model-and-runtimes","first-frame","9","baseline","paired-1-baseline","61"
"1","window-create-and-branding","first-frame","15477","baseline","paired-1-baseline","61"
"1","system-font-discovery","first-frame","28144","baseline","paired-1-baseline","61"
"1","font-family-resolution","first-frame","11","baseline","paired-1-baseline","61"
"1","fallback-candidate-ordering","first-frame","1249","baseline","paired-1-baseline","61"
"1","font-cache-setup","first-frame","3","baseline","paired-1-baseline","61"
"1","font-family-preparation","first-frame","29464","baseline","paired-1-baseline","61"
"1","font-metrics","first-frame","85","baseline","paired-1-baseline","61"
"1","wgpu-instance","first-frame","7929","baseline","paired-1-baseline","61"
"1","surface-create","first-frame","28","baseline","paired-1-baseline","61"
"1","adapter-request","first-frame","39298","baseline","paired-1-baseline","61"
"1","device-request","first-frame","43282","baseline","paired-1-baseline","61"
"1","surface-capabilities-and-config","first-frame","11","baseline","paired-1-baseline","61"
"1","surface-configure","first-frame","4534","baseline","paired-1-baseline","61"
"1","initial-grid-resize","first-frame","116","baseline","paired-1-baseline","61"
"1","initial-ui-and-pane-layout","first-frame","6","baseline","paired-1-baseline","61"
"1","initial-projection","first-frame","25","baseline","paired-1-baseline","61"
"1","surface-acquire","first-frame","53","baseline","paired-1-baseline","61"
"1","shader-module-create","first-frame","335","baseline","paired-1-baseline","61"
"1","glyph-bind-group-layout","first-frame","55","baseline","paired-1-baseline","61"
"1","shader-and-layout","first-frame","415","baseline","paired-1-baseline","61"
"1","rectangle-pipeline","first-frame","5994","baseline","paired-1-baseline","61"
"1","glyph-pipeline","first-frame","5905","baseline","paired-1-baseline","61"
"1","atlas-texture-create","first-frame","1402","baseline","paired-1-baseline","61"
"1","atlas-view-sampler-bind-group","first-frame","228","baseline","paired-1-baseline","61"
"1","glyph-atlas","first-frame","1679","baseline","paired-1-baseline","61"
"1","frame-texture-view","first-frame","13","baseline","paired-1-baseline","61"
"1","instance-generation","first-frame","3","baseline","paired-1-baseline","61"
"1","instance-buffer-allocation","first-frame","87","baseline","paired-1-baseline","61"
"1","instance-buffer-writes","first-frame","99","baseline","paired-1-baseline","61"
"1","buffer-create-upload","first-frame","213","baseline","paired-1-baseline","61"
"1","render-encoding","first-frame","527","baseline","paired-1-baseline","61"
"1","queue-submit","first-frame","312","baseline","paired-1-baseline","61"
"1","pre-present-notify","first-frame","0","baseline","paired-1-baseline","61"
"1","first-present","first-frame","370","baseline","paired-1-baseline","61"
"1","startup-redraw","first-frame","15887","baseline","paired-1-baseline","61"
"1","initial-ui-and-pane-layout","first-text","6","baseline","paired-1-baseline","61"
"1","initial-projection","first-text","64","baseline","paired-1-baseline","61"
"1","surface-acquire","first-text","58","baseline","paired-1-baseline","61"
"1","frame-texture-view","first-text","8","baseline","paired-1-baseline","61"
"1","instance-generation","first-text","1","baseline","paired-1-baseline","61"
"1","instance-buffer-writes","first-text","0","baseline","paired-1-baseline","61"
"1","buffer-create-upload","first-text","16","baseline","paired-1-baseline","61"
"1","render-encoding","first-text","1113","baseline","paired-1-baseline","61"
"1","queue-submit","first-text","647","baseline","paired-1-baseline","61"
"1","pre-present-notify","first-text","0","baseline","paired-1-baseline","61"
"1","first-present","first-text","394","baseline","paired-1-baseline","61"
"1","startup-redraw","first-text","2494","baseline","paired-1-baseline","61"
"1","initial-ui-and-pane-layout","first-text","3","baseline","paired-1-baseline","61"
"1","initial-projection","first-text","20","baseline","paired-1-baseline","61"
"1","surface-acquire","first-text","36","baseline","paired-1-baseline","61"
"1","frame-texture-view","first-text","5","baseline","paired-1-baseline","61"
"1","instance-generation","first-text","0","baseline","paired-1-baseline","61"
"1","instance-buffer-writes","first-text","0","baseline","paired-1-baseline","61"
"1","buffer-create-upload","first-text","11","baseline","paired-1-baseline","61"
"1","render-encoding","first-text","127","baseline","paired-1-baseline","61"
"1","queue-submit","first-text","334","baseline","paired-1-baseline","61"
"1","pre-present-notify","first-text","0","baseline","paired-1-baseline","61"
"1","first-present","first-text","163","baseline","paired-1-baseline","61"
"1","startup-redraw","first-text","835","baseline","paired-1-baseline","61"
"1","initial-ui-and-pane-layout","first-text","1","baseline","paired-1-baseline","61"
"1","initial-projection","first-text","19","baseline","paired-1-baseline","61"
"1","surface-acquire","first-text","22","baseline","paired-1-baseline","61"
"1","frame-texture-view","first-text","4","baseline","paired-1-baseline","61"
"1","instance-generation","first-text","0","baseline","paired-1-baseline","61"
"1","instance-buffer-writes","first-text","0","baseline","paired-1-baseline","61"
"1","buffer-create-upload","first-text","11","baseline","paired-1-baseline","61"
"1","render-encoding","first-text","79","baseline","paired-1-baseline","61"
"1","queue-submit","first-text","103","baseline","paired-1-baseline","61"
"1","pre-present-notify","first-text","0","baseline","paired-1-baseline","61"
"1","first-present","first-text","145","baseline","paired-1-baseline","61"
"1","startup-redraw","first-text","504","baseline","paired-1-baseline","61"
"1","initial-ui-and-pane-layout","first-text","3","baseline","paired-1-baseline","61"
"1","initial-projection","first-text","27","baseline","paired-1-baseline","61"
"1","surface-acquire","first-text","45","baseline","paired-1-baseline","61"
"1","frame-texture-view","first-text","6","baseline","paired-1-baseline","61"
"1","instance-generation","first-text","5664","baseline","paired-1-baseline","61"
"1","instance-buffer-allocation","first-text","253","baseline","paired-1-baseline","61"
"1","instance-buffer-writes","first-text","224","baseline","paired-1-baseline","61"
"1","instance-buffer-writes","first-text","236","baseline","paired-1-baseline","61"
"1","buffer-create-upload","first-text","796","baseline","paired-1-baseline","61"
"1","render-encoding","first-text","325","baseline","paired-1-baseline","61"
"1","queue-submit","first-text","580","baseline","paired-1-baseline","61"
"1","pre-present-notify","first-text","0","baseline","paired-1-baseline","61"
"1","first-present","first-text","234","baseline","paired-1-baseline","61"
"1","startup-redraw","first-text","7816","baseline","paired-1-baseline","61"
"1","cli-parse","first-frame","715","candidate","paired-1-candidate","62"
"1","event-loop-create","first-frame","3710","candidate","paired-1-candidate","62"
"1","application-default-state","first-frame","190","candidate","paired-1-candidate","62"
"1","application-state-and-paths","first-frame","232","candidate","paired-1-candidate","62"
"1","config-read-parse","first-frame","175","candidate","paired-1-candidate","62"
"1","workspace-model-and-runtimes","first-frame","8","candidate","paired-1-candidate","62"
"1","window-create-and-branding","first-frame","13318","candidate","paired-1-candidate","62"
"1","system-font-discovery","first-frame","25733","candidate","paired-1-candidate","62"
"1","font-family-resolution","first-frame","15","candidate","paired-1-candidate","62"
"1","fallback-candidate-ordering","first-frame","1061","candidate","paired-1-candidate","62"
"1","font-cache-setup","first-frame","3","candidate","paired-1-candidate","62"
"1","font-family-preparation","first-frame","26864","candidate","paired-1-candidate","62"
"1","font-metrics","first-frame","61","candidate","paired-1-candidate","62"
"1","wgpu-instance","first-frame","5721","candidate","paired-1-candidate","62"
"1","surface-create","first-frame","24","candidate","paired-1-candidate","62"
"1","adapter-request","first-frame","36804","candidate","paired-1-candidate","62"
"1","device-request","first-frame","43996","candidate","paired-1-candidate","62"
"1","surface-capabilities-and-config","first-frame","10","candidate","paired-1-candidate","62"
"1","surface-configure","first-frame","6269","candidate","paired-1-candidate","62"
"1","initial-grid-resize","first-frame","130","candidate","paired-1-candidate","62"
"1","initial-ui-and-pane-layout","first-frame","15","candidate","paired-1-candidate","62"
"1","initial-projection","first-frame","24","candidate","paired-1-candidate","62"
"1","surface-acquire","first-frame","43","candidate","paired-1-candidate","62"
"1","shader-module-create","first-frame","329","candidate","paired-1-candidate","62"
"1","shader-and-layout","first-frame","340","candidate","paired-1-candidate","62"
"1","rectangle-pipeline","first-frame","5247","candidate","paired-1-candidate","62"
"1","frame-texture-view","first-frame","19","candidate","paired-1-candidate","62"
"1","instance-generation","first-frame","2","candidate","paired-1-candidate","62"
"1","instance-buffer-allocation","first-frame","209","candidate","paired-1-candidate","62"
"1","instance-buffer-writes","first-frame","161","candidate","paired-1-candidate","62"
"1","buffer-create-upload","first-frame","405","candidate","paired-1-candidate","62"
"1","render-encoding","first-frame","444","candidate","paired-1-candidate","62"
"1","queue-submit","first-frame","305","candidate","paired-1-candidate","62"
"1","pre-present-notify","first-frame","0","candidate","paired-1-candidate","62"
"1","first-present","first-frame","356","candidate","paired-1-candidate","62"
"1","startup-redraw","first-frame","7326","candidate","paired-1-candidate","62"
"1","initial-ui-and-pane-layout","first-text","4","candidate","paired-1-candidate","62"
"1","initial-projection","first-text","38","candidate","paired-1-candidate","62"
"1","surface-acquire","first-text","46","candidate","paired-1-candidate","62"
"1","frame-texture-view","first-text","7","candidate","paired-1-candidate","62"
"1","instance-generation","first-text","0","candidate","paired-1-candidate","62"
"1","instance-buffer-writes","first-text","0","candidate","paired-1-candidate","62"
"1","buffer-create-upload","first-text","11","candidate","paired-1-candidate","62"
"1","render-encoding","first-text","969","candidate","paired-1-candidate","62"
"1","queue-submit","first-text","1155","candidate","paired-1-candidate","62"
"1","pre-present-notify","first-text","0","candidate","paired-1-candidate","62"
"1","first-present","first-text","546","candidate","paired-1-candidate","62"
"1","startup-redraw","first-text","3010","candidate","paired-1-candidate","62"
"1","initial-ui-and-pane-layout","first-text","6","candidate","paired-1-candidate","62"
"1","initial-projection","first-text","49","candidate","paired-1-candidate","62"
"1","surface-acquire","first-text","50","candidate","paired-1-candidate","62"
"1","frame-texture-view","first-text","10","candidate","paired-1-candidate","62"
"1","instance-generation","first-text","1","candidate","paired-1-candidate","62"
"1","instance-buffer-writes","first-text","0","candidate","paired-1-candidate","62"
"1","buffer-create-upload","first-text","18","candidate","paired-1-candidate","62"
"1","render-encoding","first-text","199","candidate","paired-1-candidate","62"
"1","queue-submit","first-text","288","candidate","paired-1-candidate","62"
"1","pre-present-notify","first-text","0","candidate","paired-1-candidate","62"
"1","first-present","first-text","222","candidate","paired-1-candidate","62"
"1","startup-redraw","first-text","1036","candidate","paired-1-candidate","62"
"1","initial-ui-and-pane-layout","first-text","7","candidate","paired-1-candidate","62"
"1","initial-projection","first-text","50","candidate","paired-1-candidate","62"
"1","surface-acquire","first-text","54","candidate","paired-1-candidate","62"
"1","frame-texture-view","first-text","8","candidate","paired-1-candidate","62"
"1","glyph-bind-group-layout","first-text","63","candidate","paired-1-candidate","62"
"1","glyph-pipeline","first-text","7011","candidate","paired-1-candidate","62"
"1","atlas-texture-create","first-text","1509","candidate","paired-1-candidate","62"
"1","atlas-view-sampler-bind-group","first-text","189","candidate","paired-1-candidate","62"
"1","glyph-atlas","first-text","1741","candidate","paired-1-candidate","62"
"1","instance-generation","first-text","16229","candidate","paired-1-candidate","62"
"1","instance-buffer-allocation","first-text","85","candidate","paired-1-candidate","62"
"1","instance-buffer-writes","first-text","81","candidate","paired-1-candidate","62"
"1","instance-buffer-writes","first-text","123","candidate","paired-1-candidate","62"
"1","buffer-create-upload","first-text","327","candidate","paired-1-candidate","62"
"1","render-encoding","first-text","114","candidate","paired-1-candidate","62"
"1","queue-submit","first-text","155","candidate","paired-1-candidate","62"
"1","pre-present-notify","first-text","0","candidate","paired-1-candidate","62"
"1","first-present","first-text","175","candidate","paired-1-candidate","62"
"1","startup-redraw","first-text","17265","candidate","paired-1-candidate","62"
"1","cli-parse","first-frame","446","candidate","paired-2-candidate","63"
"1","event-loop-create","first-frame","4249","candidate","paired-2-candidate","63"
"1","application-default-state","first-frame","139","candidate","paired-2-candidate","63"
"1","application-state-and-paths","first-frame","171","candidate","paired-2-candidate","63"
"1","config-read-parse","first-frame","127","candidate","paired-2-candidate","63"
"1","workspace-model-and-runtimes","first-frame","7","candidate","paired-2-candidate","63"
"1","window-create-and-branding","first-frame","12274","candidate","paired-2-candidate","63"
"1","system-font-discovery","first-frame","25391","candidate","paired-2-candidate","63"
"1","font-family-resolution","first-frame","12","candidate","paired-2-candidate","63"
"1","fallback-candidate-ordering","first-frame","1081","candidate","paired-2-candidate","63"
"1","font-cache-setup","first-frame","3","candidate","paired-2-candidate","63"
"1","font-family-preparation","first-frame","26532","candidate","paired-2-candidate","63"
"1","font-metrics","first-frame","46","candidate","paired-2-candidate","63"
"1","wgpu-instance","first-frame","5473","candidate","paired-2-candidate","63"
"1","surface-create","first-frame","22","candidate","paired-2-candidate","63"
"1","adapter-request","first-frame","33369","candidate","paired-2-candidate","63"
"1","device-request","first-frame","41192","candidate","paired-2-candidate","63"
"1","surface-capabilities-and-config","first-frame","10","candidate","paired-2-candidate","63"
"1","surface-configure","first-frame","5095","candidate","paired-2-candidate","63"
"1","initial-grid-resize","first-frame","108","candidate","paired-2-candidate","63"
"1","initial-ui-and-pane-layout","first-frame","13","candidate","paired-2-candidate","63"
"1","initial-projection","first-frame","20","candidate","paired-2-candidate","63"
"1","surface-acquire","first-frame","36","candidate","paired-2-candidate","63"
"1","shader-module-create","first-frame","321","candidate","paired-2-candidate","63"
"1","shader-and-layout","first-frame","333","candidate","paired-2-candidate","63"
"1","rectangle-pipeline","first-frame","4419","candidate","paired-2-candidate","63"
"1","frame-texture-view","first-frame","14","candidate","paired-2-candidate","63"
"1","instance-generation","first-frame","2","candidate","paired-2-candidate","63"
"1","instance-buffer-allocation","first-frame","109","candidate","paired-2-candidate","63"
"1","instance-buffer-writes","first-frame","89","candidate","paired-2-candidate","63"
"1","buffer-create-upload","first-frame","220","candidate","paired-2-candidate","63"
"1","render-encoding","first-frame","371","candidate","paired-2-candidate","63"
"1","queue-submit","first-frame","265","candidate","paired-2-candidate","63"
"1","pre-present-notify","first-frame","0","candidate","paired-2-candidate","63"
"1","first-present","first-frame","423","candidate","paired-2-candidate","63"
"1","startup-redraw","first-frame","6239","candidate","paired-2-candidate","63"
"1","initial-ui-and-pane-layout","first-text","2","candidate","paired-2-candidate","63"
"1","initial-projection","first-text","48","candidate","paired-2-candidate","63"
"1","surface-acquire","first-text","50","candidate","paired-2-candidate","63"
"1","frame-texture-view","first-text","8","candidate","paired-2-candidate","63"
"1","instance-generation","first-text","1","candidate","paired-2-candidate","63"
"1","instance-buffer-writes","first-text","0","candidate","paired-2-candidate","63"
"1","buffer-create-upload","first-text","10","candidate","paired-2-candidate","63"
"1","render-encoding","first-text","814","candidate","paired-2-candidate","63"
"1","queue-submit","first-text","790","candidate","paired-2-candidate","63"
"1","pre-present-notify","first-text","0","candidate","paired-2-candidate","63"
"1","first-present","first-text","448","candidate","paired-2-candidate","63"
"1","startup-redraw","first-text","2375","candidate","paired-2-candidate","63"
"1","initial-ui-and-pane-layout","first-text","2","candidate","paired-2-candidate","63"
"1","initial-projection","first-text","18","candidate","paired-2-candidate","63"
"1","surface-acquire","first-text","38","candidate","paired-2-candidate","63"
"1","frame-texture-view","first-text","5","candidate","paired-2-candidate","63"
"1","instance-generation","first-text","0","candidate","paired-2-candidate","63"
"1","instance-buffer-writes","first-text","0","candidate","paired-2-candidate","63"
"1","buffer-create-upload","first-text","9","candidate","paired-2-candidate","63"
"1","render-encoding","first-text","108","candidate","paired-2-candidate","63"
"1","queue-submit","first-text","341","candidate","paired-2-candidate","63"
"1","pre-present-notify","first-text","0","candidate","paired-2-candidate","63"
"1","first-present","first-text","185","candidate","paired-2-candidate","63"
"1","startup-redraw","first-text","823","candidate","paired-2-candidate","63"
"1","initial-ui-and-pane-layout","first-text","4","candidate","paired-2-candidate","63"
"1","initial-projection","first-text","26","candidate","paired-2-candidate","63"
"1","surface-acquire","first-text","33","candidate","paired-2-candidate","63"
"1","frame-texture-view","first-text","5","candidate","paired-2-candidate","63"
"1","instance-generation","first-text","0","candidate","paired-2-candidate","63"
"1","instance-buffer-writes","first-text","0","candidate","paired-2-candidate","63"
"1","buffer-create-upload","first-text","14","candidate","paired-2-candidate","63"
"1","render-encoding","first-text","141","candidate","paired-2-candidate","63"
"1","queue-submit","first-text","165","candidate","paired-2-candidate","63"
"1","pre-present-notify","first-text","0","candidate","paired-2-candidate","63"
"1","first-present","first-text","184","candidate","paired-2-candidate","63"
"1","startup-redraw","first-text","697","candidate","paired-2-candidate","63"
"1","initial-ui-and-pane-layout","first-text","3","candidate","paired-2-candidate","63"
"1","initial-projection","first-text","22","candidate","paired-2-candidate","63"
"1","surface-acquire","first-text","38","candidate","paired-2-candidate","63"
"1","frame-texture-view","first-text","5","candidate","paired-2-candidate","63"
"1","glyph-bind-group-layout","first-text","47","candidate","paired-2-candidate","63"
"1","glyph-pipeline","first-text","5938","candidate","paired-2-candidate","63"
"1","atlas-texture-create","first-text","1703","candidate","paired-2-candidate","63"
"1","atlas-view-sampler-bind-group","first-text","193","candidate","paired-2-candidate","63"
"1","glyph-atlas","first-text","1951","candidate","paired-2-candidate","63"
"1","instance-generation","first-text","14103","candidate","paired-2-candidate","63"
"1","instance-buffer-allocation","first-text","118","candidate","paired-2-candidate","63"
"1","instance-buffer-writes","first-text","156","candidate","paired-2-candidate","63"
"1","instance-buffer-writes","first-text","144","candidate","paired-2-candidate","63"
"1","buffer-create-upload","first-text","472","candidate","paired-2-candidate","63"
"1","render-encoding","first-text","113","candidate","paired-2-candidate","63"
"1","queue-submit","first-text","155","candidate","paired-2-candidate","63"
"1","pre-present-notify","first-text","0","candidate","paired-2-candidate","63"
"1","first-present","first-text","195","candidate","paired-2-candidate","63"
"1","startup-redraw","first-text","15219","candidate","paired-2-candidate","63"
"1","cli-parse","first-frame","430","baseline","paired-2-baseline","64"
"1","event-loop-create","first-frame","4335","baseline","paired-2-baseline","64"
"1","application-default-state","first-frame","167","baseline","paired-2-baseline","64"
"1","application-state-and-paths","first-frame","205","baseline","paired-2-baseline","64"
"1","config-read-parse","first-frame","174","baseline","paired-2-baseline","64"
"1","workspace-model-and-runtimes","first-frame","9","baseline","paired-2-baseline","64"
"1","window-create-and-branding","first-frame","13491","baseline","paired-2-baseline","64"
"1","system-font-discovery","first-frame","26856","baseline","paired-2-baseline","64"
"1","font-family-resolution","first-frame","14","baseline","paired-2-baseline","64"
"1","fallback-candidate-ordering","first-frame","1247","baseline","paired-2-baseline","64"
"1","font-cache-setup","first-frame","4","baseline","paired-2-baseline","64"
"1","font-family-preparation","first-frame","28183","baseline","paired-2-baseline","64"
"1","font-metrics","first-frame","106","baseline","paired-2-baseline","64"
"1","wgpu-instance","first-frame","6555","baseline","paired-2-baseline","64"
"1","surface-create","first-frame","29","baseline","paired-2-baseline","64"
"1","adapter-request","first-frame","34523","baseline","paired-2-baseline","64"
"1","device-request","first-frame","39257","baseline","paired-2-baseline","64"
"1","surface-capabilities-and-config","first-frame","9","baseline","paired-2-baseline","64"
"1","surface-configure","first-frame","4776","baseline","paired-2-baseline","64"
"1","initial-grid-resize","first-frame","164","baseline","paired-2-baseline","64"
"1","initial-ui-and-pane-layout","first-frame","17","baseline","paired-2-baseline","64"
"1","initial-projection","first-frame","21","baseline","paired-2-baseline","64"
"1","surface-acquire","first-frame","45","baseline","paired-2-baseline","64"
"1","shader-module-create","first-frame","288","baseline","paired-2-baseline","64"
"1","glyph-bind-group-layout","first-frame","44","baseline","paired-2-baseline","64"
"1","shader-and-layout","first-frame","351","baseline","paired-2-baseline","64"
"1","rectangle-pipeline","first-frame","6236","baseline","paired-2-baseline","64"
"1","glyph-pipeline","first-frame","6132","baseline","paired-2-baseline","64"
"1","atlas-texture-create","first-frame","2179","baseline","paired-2-baseline","64"
"1","atlas-view-sampler-bind-group","first-frame","186","baseline","paired-2-baseline","64"
"1","glyph-atlas","first-frame","2410","baseline","paired-2-baseline","64"
"1","frame-texture-view","first-frame","9","baseline","paired-2-baseline","64"
"1","instance-generation","first-frame","3","baseline","paired-2-baseline","64"
"1","instance-buffer-allocation","first-frame","117","baseline","paired-2-baseline","64"
"1","instance-buffer-writes","first-frame","130","baseline","paired-2-baseline","64"
"1","buffer-create-upload","first-frame","275","baseline","paired-2-baseline","64"
"1","render-encoding","first-frame","497","baseline","paired-2-baseline","64"
"1","queue-submit","first-frame","425","baseline","paired-2-baseline","64"
"1","pre-present-notify","first-frame","0","baseline","paired-2-baseline","64"
"1","first-present","first-frame","303","baseline","paired-2-baseline","64"
"1","startup-redraw","first-frame","16880","baseline","paired-2-baseline","64"
"1","initial-ui-and-pane-layout","first-text","6","baseline","paired-2-baseline","64"
"1","initial-projection","first-text","75","baseline","paired-2-baseline","64"
"1","surface-acquire","first-text","52","baseline","paired-2-baseline","64"
"1","frame-texture-view","first-text","10","baseline","paired-2-baseline","64"
"1","instance-generation","first-text","1","baseline","paired-2-baseline","64"
"1","instance-buffer-writes","first-text","0","baseline","paired-2-baseline","64"
"1","buffer-create-upload","first-text","19","baseline","paired-2-baseline","64"
"1","render-encoding","first-text","1314","baseline","paired-2-baseline","64"
"1","queue-submit","first-text","1133","baseline","paired-2-baseline","64"
"1","pre-present-notify","first-text","0","baseline","paired-2-baseline","64"
"1","first-present","first-text","723","baseline","paired-2-baseline","64"
"1","startup-redraw","first-text","3668","baseline","paired-2-baseline","64"
"1","initial-ui-and-pane-layout","first-text","2","baseline","paired-2-baseline","64"
"1","initial-projection","first-text","37","baseline","paired-2-baseline","64"
"1","surface-acquire","first-text","38","baseline","paired-2-baseline","64"
"1","frame-texture-view","first-text","7","baseline","paired-2-baseline","64"
"1","instance-generation","first-text","0","baseline","paired-2-baseline","64"
"1","instance-buffer-writes","first-text","0","baseline","paired-2-baseline","64"
"1","buffer-create-upload","first-text","9","baseline","paired-2-baseline","64"
"1","render-encoding","first-text","103","baseline","paired-2-baseline","64"
"1","queue-submit","first-text","253","baseline","paired-2-baseline","64"
"1","pre-present-notify","first-text","0","baseline","paired-2-baseline","64"
"1","first-present","first-text","114","baseline","paired-2-baseline","64"
"1","startup-redraw","first-text","664","baseline","paired-2-baseline","64"
"1","initial-ui-and-pane-layout","first-text","1","baseline","paired-2-baseline","64"
"1","initial-projection","first-text","21","baseline","paired-2-baseline","64"
"1","surface-acquire","first-text","17","baseline","paired-2-baseline","64"
"1","frame-texture-view","first-text","3","baseline","paired-2-baseline","64"
"1","instance-generation","first-text","0","baseline","paired-2-baseline","64"
"1","instance-buffer-writes","first-text","0","baseline","paired-2-baseline","64"
"1","buffer-create-upload","first-text","9","baseline","paired-2-baseline","64"
"1","render-encoding","first-text","73","baseline","paired-2-baseline","64"
"1","queue-submit","first-text","97","baseline","paired-2-baseline","64"
"1","pre-present-notify","first-text","0","baseline","paired-2-baseline","64"
"1","first-present","first-text","116","baseline","paired-2-baseline","64"
"1","startup-redraw","first-text","441","baseline","paired-2-baseline","64"
"1","initial-ui-and-pane-layout","first-text","3","baseline","paired-2-baseline","64"
"1","initial-projection","first-text","30","baseline","paired-2-baseline","64"
"1","surface-acquire","first-text","40","baseline","paired-2-baseline","64"
"1","frame-texture-view","first-text","5","baseline","paired-2-baseline","64"
"1","instance-generation","first-text","7139","baseline","paired-2-baseline","64"
"1","instance-buffer-allocation","first-text","360","baseline","paired-2-baseline","64"
"1","instance-buffer-writes","first-text","302","baseline","paired-2-baseline","64"
"1","instance-buffer-writes","first-text","425","baseline","paired-2-baseline","64"
"1","buffer-create-upload","first-text","1178","baseline","paired-2-baseline","64"
"1","render-encoding","first-text","547","baseline","paired-2-baseline","64"
"1","queue-submit","first-text","740","baseline","paired-2-baseline","64"
"1","pre-present-notify","first-text","0","baseline","paired-2-baseline","64"
"1","first-present","first-text","236","baseline","paired-2-baseline","64"
"1","startup-redraw","first-text","10061","baseline","paired-2-baseline","64"
"1","cli-parse","first-frame","381","baseline","paired-3-baseline","65"
"1","event-loop-create","first-frame","3504","baseline","paired-3-baseline","65"
"1","application-default-state","first-frame","156","baseline","paired-3-baseline","65"
"1","application-state-and-paths","first-frame","189","baseline","paired-3-baseline","65"
"1","config-read-parse","first-frame","153","baseline","paired-3-baseline","65"
"1","workspace-model-and-runtimes","first-frame","8","baseline","paired-3-baseline","65"
"1","window-create-and-branding","first-frame","13204","baseline","paired-3-baseline","65"
"1","system-font-discovery","first-frame","26964","baseline","paired-3-baseline","65"
"1","font-family-resolution","first-frame","14","baseline","paired-3-baseline","65"
"1","fallback-candidate-ordering","first-frame","1283","baseline","paired-3-baseline","65"
"1","font-cache-setup","first-frame","3","baseline","paired-3-baseline","65"
"1","font-family-preparation","first-frame","28325","baseline","paired-3-baseline","65"
"1","font-metrics","first-frame","100","baseline","paired-3-baseline","65"
"1","wgpu-instance","first-frame","6178","baseline","paired-3-baseline","65"
"1","surface-create","first-frame","26","baseline","paired-3-baseline","65"
"1","adapter-request","first-frame","31893","baseline","paired-3-baseline","65"
"1","device-request","first-frame","43337","baseline","paired-3-baseline","65"
"1","surface-capabilities-and-config","first-frame","9","baseline","paired-3-baseline","65"
"1","surface-configure","first-frame","4067","baseline","paired-3-baseline","65"
"1","initial-grid-resize","first-frame","134","baseline","paired-3-baseline","65"
"1","initial-ui-and-pane-layout","first-frame","15","baseline","paired-3-baseline","65"
"1","initial-projection","first-frame","26","baseline","paired-3-baseline","65"
"1","surface-acquire","first-frame","42","baseline","paired-3-baseline","65"
"1","shader-module-create","first-frame","300","baseline","paired-3-baseline","65"
"1","glyph-bind-group-layout","first-frame","43","baseline","paired-3-baseline","65"
"1","shader-and-layout","first-frame","363","baseline","paired-3-baseline","65"
"1","rectangle-pipeline","first-frame","5712","baseline","paired-3-baseline","65"
"1","glyph-pipeline","first-frame","5094","baseline","paired-3-baseline","65"
"1","atlas-texture-create","first-frame","2580","baseline","paired-3-baseline","65"
"1","atlas-view-sampler-bind-group","first-frame","253","baseline","paired-3-baseline","65"
"1","glyph-atlas","first-frame","2903","baseline","paired-3-baseline","65"
"1","frame-texture-view","first-frame","8","baseline","paired-3-baseline","65"
"1","instance-generation","first-frame","3","baseline","paired-3-baseline","65"
"1","instance-buffer-allocation","first-frame","108","baseline","paired-3-baseline","65"
"1","instance-buffer-writes","first-frame","124","baseline","paired-3-baseline","65"
"1","buffer-create-upload","first-frame","269","baseline","paired-3-baseline","65"
"1","render-encoding","first-frame","709","baseline","paired-3-baseline","65"
"1","queue-submit","first-frame","1143","baseline","paired-3-baseline","65"
"1","pre-present-notify","first-frame","0","baseline","paired-3-baseline","65"
"1","first-present","first-frame","616","baseline","paired-3-baseline","65"
"1","startup-redraw","first-frame","17161","baseline","paired-3-baseline","65"
"1","initial-ui-and-pane-layout","first-text","3","baseline","paired-3-baseline","65"
"1","initial-projection","first-text","40","baseline","paired-3-baseline","65"
"1","surface-acquire","first-text","36","baseline","paired-3-baseline","65"
"1","frame-texture-view","first-text","5","baseline","paired-3-baseline","65"
"1","instance-generation","first-text","0","baseline","paired-3-baseline","65"
"1","instance-buffer-writes","first-text","0","baseline","paired-3-baseline","65"
"1","buffer-create-upload","first-text","11","baseline","paired-3-baseline","65"
"1","render-encoding","first-text","1115","baseline","paired-3-baseline","65"
"1","queue-submit","first-text","1117","baseline","paired-3-baseline","65"
"1","pre-present-notify","first-text","0","baseline","paired-3-baseline","65"
"1","first-present","first-text","894","baseline","paired-3-baseline","65"
"1","startup-redraw","first-text","3436","baseline","paired-3-baseline","65"
"1","initial-ui-and-pane-layout","first-text","2","baseline","paired-3-baseline","65"
"1","initial-projection","first-text","32","baseline","paired-3-baseline","65"
"1","surface-acquire","first-text","44","baseline","paired-3-baseline","65"
"1","frame-texture-view","first-text","6","baseline","paired-3-baseline","65"
"1","instance-generation","first-text","0","baseline","paired-3-baseline","65"
"1","instance-buffer-writes","first-text","0","baseline","paired-3-baseline","65"
"1","buffer-create-upload","first-text","9","baseline","paired-3-baseline","65"
"1","render-encoding","first-text","104","baseline","paired-3-baseline","65"
"1","queue-submit","first-text","213","baseline","paired-3-baseline","65"
"1","pre-present-notify","first-text","0","baseline","paired-3-baseline","65"
"1","first-present","first-text","119","baseline","paired-3-baseline","65"
"1","startup-redraw","first-text","625","baseline","paired-3-baseline","65"
"1","initial-ui-and-pane-layout","first-text","2","baseline","paired-3-baseline","65"
"1","initial-projection","first-text","23","baseline","paired-3-baseline","65"
"1","surface-acquire","first-text","21","baseline","paired-3-baseline","65"
"1","frame-texture-view","first-text","3","baseline","paired-3-baseline","65"
"1","instance-generation","first-text","0","baseline","paired-3-baseline","65"
"1","instance-buffer-writes","first-text","0","baseline","paired-3-baseline","65"
"1","buffer-create-upload","first-text","9","baseline","paired-3-baseline","65"
"1","render-encoding","first-text","140","baseline","paired-3-baseline","65"
"1","queue-submit","first-text","79","baseline","paired-3-baseline","65"
"1","pre-present-notify","first-text","0","baseline","paired-3-baseline","65"
"1","first-present","first-text","94","baseline","paired-3-baseline","65"
"1","startup-redraw","first-text","463","baseline","paired-3-baseline","65"
"1","initial-ui-and-pane-layout","first-text","5","baseline","paired-3-baseline","65"
"1","initial-projection","first-text","30","baseline","paired-3-baseline","65"
"1","surface-acquire","first-text","47","baseline","paired-3-baseline","65"
"1","frame-texture-view","first-text","6","baseline","paired-3-baseline","65"
"1","instance-generation","first-text","6370","baseline","paired-3-baseline","65"
"1","instance-buffer-allocation","first-text","110","baseline","paired-3-baseline","65"
"1","instance-buffer-writes","first-text","118","baseline","paired-3-baseline","65"
"1","instance-buffer-writes","first-text","160","baseline","paired-3-baseline","65"
"1","buffer-create-upload","first-text","442","baseline","paired-3-baseline","65"
"1","render-encoding","first-text","120","baseline","paired-3-baseline","65"
"1","queue-submit","first-text","213","baseline","paired-3-baseline","65"
"1","pre-present-notify","first-text","0","baseline","paired-3-baseline","65"
"1","first-present","first-text","170","baseline","paired-3-baseline","65"
"1","startup-redraw","first-text","7524","baseline","paired-3-baseline","65"
"1","cli-parse","first-frame","531","candidate","paired-3-candidate","66"
"1","event-loop-create","first-frame","4231","candidate","paired-3-candidate","66"
"1","application-default-state","first-frame","157","candidate","paired-3-candidate","66"
"1","application-state-and-paths","first-frame","193","candidate","paired-3-candidate","66"
"1","config-read-parse","first-frame","189","candidate","paired-3-candidate","66"
"1","workspace-model-and-runtimes","first-frame","9","candidate","paired-3-candidate","66"
"1","window-create-and-branding","first-frame","14698","candidate","paired-3-candidate","66"
"1","system-font-discovery","first-frame","26761","candidate","paired-3-candidate","66"
"1","font-family-resolution","first-frame","12","candidate","paired-3-candidate","66"
"1","fallback-candidate-ordering","first-frame","1127","candidate","paired-3-candidate","66"
"1","font-cache-setup","first-frame","3","candidate","paired-3-candidate","66"
"1","font-family-preparation","first-frame","27955","candidate","paired-3-candidate","66"
"1","font-metrics","first-frame","79","candidate","paired-3-candidate","66"
"1","wgpu-instance","first-frame","5738","candidate","paired-3-candidate","66"
"1","surface-create","first-frame","22","candidate","paired-3-candidate","66"
"1","adapter-request","first-frame","29160","candidate","paired-3-candidate","66"
"1","device-request","first-frame","42560","candidate","paired-3-candidate","66"
"1","surface-capabilities-and-config","first-frame","14","candidate","paired-3-candidate","66"
"1","surface-configure","first-frame","12543","candidate","paired-3-candidate","66"
"1","initial-grid-resize","first-frame","138","candidate","paired-3-candidate","66"
"1","initial-ui-and-pane-layout","first-frame","14","candidate","paired-3-candidate","66"
"1","initial-projection","first-frame","27","candidate","paired-3-candidate","66"
"1","surface-acquire","first-frame","38","candidate","paired-3-candidate","66"
"1","shader-module-create","first-frame","323","candidate","paired-3-candidate","66"
"1","shader-and-layout","first-frame","334","candidate","paired-3-candidate","66"
"1","rectangle-pipeline","first-frame","6011","candidate","paired-3-candidate","66"
"1","frame-texture-view","first-frame","19","candidate","paired-3-candidate","66"
"1","instance-generation","first-frame","2","candidate","paired-3-candidate","66"
"1","instance-buffer-allocation","first-frame","223","candidate","paired-3-candidate","66"
"1","instance-buffer-writes","first-frame","183","candidate","paired-3-candidate","66"
"1","buffer-create-upload","first-frame","453","candidate","paired-3-candidate","66"
"1","render-encoding","first-frame","434","candidate","paired-3-candidate","66"
"1","queue-submit","first-frame","289","candidate","paired-3-candidate","66"
"1","pre-present-notify","first-frame","0","candidate","paired-3-candidate","66"
"1","first-present","first-frame","303","candidate","paired-3-candidate","66"
"1","startup-redraw","first-frame","8047","candidate","paired-3-candidate","66"
"1","initial-ui-and-pane-layout","first-text","1","candidate","paired-3-candidate","66"
"1","initial-projection","first-text","25","candidate","paired-3-candidate","66"
"1","surface-acquire","first-text","36","candidate","paired-3-candidate","66"
"1","frame-texture-view","first-text","5","candidate","paired-3-candidate","66"
"1","instance-generation","first-text","3","candidate","paired-3-candidate","66"
"1","instance-buffer-writes","first-text","0","candidate","paired-3-candidate","66"
"1","buffer-create-upload","first-text","10","candidate","paired-3-candidate","66"
"1","render-encoding","first-text","761","candidate","paired-3-candidate","66"
"1","queue-submit","first-text","545","candidate","paired-3-candidate","66"
"1","pre-present-notify","first-text","0","candidate","paired-3-candidate","66"
"1","first-present","first-text","462","candidate","paired-3-candidate","66"
"1","startup-redraw","first-text","2033","candidate","paired-3-candidate","66"
"1","initial-ui-and-pane-layout","first-text","2","candidate","paired-3-candidate","66"
"1","initial-projection","first-text","18","candidate","paired-3-candidate","66"
"1","surface-acquire","first-text","36","candidate","paired-3-candidate","66"
"1","frame-texture-view","first-text","5","candidate","paired-3-candidate","66"
"1","instance-generation","first-text","0","candidate","paired-3-candidate","66"
"1","instance-buffer-writes","first-text","0","candidate","paired-3-candidate","66"
"1","buffer-create-upload","first-text","9","candidate","paired-3-candidate","66"
"1","render-encoding","first-text","105","candidate","paired-3-candidate","66"
"1","queue-submit","first-text","220","candidate","paired-3-candidate","66"
"1","pre-present-notify","first-text","0","candidate","paired-3-candidate","66"
"1","first-present","first-text","128","candidate","paired-3-candidate","66"
"1","startup-redraw","first-text","629","candidate","paired-3-candidate","66"
"1","initial-ui-and-pane-layout","first-text","1","candidate","paired-3-candidate","66"
"1","initial-projection","first-text","16","candidate","paired-3-candidate","66"
"1","surface-acquire","first-text","19","candidate","paired-3-candidate","66"
"1","frame-texture-view","first-text","4","candidate","paired-3-candidate","66"
"1","instance-generation","first-text","0","candidate","paired-3-candidate","66"
"1","instance-buffer-writes","first-text","0","candidate","paired-3-candidate","66"
"1","buffer-create-upload","first-text","10","candidate","paired-3-candidate","66"
"1","render-encoding","first-text","93","candidate","paired-3-candidate","66"
"1","queue-submit","first-text","152","candidate","paired-3-candidate","66"
"1","pre-present-notify","first-text","0","candidate","paired-3-candidate","66"
"1","first-present","first-text","104","candidate","paired-3-candidate","66"
"1","startup-redraw","first-text","497","candidate","paired-3-candidate","66"
"1","initial-ui-and-pane-layout","first-text","5","candidate","paired-3-candidate","66"
"1","initial-projection","first-text","31","candidate","paired-3-candidate","66"
"1","surface-acquire","first-text","51","candidate","paired-3-candidate","66"
"1","frame-texture-view","first-text","5","candidate","paired-3-candidate","66"
"1","glyph-bind-group-layout","first-text","48","candidate","paired-3-candidate","66"
"1","glyph-pipeline","first-text","7431","candidate","paired-3-candidate","66"
"1","atlas-texture-create","first-text","1985","candidate","paired-3-candidate","66"
"1","atlas-view-sampler-bind-group","first-text","248","candidate","paired-3-candidate","66"
"1","glyph-atlas","first-text","2276","candidate","paired-3-candidate","66"
"1","instance-generation","first-text","18612","candidate","paired-3-candidate","66"
"1","instance-buffer-allocation","first-text","140","candidate","paired-3-candidate","66"
"1","instance-buffer-writes","first-text","155","candidate","paired-3-candidate","66"
"1","instance-buffer-writes","first-text","214","candidate","paired-3-candidate","66"
"1","buffer-create-upload","first-text","551","candidate","paired-3-candidate","66"
"1","render-encoding","first-text","115","candidate","paired-3-candidate","66"
"1","queue-submit","first-text","198","candidate","paired-3-candidate","66"
"1","pre-present-notify","first-text","0","candidate","paired-3-candidate","66"
"1","first-present","first-text","145","candidate","paired-3-candidate","66"
"1","startup-redraw","first-text","19820","candidate","paired-3-candidate","66"
"1","cli-parse","first-frame","454","candidate","paired-4-candidate","67"
"1","event-loop-create","first-frame","3868","candidate","paired-4-candidate","67"
"1","application-default-state","first-frame","169","candidate","paired-4-candidate","67"
"1","application-state-and-paths","first-frame","208","candidate","paired-4-candidate","67"
"1","config-read-parse","first-frame","178","candidate","paired-4-candidate","67"
"1","workspace-model-and-runtimes","first-frame","11","candidate","paired-4-candidate","67"
"1","window-create-and-branding","first-frame","19049","candidate","paired-4-candidate","67"
"1","system-font-discovery","first-frame","29602","candidate","paired-4-candidate","67"
"1","font-family-resolution","first-frame","14","candidate","paired-4-candidate","67"
"1","fallback-candidate-ordering","first-frame","1179","candidate","paired-4-candidate","67"
"1","font-cache-setup","first-frame","4","candidate","paired-4-candidate","67"
"1","font-family-preparation","first-frame","30867","candidate","paired-4-candidate","67"
"1","font-metrics","first-frame","142","candidate","paired-4-candidate","67"
"1","wgpu-instance","first-frame","7121","candidate","paired-4-candidate","67"
"1","surface-create","first-frame","24","candidate","paired-4-candidate","67"
"1","adapter-request","first-frame","37736","candidate","paired-4-candidate","67"
"1","device-request","first-frame","56009","candidate","paired-4-candidate","67"
"1","surface-capabilities-and-config","first-frame","12","candidate","paired-4-candidate","67"
"1","surface-configure","first-frame","9082","candidate","paired-4-candidate","67"
"1","initial-grid-resize","first-frame","137","candidate","paired-4-candidate","67"
"1","initial-ui-and-pane-layout","first-frame","15","candidate","paired-4-candidate","67"
"1","initial-projection","first-frame","28","candidate","paired-4-candidate","67"
"1","surface-acquire","first-frame","76","candidate","paired-4-candidate","67"
"1","shader-module-create","first-frame","341","candidate","paired-4-candidate","67"
"1","shader-and-layout","first-frame","353","candidate","paired-4-candidate","67"
"1","rectangle-pipeline","first-frame","6553","candidate","paired-4-candidate","67"
"1","frame-texture-view","first-frame","34","candidate","paired-4-candidate","67"
"1","instance-generation","first-frame","4","candidate","paired-4-candidate","67"
"1","instance-buffer-allocation","first-frame","405","candidate","paired-4-candidate","67"
"1","instance-buffer-writes","first-frame","484","candidate","paired-4-candidate","67"
"1","buffer-create-upload","first-frame","941","candidate","paired-4-candidate","67"
"1","render-encoding","first-frame","727","candidate","paired-4-candidate","67"
"1","queue-submit","first-frame","466","candidate","paired-4-candidate","67"
"1","pre-present-notify","first-frame","0","candidate","paired-4-candidate","67"
"1","first-present","first-frame","457","candidate","paired-4-candidate","67"
"1","startup-redraw","first-frame","9843","candidate","paired-4-candidate","67"
"1","initial-ui-and-pane-layout","first-text","2","candidate","paired-4-candidate","67"
"1","initial-projection","first-text","38","candidate","paired-4-candidate","67"
"1","surface-acquire","first-text","40","candidate","paired-4-candidate","67"
"1","frame-texture-view","first-text","11","candidate","paired-4-candidate","67"
"1","instance-generation","first-text","0","candidate","paired-4-candidate","67"
"1","instance-buffer-writes","first-text","0","candidate","paired-4-candidate","67"
"1","buffer-create-upload","first-text","10","candidate","paired-4-candidate","67"
"1","render-encoding","first-text","887","candidate","paired-4-candidate","67"
"1","queue-submit","first-text","1582","candidate","paired-4-candidate","67"
"1","pre-present-notify","first-text","0","candidate","paired-4-candidate","67"
"1","first-present","first-text","1196","candidate","paired-4-candidate","67"
"1","startup-redraw","first-text","4044","candidate","paired-4-candidate","67"
"1","initial-ui-and-pane-layout","first-text","3","candidate","paired-4-candidate","67"
"1","initial-projection","first-text","29","candidate","paired-4-candidate","67"
"1","surface-acquire","first-text","38","candidate","paired-4-candidate","67"
"1","frame-texture-view","first-text","6","candidate","paired-4-candidate","67"
"1","instance-generation","first-text","0","candidate","paired-4-candidate","67"
"1","instance-buffer-writes","first-text","0","candidate","paired-4-candidate","67"
"1","buffer-create-upload","first-text","10","candidate","paired-4-candidate","67"
"1","render-encoding","first-text","111","candidate","paired-4-candidate","67"
"1","queue-submit","first-text","240","candidate","paired-4-candidate","67"
"1","pre-present-notify","first-text","0","candidate","paired-4-candidate","67"
"1","first-present","first-text","128","candidate","paired-4-candidate","67"
"1","startup-redraw","first-text","666","candidate","paired-4-candidate","67"
"1","initial-ui-and-pane-layout","first-text","2","candidate","paired-4-candidate","67"
"1","initial-projection","first-text","24","candidate","paired-4-candidate","67"
"1","surface-acquire","first-text","39","candidate","paired-4-candidate","67"
"1","frame-texture-view","first-text","6","candidate","paired-4-candidate","67"
"1","instance-generation","first-text","0","candidate","paired-4-candidate","67"
"1","instance-buffer-writes","first-text","0","candidate","paired-4-candidate","67"
"1","buffer-create-upload","first-text","14","candidate","paired-4-candidate","67"
"1","render-encoding","first-text","91","candidate","paired-4-candidate","67"
"1","queue-submit","first-text","110","candidate","paired-4-candidate","67"
"1","pre-present-notify","first-text","0","candidate","paired-4-candidate","67"
"1","first-present","first-text","121","candidate","paired-4-candidate","67"
"1","startup-redraw","first-text","537","candidate","paired-4-candidate","67"
"1","initial-ui-and-pane-layout","first-text","4","candidate","paired-4-candidate","67"
"1","initial-projection","first-text","43","candidate","paired-4-candidate","67"
"1","surface-acquire","first-text","47","candidate","paired-4-candidate","67"
"1","frame-texture-view","first-text","5","candidate","paired-4-candidate","67"
"1","glyph-bind-group-layout","first-text","50","candidate","paired-4-candidate","67"
"1","glyph-pipeline","first-text","6889","candidate","paired-4-candidate","67"
"1","atlas-texture-create","first-text","2970","candidate","paired-4-candidate","67"
"1","atlas-view-sampler-bind-group","first-text","428","candidate","paired-4-candidate","67"
"1","glyph-atlas","first-text","3467","candidate","paired-4-candidate","67"
"1","instance-generation","first-text","16836","candidate","paired-4-candidate","67"
"1","instance-buffer-allocation","first-text","94","candidate","paired-4-candidate","67"
"1","instance-buffer-writes","first-text","95","candidate","paired-4-candidate","67"
"1","instance-buffer-writes","first-text","144","candidate","paired-4-candidate","67"
"1","buffer-create-upload","first-text","369","candidate","paired-4-candidate","67"
"1","render-encoding","first-text","104","candidate","paired-4-candidate","67"
"1","queue-submit","first-text","143","candidate","paired-4-candidate","67"
"1","pre-present-notify","first-text","0","candidate","paired-4-candidate","67"
"1","first-present","first-text","148","candidate","paired-4-candidate","67"
"1","startup-redraw","first-text","17809","candidate","paired-4-candidate","67"
"1","cli-parse","first-frame","410","baseline","paired-4-baseline","68"
"1","event-loop-create","first-frame","3289","baseline","paired-4-baseline","68"
"1","application-default-state","first-frame","160","baseline","paired-4-baseline","68"
"1","application-state-and-paths","first-frame","197","baseline","paired-4-baseline","68"
"1","config-read-parse","first-frame","151","baseline","paired-4-baseline","68"
"1","workspace-model-and-runtimes","first-frame","9","baseline","paired-4-baseline","68"
"1","window-create-and-branding","first-frame","18054","baseline","paired-4-baseline","68"
"1","system-font-discovery","first-frame","28067","baseline","paired-4-baseline","68"
"1","font-family-resolution","first-frame","11","baseline","paired-4-baseline","68"
"1","fallback-candidate-ordering","first-frame","1221","baseline","paired-4-baseline","68"
"1","font-cache-setup","first-frame","3","baseline","paired-4-baseline","68"
"1","font-family-preparation","first-frame","29356","baseline","paired-4-baseline","68"
"1","font-metrics","first-frame","69","baseline","paired-4-baseline","68"
"1","wgpu-instance","first-frame","6422","baseline","paired-4-baseline","68"
"1","surface-create","first-frame","26","baseline","paired-4-baseline","68"
"1","adapter-request","first-frame","32228","baseline","paired-4-baseline","68"
"1","device-request","first-frame","39287","baseline","paired-4-baseline","68"
"1","surface-capabilities-and-config","first-frame","8","baseline","paired-4-baseline","68"
"1","surface-configure","first-frame","4508","baseline","paired-4-baseline","68"
"1","initial-grid-resize","first-frame","119","baseline","paired-4-baseline","68"
"1","initial-ui-and-pane-layout","first-frame","12","baseline","paired-4-baseline","68"
"1","initial-projection","first-frame","25","baseline","paired-4-baseline","68"
"1","surface-acquire","first-frame","40","baseline","paired-4-baseline","68"
"1","shader-module-create","first-frame","307","baseline","paired-4-baseline","68"
"1","glyph-bind-group-layout","first-frame","41","baseline","paired-4-baseline","68"
"1","shader-and-layout","first-frame","370","baseline","paired-4-baseline","68"
"1","rectangle-pipeline","first-frame","5392","baseline","paired-4-baseline","68"
"1","glyph-pipeline","first-frame","5380","baseline","paired-4-baseline","68"
"1","atlas-texture-create","first-frame","1661","baseline","paired-4-baseline","68"
"1","atlas-view-sampler-bind-group","first-frame","202","baseline","paired-4-baseline","68"
"1","glyph-atlas","first-frame","1897","baseline","paired-4-baseline","68"
"1","frame-texture-view","first-frame","7","baseline","paired-4-baseline","68"
"1","instance-generation","first-frame","2","baseline","paired-4-baseline","68"
"1","instance-buffer-allocation","first-frame","83","baseline","paired-4-baseline","68"
"1","instance-buffer-writes","first-frame","114","baseline","paired-4-baseline","68"
"1","buffer-create-upload","first-frame","230","baseline","paired-4-baseline","68"
"1","render-encoding","first-frame","490","baseline","paired-4-baseline","68"
"1","queue-submit","first-frame","339","baseline","paired-4-baseline","68"
"1","pre-present-notify","first-frame","0","baseline","paired-4-baseline","68"
"1","first-present","first-frame","359","baseline","paired-4-baseline","68"
"1","startup-redraw","first-frame","14703","baseline","paired-4-baseline","68"
"1","initial-ui-and-pane-layout","first-text","3","baseline","paired-4-baseline","68"
"1","initial-projection","first-text","39","baseline","paired-4-baseline","68"
"1","surface-acquire","first-text","35","baseline","paired-4-baseline","68"
"1","frame-texture-view","first-text","5","baseline","paired-4-baseline","68"
"1","instance-generation","first-text","0","baseline","paired-4-baseline","68"
"1","instance-buffer-writes","first-text","0","baseline","paired-4-baseline","68"
"1","buffer-create-upload","first-text","9","baseline","paired-4-baseline","68"
"1","render-encoding","first-text","808","baseline","paired-4-baseline","68"
"1","queue-submit","first-text","980","baseline","paired-4-baseline","68"
"1","pre-present-notify","first-text","0","baseline","paired-4-baseline","68"
"1","first-present","first-text","624","baseline","paired-4-baseline","68"
"1","startup-redraw","first-text","2669","baseline","paired-4-baseline","68"
"1","initial-ui-and-pane-layout","first-text","2","baseline","paired-4-baseline","68"
"1","initial-projection","first-text","19","baseline","paired-4-baseline","68"
"1","surface-acquire","first-text","36","baseline","paired-4-baseline","68"
"1","frame-texture-view","first-text","6","baseline","paired-4-baseline","68"
"1","instance-generation","first-text","0","baseline","paired-4-baseline","68"
"1","instance-buffer-writes","first-text","0","baseline","paired-4-baseline","68"
"1","buffer-create-upload","first-text","9","baseline","paired-4-baseline","68"
"1","render-encoding","first-text","105","baseline","paired-4-baseline","68"
"1","queue-submit","first-text","216","baseline","paired-4-baseline","68"
"1","pre-present-notify","first-text","0","baseline","paired-4-baseline","68"
"1","first-present","first-text","120","baseline","paired-4-baseline","68"
"1","startup-redraw","first-text","609","baseline","paired-4-baseline","68"
"1","initial-ui-and-pane-layout","first-text","1","baseline","paired-4-baseline","68"
"1","initial-projection","first-text","16","baseline","paired-4-baseline","68"
"1","surface-acquire","first-text","17","baseline","paired-4-baseline","68"
"1","frame-texture-view","first-text","3","baseline","paired-4-baseline","68"
"1","instance-generation","first-text","0","baseline","paired-4-baseline","68"
"1","instance-buffer-writes","first-text","0","baseline","paired-4-baseline","68"
"1","buffer-create-upload","first-text","10","baseline","paired-4-baseline","68"
"1","render-encoding","first-text","60","baseline","paired-4-baseline","68"
"1","queue-submit","first-text","108","baseline","paired-4-baseline","68"
"1","pre-present-notify","first-text","0","baseline","paired-4-baseline","68"
"1","first-present","first-text","80","baseline","paired-4-baseline","68"
"1","startup-redraw","first-text","387","baseline","paired-4-baseline","68"
"1","initial-ui-and-pane-layout","first-text","3","baseline","paired-4-baseline","68"
"1","initial-projection","first-text","29","baseline","paired-4-baseline","68"
"1","surface-acquire","first-text","36","baseline","paired-4-baseline","68"
"1","frame-texture-view","first-text","6","baseline","paired-4-baseline","68"
"1","instance-generation","first-text","6018","baseline","paired-4-baseline","68"
"1","instance-buffer-allocation","first-text","208","baseline","paired-4-baseline","68"
"1","instance-buffer-writes","first-text","139","baseline","paired-4-baseline","68"
"1","instance-buffer-writes","first-text","130","baseline","paired-4-baseline","68"
"1","buffer-create-upload","first-text","522","baseline","paired-4-baseline","68"
"1","render-encoding","first-text","112","baseline","paired-4-baseline","68"
"1","queue-submit","first-text","158","baseline","paired-4-baseline","68"
"1","pre-present-notify","first-text","0","baseline","paired-4-baseline","68"
"1","first-present","first-text","146","baseline","paired-4-baseline","68"
"1","startup-redraw","first-text","7140","baseline","paired-4-baseline","68"
"1","cli-parse","first-frame","473","baseline","paired-5-baseline","69"
"1","event-loop-create","first-frame","4277","baseline","paired-5-baseline","69"
"1","application-default-state","first-frame","158","baseline","paired-5-baseline","69"
"1","application-state-and-paths","first-frame","197","baseline","paired-5-baseline","69"
"1","config-read-parse","first-frame","174","baseline","paired-5-baseline","69"
"1","workspace-model-and-runtimes","first-frame","10","baseline","paired-5-baseline","69"
"1","window-create-and-branding","first-frame","19556","baseline","paired-5-baseline","69"
"1","system-font-discovery","first-frame","30025","baseline","paired-5-baseline","69"
"1","font-family-resolution","first-frame","13","baseline","paired-5-baseline","69"
"1","fallback-candidate-ordering","first-frame","1077","baseline","paired-5-baseline","69"
"1","font-cache-setup","first-frame","5","baseline","paired-5-baseline","69"
"1","font-family-preparation","first-frame","31179","baseline","paired-5-baseline","69"
"1","font-metrics","first-frame","100","baseline","paired-5-baseline","69"
"1","wgpu-instance","first-frame","7438","baseline","paired-5-baseline","69"
"1","surface-create","first-frame","35","baseline","paired-5-baseline","69"
"1","adapter-request","first-frame","41934","baseline","paired-5-baseline","69"
"1","device-request","first-frame","46364","baseline","paired-5-baseline","69"
"1","surface-capabilities-and-config","first-frame","10","baseline","paired-5-baseline","69"
"1","surface-configure","first-frame","5485","baseline","paired-5-baseline","69"
"1","initial-grid-resize","first-frame","228","baseline","paired-5-baseline","69"
"1","initial-ui-and-pane-layout","first-frame","19","baseline","paired-5-baseline","69"
"1","initial-projection","first-frame","20","baseline","paired-5-baseline","69"
"1","surface-acquire","first-frame","60","baseline","paired-5-baseline","69"
"1","shader-module-create","first-frame","343","baseline","paired-5-baseline","69"
"1","glyph-bind-group-layout","first-frame","51","baseline","paired-5-baseline","69"
"1","shader-and-layout","first-frame","414","baseline","paired-5-baseline","69"
"1","rectangle-pipeline","first-frame","5478","baseline","paired-5-baseline","69"
"1","glyph-pipeline","first-frame","6499","baseline","paired-5-baseline","69"
"1","atlas-texture-create","first-frame","2648","baseline","paired-5-baseline","69"
"1","atlas-view-sampler-bind-group","first-frame","444","baseline","paired-5-baseline","69"
"1","glyph-atlas","first-frame","3178","baseline","paired-5-baseline","69"
"1","frame-texture-view","first-frame","17","baseline","paired-5-baseline","69"
"1","instance-generation","first-frame","3","baseline","paired-5-baseline","69"
"1","instance-buffer-allocation","first-frame","340","baseline","paired-5-baseline","69"
"1","instance-buffer-writes","first-frame","424","baseline","paired-5-baseline","69"
"1","buffer-create-upload","first-frame","845","baseline","paired-5-baseline","69"
"1","render-encoding","first-frame","917","baseline","paired-5-baseline","69"
"1","queue-submit","first-frame","461","baseline","paired-5-baseline","69"
"1","pre-present-notify","first-frame","0","baseline","paired-5-baseline","69"
"1","first-present","first-frame","532","baseline","paired-5-baseline","69"
"1","startup-redraw","first-frame","18648","baseline","paired-5-baseline","69"
"1","initial-ui-and-pane-layout","first-text","14","baseline","paired-5-baseline","69"
"1","initial-projection","first-text","71","baseline","paired-5-baseline","69"
"1","surface-acquire","first-text","69","baseline","paired-5-baseline","69"
"1","frame-texture-view","first-text","8","baseline","paired-5-baseline","69"
"1","instance-generation","first-text","1","baseline","paired-5-baseline","69"
"1","instance-buffer-writes","first-text","0","baseline","paired-5-baseline","69"
"1","buffer-create-upload","first-text","14","baseline","paired-5-baseline","69"
"1","render-encoding","first-text","1792","baseline","paired-5-baseline","69"
"1","queue-submit","first-text","1306","baseline","paired-5-baseline","69"
"1","pre-present-notify","first-text","0","baseline","paired-5-baseline","69"
"1","first-present","first-text","589","baseline","paired-5-baseline","69"
"1","startup-redraw","first-text","4082","baseline","paired-5-baseline","69"
"1","initial-ui-and-pane-layout","first-text","3","baseline","paired-5-baseline","69"
"1","initial-projection","first-text","51","baseline","paired-5-baseline","69"
"1","surface-acquire","first-text","45","baseline","paired-5-baseline","69"
"1","frame-texture-view","first-text","8","baseline","paired-5-baseline","69"
"1","instance-generation","first-text","0","baseline","paired-5-baseline","69"
"1","instance-buffer-writes","first-text","0","baseline","paired-5-baseline","69"
"1","buffer-create-upload","first-text","10","baseline","paired-5-baseline","69"
"1","render-encoding","first-text","137","baseline","paired-5-baseline","69"
"1","queue-submit","first-text","380","baseline","paired-5-baseline","69"
"1","pre-present-notify","first-text","0","baseline","paired-5-baseline","69"
"1","first-present","first-text","193","baseline","paired-5-baseline","69"
"1","startup-redraw","first-text","940","baseline","paired-5-baseline","69"
"1","initial-ui-and-pane-layout","first-text","1","baseline","paired-5-baseline","69"
"1","initial-projection","first-text","20","baseline","paired-5-baseline","69"
"1","surface-acquire","first-text","26","baseline","paired-5-baseline","69"
"1","frame-texture-view","first-text","4","baseline","paired-5-baseline","69"
"1","instance-generation","first-text","0","baseline","paired-5-baseline","69"
"1","instance-buffer-writes","first-text","0","baseline","paired-5-baseline","69"
"1","buffer-create-upload","first-text","10","baseline","paired-5-baseline","69"
"1","render-encoding","first-text","183","baseline","paired-5-baseline","69"
"1","queue-submit","first-text","120","baseline","paired-5-baseline","69"
"1","pre-present-notify","first-text","0","baseline","paired-5-baseline","69"
"1","first-present","first-text","129","baseline","paired-5-baseline","69"
"1","startup-redraw","first-text","594","baseline","paired-5-baseline","69"
"1","initial-ui-and-pane-layout","first-text","3","baseline","paired-5-baseline","69"
"1","initial-projection","first-text","31","baseline","paired-5-baseline","69"
"1","surface-acquire","first-text","38","baseline","paired-5-baseline","69"
"1","frame-texture-view","first-text","5","baseline","paired-5-baseline","69"
"1","instance-generation","first-text","8284","baseline","paired-5-baseline","69"
"1","instance-buffer-allocation","first-text","163","baseline","paired-5-baseline","69"
"1","instance-buffer-writes","first-text","144","baseline","paired-5-baseline","69"
"1","instance-buffer-writes","first-text","301","baseline","paired-5-baseline","69"
"1","buffer-create-upload","first-text","666","baseline","paired-5-baseline","69"
"1","render-encoding","first-text","162","baseline","paired-5-baseline","69"
"1","queue-submit","first-text","190","baseline","paired-5-baseline","69"
"1","pre-present-notify","first-text","0","baseline","paired-5-baseline","69"
"1","first-present","first-text","190","baseline","paired-5-baseline","69"
"1","startup-redraw","first-text","9694","baseline","paired-5-baseline","69"
"1","cli-parse","first-frame","536","candidate","paired-5-candidate","70"
"1","event-loop-create","first-frame","3904","candidate","paired-5-candidate","70"
"1","application-default-state","first-frame","145","candidate","paired-5-candidate","70"
"1","application-state-and-paths","first-frame","178","candidate","paired-5-candidate","70"
"1","config-read-parse","first-frame","159","candidate","paired-5-candidate","70"
"1","workspace-model-and-runtimes","first-frame","8","candidate","paired-5-candidate","70"
"1","window-create-and-branding","first-frame","14805","candidate","paired-5-candidate","70"
"1","system-font-discovery","first-frame","25080","candidate","paired-5-candidate","70"
"1","font-family-resolution","first-frame","15","candidate","paired-5-candidate","70"
"1","fallback-candidate-ordering","first-frame","1249","candidate","paired-5-candidate","70"
"1","font-cache-setup","first-frame","3","candidate","paired-5-candidate","70"
"1","font-family-preparation","first-frame","26405","candidate","paired-5-candidate","70"
"1","font-metrics","first-frame","66","candidate","paired-5-candidate","70"
"1","wgpu-instance","first-frame","6433","candidate","paired-5-candidate","70"
"1","surface-create","first-frame","28","candidate","paired-5-candidate","70"
"1","adapter-request","first-frame","31182","candidate","paired-5-candidate","70"
"1","device-request","first-frame","45619","candidate","paired-5-candidate","70"
"1","surface-capabilities-and-config","first-frame","8","candidate","paired-5-candidate","70"
"1","surface-configure","first-frame","5373","candidate","paired-5-candidate","70"
"1","initial-grid-resize","first-frame","114","candidate","paired-5-candidate","70"
"1","initial-ui-and-pane-layout","first-frame","34","candidate","paired-5-candidate","70"
"1","initial-projection","first-frame","48","candidate","paired-5-candidate","70"
"1","surface-acquire","first-frame","63","candidate","paired-5-candidate","70"
"1","shader-module-create","first-frame","365","candidate","paired-5-candidate","70"
"1","shader-and-layout","first-frame","379","candidate","paired-5-candidate","70"
"1","rectangle-pipeline","first-frame","5451","candidate","paired-5-candidate","70"
"1","frame-texture-view","first-frame","17","candidate","paired-5-candidate","70"
"1","instance-generation","first-frame","3","candidate","paired-5-candidate","70"
"1","instance-buffer-allocation","first-frame","196","candidate","paired-5-candidate","70"
"1","instance-buffer-writes","first-frame","179","candidate","paired-5-candidate","70"
"1","buffer-create-upload","first-frame","408","candidate","paired-5-candidate","70"
"1","render-encoding","first-frame","537","candidate","paired-5-candidate","70"
"1","queue-submit","first-frame","308","candidate","paired-5-candidate","70"
"1","pre-present-notify","first-frame","0","candidate","paired-5-candidate","70"
"1","first-present","first-frame","400","candidate","paired-5-candidate","70"
"1","startup-redraw","first-frame","7861","candidate","paired-5-candidate","70"
"1","initial-ui-and-pane-layout","first-text","3","candidate","paired-5-candidate","70"
"1","initial-projection","first-text","39","candidate","paired-5-candidate","70"
"1","surface-acquire","first-text","41","candidate","paired-5-candidate","70"
"1","frame-texture-view","first-text","5","candidate","paired-5-candidate","70"
"1","instance-generation","first-text","0","candidate","paired-5-candidate","70"
"1","instance-buffer-writes","first-text","0","candidate","paired-5-candidate","70"
"1","buffer-create-upload","first-text","10","candidate","paired-5-candidate","70"
"1","render-encoding","first-text","1099","candidate","paired-5-candidate","70"
"1","queue-submit","first-text","1065","candidate","paired-5-candidate","70"
"1","pre-present-notify","first-text","0","candidate","paired-5-candidate","70"
"1","first-present","first-text","566","candidate","paired-5-candidate","70"
"1","startup-redraw","first-text","3076","candidate","paired-5-candidate","70"
"1","initial-ui-and-pane-layout","first-text","2","candidate","paired-5-candidate","70"
"1","initial-projection","first-text","17","candidate","paired-5-candidate","70"
"1","surface-acquire","first-text","37","candidate","paired-5-candidate","70"
"1","frame-texture-view","first-text","5","candidate","paired-5-candidate","70"
"1","instance-generation","first-text","0","candidate","paired-5-candidate","70"
"1","instance-buffer-writes","first-text","0","candidate","paired-5-candidate","70"
"1","buffer-create-upload","first-text","9","candidate","paired-5-candidate","70"
"1","render-encoding","first-text","107","candidate","paired-5-candidate","70"
"1","queue-submit","first-text","254","candidate","paired-5-candidate","70"
"1","pre-present-notify","first-text","0","candidate","paired-5-candidate","70"
"1","first-present","first-text","126","candidate","paired-5-candidate","70"
"1","startup-redraw","first-text","655","candidate","paired-5-candidate","70"
"1","initial-ui-and-pane-layout","first-text","3","candidate","paired-5-candidate","70"
"1","initial-projection","first-text","24","candidate","paired-5-candidate","70"
"1","surface-acquire","first-text","22","candidate","paired-5-candidate","70"
"1","frame-texture-view","first-text","4","candidate","paired-5-candidate","70"
"1","instance-generation","first-text","0","candidate","paired-5-candidate","70"
"1","instance-buffer-writes","first-text","0","candidate","paired-5-candidate","70"
"1","buffer-create-upload","first-text","9","candidate","paired-5-candidate","70"
"1","render-encoding","first-text","89","candidate","paired-5-candidate","70"
"1","queue-submit","first-text","86","candidate","paired-5-candidate","70"
"1","pre-present-notify","first-text","0","candidate","paired-5-candidate","70"
"1","first-present","first-text","96","candidate","paired-5-candidate","70"
"1","startup-redraw","first-text","424","candidate","paired-5-candidate","70"
"1","initial-ui-and-pane-layout","first-text","3","candidate","paired-5-candidate","70"
"1","initial-projection","first-text","43","candidate","paired-5-candidate","70"
"1","surface-acquire","first-text","53","candidate","paired-5-candidate","70"
"1","frame-texture-view","first-text","6","candidate","paired-5-candidate","70"
"1","glyph-bind-group-layout","first-text","50","candidate","paired-5-candidate","70"
"1","glyph-pipeline","first-text","6476","candidate","paired-5-candidate","70"
"1","atlas-texture-create","first-text","2459","candidate","paired-5-candidate","70"
"1","atlas-view-sampler-bind-group","first-text","274","candidate","paired-5-candidate","70"
"1","glyph-atlas","first-text","2780","candidate","paired-5-candidate","70"
"1","instance-generation","first-text","16372","candidate","paired-5-candidate","70"
"1","instance-buffer-allocation","first-text","155","candidate","paired-5-candidate","70"
"1","instance-buffer-writes","first-text","153","candidate","paired-5-candidate","70"
"1","instance-buffer-writes","first-text","161","candidate","paired-5-candidate","70"
"1","buffer-create-upload","first-text","514","candidate","paired-5-candidate","70"
"1","render-encoding","first-text","90","candidate","paired-5-candidate","70"
"1","queue-submit","first-text","167","candidate","paired-5-candidate","70"
"1","pre-present-notify","first-text","0","candidate","paired-5-candidate","70"
"1","first-present","first-text","125","candidate","paired-5-candidate","70"
"1","startup-redraw","first-text","17479","candidate","paired-5-candidate","70"
"1","cli-parse","first-frame","448","candidate","paired-6-candidate","71"
"1","event-loop-create","first-frame","4398","candidate","paired-6-candidate","71"
"1","application-default-state","first-frame","147","candidate","paired-6-candidate","71"
"1","application-state-and-paths","first-frame","181","candidate","paired-6-candidate","71"
"1","config-read-parse","first-frame","164","candidate","paired-6-candidate","71"
"1","workspace-model-and-runtimes","first-frame","10","candidate","paired-6-candidate","71"
"1","window-create-and-branding","first-frame","13552","candidate","paired-6-candidate","71"
"1","system-font-discovery","first-frame","26134","candidate","paired-6-candidate","71"
"1","font-family-resolution","first-frame","12","candidate","paired-6-candidate","71"
"1","fallback-candidate-ordering","first-frame","1213","candidate","paired-6-candidate","71"
"1","font-cache-setup","first-frame","3","candidate","paired-6-candidate","71"
"1","font-family-preparation","first-frame","27417","candidate","paired-6-candidate","71"
"1","font-metrics","first-frame","87","candidate","paired-6-candidate","71"
"1","wgpu-instance","first-frame","5918","candidate","paired-6-candidate","71"
"1","surface-create","first-frame","23","candidate","paired-6-candidate","71"
"1","adapter-request","first-frame","29132","candidate","paired-6-candidate","71"
"1","device-request","first-frame","36631","candidate","paired-6-candidate","71"
"1","surface-capabilities-and-config","first-frame","8","candidate","paired-6-candidate","71"
"1","surface-configure","first-frame","4373","candidate","paired-6-candidate","71"
"1","initial-grid-resize","first-frame","116","candidate","paired-6-candidate","71"
"1","initial-ui-and-pane-layout","first-frame","15","candidate","paired-6-candidate","71"
"1","initial-projection","first-frame","24","candidate","paired-6-candidate","71"
"1","surface-acquire","first-frame","67","candidate","paired-6-candidate","71"
"1","shader-module-create","first-frame","311","candidate","paired-6-candidate","71"
"1","shader-and-layout","first-frame","321","candidate","paired-6-candidate","71"
"1","rectangle-pipeline","first-frame","5356","candidate","paired-6-candidate","71"
"1","frame-texture-view","first-frame","38","candidate","paired-6-candidate","71"
"1","instance-generation","first-frame","5","candidate","paired-6-candidate","71"
"1","instance-buffer-allocation","first-frame","198","candidate","paired-6-candidate","71"
"1","instance-buffer-writes","first-frame","204","candidate","paired-6-candidate","71"
"1","buffer-create-upload","first-frame","442","candidate","paired-6-candidate","71"
"1","render-encoding","first-frame","537","candidate","paired-6-candidate","71"
"1","queue-submit","first-frame","352","candidate","paired-6-candidate","71"
"1","pre-present-notify","first-frame","0","candidate","paired-6-candidate","71"
"1","first-present","first-frame","329","candidate","paired-6-candidate","71"
"1","startup-redraw","first-frame","7753","candidate","paired-6-candidate","71"
"1","initial-ui-and-pane-layout","first-text","8","candidate","paired-6-candidate","71"
"1","initial-projection","first-text","64","candidate","paired-6-candidate","71"
"1","surface-acquire","first-text","58","candidate","paired-6-candidate","71"
"1","frame-texture-view","first-text","11","candidate","paired-6-candidate","71"
"1","instance-generation","first-text","1","candidate","paired-6-candidate","71"
"1","instance-buffer-writes","first-text","0","candidate","paired-6-candidate","71"
"1","buffer-create-upload","first-text","19","candidate","paired-6-candidate","71"
"1","render-encoding","first-text","1714","candidate","paired-6-candidate","71"
"1","queue-submit","first-text","1780","candidate","paired-6-candidate","71"
"1","pre-present-notify","first-text","0","candidate","paired-6-candidate","71"
"1","first-present","first-text","1011","candidate","paired-6-candidate","71"
"1","startup-redraw","first-text","5070","candidate","paired-6-candidate","71"
"1","initial-ui-and-pane-layout","first-text","5","candidate","paired-6-candidate","71"
"1","initial-projection","first-text","41","candidate","paired-6-candidate","71"
"1","surface-acquire","first-text","65","candidate","paired-6-candidate","71"
"1","frame-texture-view","first-text","11","candidate","paired-6-candidate","71"
"1","instance-generation","first-text","1","candidate","paired-6-candidate","71"
"1","instance-buffer-writes","first-text","0","candidate","paired-6-candidate","71"
"1","buffer-create-upload","first-text","19","candidate","paired-6-candidate","71"
"1","render-encoding","first-text","168","candidate","paired-6-candidate","71"
"1","queue-submit","first-text","440","candidate","paired-6-candidate","71"
"1","pre-present-notify","first-text","0","candidate","paired-6-candidate","71"
"1","first-present","first-text","323","candidate","paired-6-candidate","71"
"1","startup-redraw","first-text","1280","candidate","paired-6-candidate","71"
"1","initial-ui-and-pane-layout","first-text","3","candidate","paired-6-candidate","71"
"1","initial-projection","first-text","34","candidate","paired-6-candidate","71"
"1","surface-acquire","first-text","51","candidate","paired-6-candidate","71"
"1","frame-texture-view","first-text","13","candidate","paired-6-candidate","71"
"1","instance-generation","first-text","1","candidate","paired-6-candidate","71"
"1","instance-buffer-writes","first-text","0","candidate","paired-6-candidate","71"
"1","buffer-create-upload","first-text","16","candidate","paired-6-candidate","71"
"1","render-encoding","first-text","170","candidate","paired-6-candidate","71"
"1","queue-submit","first-text","219","candidate","paired-6-candidate","71"
"1","pre-present-notify","first-text","0","candidate","paired-6-candidate","71"
"1","first-present","first-text","279","candidate","paired-6-candidate","71"
"1","startup-redraw","first-text","986","candidate","paired-6-candidate","71"
"1","initial-ui-and-pane-layout","first-text","4","candidate","paired-6-candidate","71"
"1","initial-projection","first-text","36","candidate","paired-6-candidate","71"
"1","surface-acquire","first-text","52","candidate","paired-6-candidate","71"
"1","frame-texture-view","first-text","7","candidate","paired-6-candidate","71"
"1","glyph-bind-group-layout","first-text","57","candidate","paired-6-candidate","71"
"1","glyph-pipeline","first-text","10215","candidate","paired-6-candidate","71"
"1","atlas-texture-create","first-text","2737","candidate","paired-6-candidate","71"
"1","atlas-view-sampler-bind-group","first-text","537","candidate","paired-6-candidate","71"
"1","glyph-atlas","first-text","3378","candidate","paired-6-candidate","71"
"1","instance-generation","first-text","28044","candidate","paired-6-candidate","71"
"1","instance-buffer-allocation","first-text","165","candidate","paired-6-candidate","71"
"1","instance-buffer-writes","first-text","753","candidate","paired-6-candidate","71"
"1","instance-buffer-writes","first-text","350","candidate","paired-6-candidate","71"
"1","buffer-create-upload","first-text","1366","candidate","paired-6-candidate","71"
"1","render-encoding","first-text","155","candidate","paired-6-candidate","71"
"1","queue-submit","first-text","284","candidate","paired-6-candidate","71"
"1","pre-present-notify","first-text","0","candidate","paired-6-candidate","71"
"1","first-present","first-text","378","candidate","paired-6-candidate","71"
"1","startup-redraw","first-text","30481","candidate","paired-6-candidate","71"
"1","cli-parse","first-frame","429","baseline","paired-6-baseline","72"
"1","event-loop-create","first-frame","3750","baseline","paired-6-baseline","72"
"1","application-default-state","first-frame","133","baseline","paired-6-baseline","72"
"1","application-state-and-paths","first-frame","165","baseline","paired-6-baseline","72"
"1","config-read-parse","first-frame","231","baseline","paired-6-baseline","72"
"1","workspace-model-and-runtimes","first-frame","9","baseline","paired-6-baseline","72"
"1","window-create-and-branding","first-frame","12082","baseline","paired-6-baseline","72"
"1","system-font-discovery","first-frame","26004","baseline","paired-6-baseline","72"
"1","font-family-resolution","first-frame","10","baseline","paired-6-baseline","72"
"1","fallback-candidate-ordering","first-frame","1070","baseline","paired-6-baseline","72"
"1","font-cache-setup","first-frame","10","baseline","paired-6-baseline","72"
"1","font-family-preparation","first-frame","27141","baseline","paired-6-baseline","72"
"1","font-metrics","first-frame","57","baseline","paired-6-baseline","72"
"1","wgpu-instance","first-frame","5864","baseline","paired-6-baseline","72"
"1","surface-create","first-frame","58","baseline","paired-6-baseline","72"
"1","adapter-request","first-frame","31611","baseline","paired-6-baseline","72"
"1","device-request","first-frame","38378","baseline","paired-6-baseline","72"
"1","surface-capabilities-and-config","first-frame","9","baseline","paired-6-baseline","72"
"1","surface-configure","first-frame","4324","baseline","paired-6-baseline","72"
"1","initial-grid-resize","first-frame","117","baseline","paired-6-baseline","72"
"1","initial-ui-and-pane-layout","first-frame","2","baseline","paired-6-baseline","72"
"1","initial-projection","first-frame","22","baseline","paired-6-baseline","72"
"1","surface-acquire","first-frame","48","baseline","paired-6-baseline","72"
"1","shader-module-create","first-frame","309","baseline","paired-6-baseline","72"
"1","glyph-bind-group-layout","first-frame","47","baseline","paired-6-baseline","72"
"1","shader-and-layout","first-frame","379","baseline","paired-6-baseline","72"
"1","rectangle-pipeline","first-frame","5202","baseline","paired-6-baseline","72"
"1","glyph-pipeline","first-frame","5578","baseline","paired-6-baseline","72"
"1","atlas-texture-create","first-frame","1275","baseline","paired-6-baseline","72"
"1","atlas-view-sampler-bind-group","first-frame","247","baseline","paired-6-baseline","72"
"1","glyph-atlas","first-frame","1562","baseline","paired-6-baseline","72"
"1","frame-texture-view","first-frame","10","baseline","paired-6-baseline","72"
"1","instance-generation","first-frame","3","baseline","paired-6-baseline","72"
"1","instance-buffer-allocation","first-frame","104","baseline","paired-6-baseline","72"
"1","instance-buffer-writes","first-frame","130","baseline","paired-6-baseline","72"
"1","buffer-create-upload","first-frame","270","baseline","paired-6-baseline","72"
"1","render-encoding","first-frame","533","baseline","paired-6-baseline","72"
"1","queue-submit","first-frame","347","baseline","paired-6-baseline","72"
"1","pre-present-notify","first-frame","0","baseline","paired-6-baseline","72"
"1","first-present","first-frame","349","baseline","paired-6-baseline","72"
"1","startup-redraw","first-frame","14483","baseline","paired-6-baseline","72"
"1","initial-ui-and-pane-layout","first-text","5","baseline","paired-6-baseline","72"
"1","initial-projection","first-text","59","baseline","paired-6-baseline","72"
"1","surface-acquire","first-text","65","baseline","paired-6-baseline","72"
"1","frame-texture-view","first-text","8","baseline","paired-6-baseline","72"
"1","instance-generation","first-text","1","baseline","paired-6-baseline","72"
"1","instance-buffer-writes","first-text","0","baseline","paired-6-baseline","72"
"1","buffer-create-upload","first-text","12","baseline","paired-6-baseline","72"
"1","render-encoding","first-text","1077","baseline","paired-6-baseline","72"
"1","queue-submit","first-text","968","baseline","paired-6-baseline","72"
"1","pre-present-notify","first-text","0","baseline","paired-6-baseline","72"
"1","first-present","first-text","638","baseline","paired-6-baseline","72"
"1","startup-redraw","first-text","3039","baseline","paired-6-baseline","72"
"1","initial-ui-and-pane-layout","first-text","2","baseline","paired-6-baseline","72"
"1","initial-projection","first-text","19","baseline","paired-6-baseline","72"
"1","surface-acquire","first-text","32","baseline","paired-6-baseline","72"
"1","frame-texture-view","first-text","5","baseline","paired-6-baseline","72"
"1","instance-generation","first-text","0","baseline","paired-6-baseline","72"
"1","instance-buffer-writes","first-text","0","baseline","paired-6-baseline","72"
"1","buffer-create-upload","first-text","9","baseline","paired-6-baseline","72"
"1","render-encoding","first-text","115","baseline","paired-6-baseline","72"
"1","queue-submit","first-text","219","baseline","paired-6-baseline","72"
"1","pre-present-notify","first-text","0","baseline","paired-6-baseline","72"
"1","first-present","first-text","119","baseline","paired-6-baseline","72"
"1","startup-redraw","first-text","617","baseline","paired-6-baseline","72"
"1","initial-ui-and-pane-layout","first-text","2","baseline","paired-6-baseline","72"
"1","initial-projection","first-text","25","baseline","paired-6-baseline","72"
"1","surface-acquire","first-text","23","baseline","paired-6-baseline","72"
"1","frame-texture-view","first-text","7","baseline","paired-6-baseline","72"
"1","instance-generation","first-text","1","baseline","paired-6-baseline","72"
"1","instance-buffer-writes","first-text","0","baseline","paired-6-baseline","72"
"1","buffer-create-upload","first-text","9","baseline","paired-6-baseline","72"
"1","render-encoding","first-text","146","baseline","paired-6-baseline","72"
"1","queue-submit","first-text","110","baseline","paired-6-baseline","72"
"1","pre-present-notify","first-text","0","baseline","paired-6-baseline","72"
"1","first-present","first-text","110","baseline","paired-6-baseline","72"
"1","startup-redraw","first-text","542","baseline","paired-6-baseline","72"
"1","initial-ui-and-pane-layout","first-text","4","baseline","paired-6-baseline","72"
"1","initial-projection","first-text","32","baseline","paired-6-baseline","72"
"1","surface-acquire","first-text","39","baseline","paired-6-baseline","72"
"1","frame-texture-view","first-text","6","baseline","paired-6-baseline","72"
"1","instance-generation","first-text","5938","baseline","paired-6-baseline","72"
"1","instance-buffer-allocation","first-text","118","baseline","paired-6-baseline","72"
"1","instance-buffer-writes","first-text","137","baseline","paired-6-baseline","72"
"1","instance-buffer-writes","first-text","127","baseline","paired-6-baseline","72"
"1","buffer-create-upload","first-text","435","baseline","paired-6-baseline","72"
"1","render-encoding","first-text","117","baseline","paired-6-baseline","72"
"1","queue-submit","first-text","154","baseline","paired-6-baseline","72"
"1","pre-present-notify","first-text","0","baseline","paired-6-baseline","72"
"1","first-present","first-text","152","baseline","paired-6-baseline","72"
"1","startup-redraw","first-text","6985","baseline","paired-6-baseline","72"
"1","cli-parse","first-frame","416","baseline","paired-7-baseline","73"
"1","event-loop-create","first-frame","3821","baseline","paired-7-baseline","73"
"1","application-default-state","first-frame","141","baseline","paired-7-baseline","73"
"1","application-state-and-paths","first-frame","211","baseline","paired-7-baseline","73"
"1","config-read-parse","first-frame","136","baseline","paired-7-baseline","73"
"1","workspace-model-and-runtimes","first-frame","8","baseline","paired-7-baseline","73"
"1","window-create-and-branding","first-frame","13451","baseline","paired-7-baseline","73"
"1","system-font-discovery","first-frame","26566","baseline","paired-7-baseline","73"
"1","font-family-resolution","first-frame","14","baseline","paired-7-baseline","73"
"1","fallback-candidate-ordering","first-frame","2019","baseline","paired-7-baseline","73"
"1","font-cache-setup","first-frame","6","baseline","paired-7-baseline","73"
"1","font-family-preparation","first-frame","28686","baseline","paired-7-baseline","73"
"1","font-metrics","first-frame","116","baseline","paired-7-baseline","73"
"1","wgpu-instance","first-frame","6885","baseline","paired-7-baseline","73"
"1","surface-create","first-frame","26","baseline","paired-7-baseline","73"
"1","adapter-request","first-frame","31103","baseline","paired-7-baseline","73"
"1","device-request","first-frame","36554","baseline","paired-7-baseline","73"
"1","surface-capabilities-and-config","first-frame","9","baseline","paired-7-baseline","73"
"1","surface-configure","first-frame","4536","baseline","paired-7-baseline","73"
"1","initial-grid-resize","first-frame","118","baseline","paired-7-baseline","73"
"1","initial-ui-and-pane-layout","first-frame","28","baseline","paired-7-baseline","73"
"1","initial-projection","first-frame","24","baseline","paired-7-baseline","73"
"1","surface-acquire","first-frame","40","baseline","paired-7-baseline","73"
"1","shader-module-create","first-frame","291","baseline","paired-7-baseline","73"
"1","glyph-bind-group-layout","first-frame","40","baseline","paired-7-baseline","73"
"1","shader-and-layout","first-frame","351","baseline","paired-7-baseline","73"
"1","rectangle-pipeline","first-frame","5092","baseline","paired-7-baseline","73"
"1","glyph-pipeline","first-frame","5477","baseline","paired-7-baseline","73"
"1","atlas-texture-create","first-frame","1464","baseline","paired-7-baseline","73"
"1","atlas-view-sampler-bind-group","first-frame","181","baseline","paired-7-baseline","73"
"1","glyph-atlas","first-frame","1690","baseline","paired-7-baseline","73"
"1","frame-texture-view","first-frame","9","baseline","paired-7-baseline","73"
"1","instance-generation","first-frame","3","baseline","paired-7-baseline","73"
"1","instance-buffer-allocation","first-frame","118","baseline","paired-7-baseline","73"
"1","instance-buffer-writes","first-frame","146","baseline","paired-7-baseline","73"
"1","buffer-create-upload","first-frame","302","baseline","paired-7-baseline","73"
"1","render-encoding","first-frame","438","baseline","paired-7-baseline","73"
"1","queue-submit","first-frame","451","baseline","paired-7-baseline","73"
"1","pre-present-notify","first-frame","0","baseline","paired-7-baseline","73"
"1","first-present","first-frame","301","baseline","paired-7-baseline","73"
"1","startup-redraw","first-frame","14350","baseline","paired-7-baseline","73"
"1","initial-ui-and-pane-layout","first-text","2","baseline","paired-7-baseline","73"
"1","initial-projection","first-text","33","baseline","paired-7-baseline","73"
"1","surface-acquire","first-text","35","baseline","paired-7-baseline","73"
"1","frame-texture-view","first-text","5","baseline","paired-7-baseline","73"
"1","instance-generation","first-text","0","baseline","paired-7-baseline","73"
"1","instance-buffer-writes","first-text","0","baseline","paired-7-baseline","73"
"1","buffer-create-upload","first-text","10","baseline","paired-7-baseline","73"
"1","render-encoding","first-text","744","baseline","paired-7-baseline","73"
"1","queue-submit","first-text","561","baseline","paired-7-baseline","73"
"1","pre-present-notify","first-text","0","baseline","paired-7-baseline","73"
"1","first-present","first-text","508","baseline","paired-7-baseline","73"
"1","startup-redraw","first-text","2048","baseline","paired-7-baseline","73"
"1","initial-ui-and-pane-layout","first-text","2","baseline","paired-7-baseline","73"
"1","initial-projection","first-text","19","baseline","paired-7-baseline","73"
"1","surface-acquire","first-text","33","baseline","paired-7-baseline","73"
"1","frame-texture-view","first-text","5","baseline","paired-7-baseline","73"
"1","instance-generation","first-text","0","baseline","paired-7-baseline","73"
"1","instance-buffer-writes","first-text","0","baseline","paired-7-baseline","73"
"1","buffer-create-upload","first-text","10","baseline","paired-7-baseline","73"
"1","render-encoding","first-text","108","baseline","paired-7-baseline","73"
"1","queue-submit","first-text","237","baseline","paired-7-baseline","73"
"1","pre-present-notify","first-text","0","baseline","paired-7-baseline","73"
"1","first-present","first-text","121","baseline","paired-7-baseline","73"
"1","startup-redraw","first-text","630","baseline","paired-7-baseline","73"
"1","initial-ui-and-pane-layout","first-text","3","baseline","paired-7-baseline","73"
"1","initial-projection","first-text","24","baseline","paired-7-baseline","73"
"1","surface-acquire","first-text","24","baseline","paired-7-baseline","73"
"1","frame-texture-view","first-text","4","baseline","paired-7-baseline","73"
"1","instance-generation","first-text","0","baseline","paired-7-baseline","73"
"1","instance-buffer-writes","first-text","0","baseline","paired-7-baseline","73"
"1","buffer-create-upload","first-text","9","baseline","paired-7-baseline","73"
"1","render-encoding","first-text","93","baseline","paired-7-baseline","73"
"1","queue-submit","first-text","105","baseline","paired-7-baseline","73"
"1","pre-present-notify","first-text","0","baseline","paired-7-baseline","73"
"1","first-present","first-text","109","baseline","paired-7-baseline","73"
"1","startup-redraw","first-text","468","baseline","paired-7-baseline","73"
"1","initial-ui-and-pane-layout","first-text","2","baseline","paired-7-baseline","73"
"1","initial-projection","first-text","21","baseline","paired-7-baseline","73"
"1","surface-acquire","first-text","36","baseline","paired-7-baseline","73"
"1","frame-texture-view","first-text","5","baseline","paired-7-baseline","73"
"1","instance-generation","first-text","5601","baseline","paired-7-baseline","73"
"1","instance-buffer-allocation","first-text","87","baseline","paired-7-baseline","73"
"1","instance-buffer-writes","first-text","77","baseline","paired-7-baseline","73"
"1","instance-buffer-writes","first-text","100","baseline","paired-7-baseline","73"
"1","buffer-create-upload","first-text","300","baseline","paired-7-baseline","73"
"1","render-encoding","first-text","101","baseline","paired-7-baseline","73"
"1","queue-submit","first-text","144","baseline","paired-7-baseline","73"
"1","pre-present-notify","first-text","0","baseline","paired-7-baseline","73"
"1","first-present","first-text","141","baseline","paired-7-baseline","73"
"1","startup-redraw","first-text","6456","baseline","paired-7-baseline","73"
"1","cli-parse","first-frame","425","candidate","paired-7-candidate","74"
"1","event-loop-create","first-frame","4012","candidate","paired-7-candidate","74"
"1","application-default-state","first-frame","189","candidate","paired-7-candidate","74"
"1","application-state-and-paths","first-frame","225","candidate","paired-7-candidate","74"
"1","config-read-parse","first-frame","163","candidate","paired-7-candidate","74"
"1","workspace-model-and-runtimes","first-frame","9","candidate","paired-7-candidate","74"
"1","window-create-and-branding","first-frame","13253","candidate","paired-7-candidate","74"
"1","system-font-discovery","first-frame","22723","candidate","paired-7-candidate","74"
"1","font-family-resolution","first-frame","11","candidate","paired-7-candidate","74"
"1","fallback-candidate-ordering","first-frame","1042","candidate","paired-7-candidate","74"
"1","font-cache-setup","first-frame","2","candidate","paired-7-candidate","74"
"1","font-family-preparation","first-frame","23826","candidate","paired-7-candidate","74"
"1","font-metrics","first-frame","50","candidate","paired-7-candidate","74"
"1","wgpu-instance","first-frame","6027","candidate","paired-7-candidate","74"
"1","surface-create","first-frame","23","candidate","paired-7-candidate","74"
"1","adapter-request","first-frame","33303","candidate","paired-7-candidate","74"
"1","device-request","first-frame","39928","candidate","paired-7-candidate","74"
"1","surface-capabilities-and-config","first-frame","8","candidate","paired-7-candidate","74"
"1","surface-configure","first-frame","3937","candidate","paired-7-candidate","74"
"1","initial-grid-resize","first-frame","111","candidate","paired-7-candidate","74"
"1","initial-ui-and-pane-layout","first-frame","12","candidate","paired-7-candidate","74"
"1","initial-projection","first-frame","45","candidate","paired-7-candidate","74"
"1","surface-acquire","first-frame","34","candidate","paired-7-candidate","74"
"1","shader-module-create","first-frame","318","candidate","paired-7-candidate","74"
"1","shader-and-layout","first-frame","328","candidate","paired-7-candidate","74"
"1","rectangle-pipeline","first-frame","4448","candidate","paired-7-candidate","74"
"1","frame-texture-view","first-frame","14","candidate","paired-7-candidate","74"
"1","instance-generation","first-frame","2","candidate","paired-7-candidate","74"
"1","instance-buffer-allocation","first-frame","120","candidate","paired-7-candidate","74"
"1","instance-buffer-writes","first-frame","522","candidate","paired-7-candidate","74"
"1","buffer-create-upload","first-frame","678","candidate","paired-7-candidate","74"
"1","render-encoding","first-frame","451","candidate","paired-7-candidate","74"
"1","queue-submit","first-frame","321","candidate","paired-7-candidate","74"
"1","pre-present-notify","first-frame","0","candidate","paired-7-candidate","74"
"1","first-present","first-frame","486","candidate","paired-7-candidate","74"
"1","startup-redraw","first-frame","6956","candidate","paired-7-candidate","74"
"1","initial-ui-and-pane-layout","first-text","4","candidate","paired-7-candidate","74"
"1","initial-projection","first-text","39","candidate","paired-7-candidate","74"
"1","surface-acquire","first-text","41","candidate","paired-7-candidate","74"
"1","frame-texture-view","first-text","5","candidate","paired-7-candidate","74"
"1","instance-generation","first-text","0","candidate","paired-7-candidate","74"
"1","instance-buffer-writes","first-text","0","candidate","paired-7-candidate","74"
"1","buffer-create-upload","first-text","12","candidate","paired-7-candidate","74"
"1","render-encoding","first-text","1280","candidate","paired-7-candidate","74"
"1","queue-submit","first-text","1136","candidate","paired-7-candidate","74"
"1","pre-present-notify","first-text","0","candidate","paired-7-candidate","74"
"1","first-present","first-text","661","candidate","paired-7-candidate","74"
"1","startup-redraw","first-text","3440","candidate","paired-7-candidate","74"
"1","initial-ui-and-pane-layout","first-text","2","candidate","paired-7-candidate","74"
"1","initial-projection","first-text","19","candidate","paired-7-candidate","74"
"1","surface-acquire","first-text","37","candidate","paired-7-candidate","74"
"1","frame-texture-view","first-text","5","candidate","paired-7-candidate","74"
"1","instance-generation","first-text","0","candidate","paired-7-candidate","74"
"1","instance-buffer-writes","first-text","0","candidate","paired-7-candidate","74"
"1","buffer-create-upload","first-text","9","candidate","paired-7-candidate","74"
"1","render-encoding","first-text","134","candidate","paired-7-candidate","74"
"1","queue-submit","first-text","247","candidate","paired-7-candidate","74"
"1","pre-present-notify","first-text","0","candidate","paired-7-candidate","74"
"1","first-present","first-text","148","candidate","paired-7-candidate","74"
"1","startup-redraw","first-text","700","candidate","paired-7-candidate","74"
"1","initial-ui-and-pane-layout","first-text","1","candidate","paired-7-candidate","74"
"1","initial-projection","first-text","21","candidate","paired-7-candidate","74"
"1","surface-acquire","first-text","22","candidate","paired-7-candidate","74"
"1","frame-texture-view","first-text","4","candidate","paired-7-candidate","74"
"1","instance-generation","first-text","0","candidate","paired-7-candidate","74"
"1","instance-buffer-writes","first-text","0","candidate","paired-7-candidate","74"
"1","buffer-create-upload","first-text","9","candidate","paired-7-candidate","74"
"1","render-encoding","first-text","76","candidate","paired-7-candidate","74"
"1","queue-submit","first-text","132","candidate","paired-7-candidate","74"
"1","pre-present-notify","first-text","0","candidate","paired-7-candidate","74"
"1","first-present","first-text","113","candidate","paired-7-candidate","74"
"1","startup-redraw","first-text","472","candidate","paired-7-candidate","74"
"1","initial-ui-and-pane-layout","first-text","2","candidate","paired-7-candidate","74"
"1","initial-projection","first-text","26","candidate","paired-7-candidate","74"
"1","surface-acquire","first-text","34","candidate","paired-7-candidate","74"
"1","frame-texture-view","first-text","4","candidate","paired-7-candidate","74"
"1","glyph-bind-group-layout","first-text","37","candidate","paired-7-candidate","74"
"1","glyph-pipeline","first-text","5811","candidate","paired-7-candidate","74"
"1","atlas-texture-create","first-text","1407","candidate","paired-7-candidate","74"
"1","atlas-view-sampler-bind-group","first-text","186","candidate","paired-7-candidate","74"
"1","glyph-atlas","first-text","1649","candidate","paired-7-candidate","74"
"1","instance-generation","first-text","12305","candidate","paired-7-candidate","74"
"1","instance-buffer-allocation","first-text","156","candidate","paired-7-candidate","74"
"1","instance-buffer-writes","first-text","128","candidate","paired-7-candidate","74"
"1","instance-buffer-writes","first-text","157","candidate","paired-7-candidate","74"
"1","buffer-create-upload","first-text","495","candidate","paired-7-candidate","74"
"1","render-encoding","first-text","268","candidate","paired-7-candidate","74"
"1","queue-submit","first-text","413","candidate","paired-7-candidate","74"
"1","pre-present-notify","first-text","0","candidate","paired-7-candidate","74"
"1","first-present","first-text","142","candidate","paired-7-candidate","74"
"1","startup-redraw","first-text","13795","candidate","paired-7-candidate","74"
"1","cli-parse","first-frame","384","candidate","paired-8-candidate","75"
"1","event-loop-create","first-frame","3495","candidate","paired-8-candidate","75"
"1","application-default-state","first-frame","137","candidate","paired-8-candidate","75"
"1","application-state-and-paths","first-frame","174","candidate","paired-8-candidate","75"
"1","config-read-parse","first-frame","159","candidate","paired-8-candidate","75"
"1","workspace-model-and-runtimes","first-frame","8","candidate","paired-8-candidate","75"
"1","window-create-and-branding","first-frame","13043","candidate","paired-8-candidate","75"
"1","system-font-discovery","first-frame","23881","candidate","paired-8-candidate","75"
"1","font-family-resolution","first-frame","11","candidate","paired-8-candidate","75"
"1","fallback-candidate-ordering","first-frame","1073","candidate","paired-8-candidate","75"
"1","font-cache-setup","first-frame","3","candidate","paired-8-candidate","75"
"1","font-family-preparation","first-frame","25015","candidate","paired-8-candidate","75"
"1","font-metrics","first-frame","47","candidate","paired-8-candidate","75"
"1","wgpu-instance","first-frame","6341","candidate","paired-8-candidate","75"
"1","surface-create","first-frame","31","candidate","paired-8-candidate","75"
"1","adapter-request","first-frame","30882","candidate","paired-8-candidate","75"
"1","device-request","first-frame","35582","candidate","paired-8-candidate","75"
"1","surface-capabilities-and-config","first-frame","12","candidate","paired-8-candidate","75"
"1","surface-configure","first-frame","4272","candidate","paired-8-candidate","75"
"1","initial-grid-resize","first-frame","107","candidate","paired-8-candidate","75"
"1","initial-ui-and-pane-layout","first-frame","3","candidate","paired-8-candidate","75"
"1","initial-projection","first-frame","24","candidate","paired-8-candidate","75"
"1","surface-acquire","first-frame","35","candidate","paired-8-candidate","75"
"1","shader-module-create","first-frame","298","candidate","paired-8-candidate","75"
"1","shader-and-layout","first-frame","307","candidate","paired-8-candidate","75"
"1","rectangle-pipeline","first-frame","4335","candidate","paired-8-candidate","75"
"1","frame-texture-view","first-frame","13","candidate","paired-8-candidate","75"
"1","instance-generation","first-frame","2","candidate","paired-8-candidate","75"
"1","instance-buffer-allocation","first-frame","227","candidate","paired-8-candidate","75"
"1","instance-buffer-writes","first-frame","200","candidate","paired-8-candidate","75"
"1","buffer-create-upload","first-frame","467","candidate","paired-8-candidate","75"
"1","render-encoding","first-frame","457","candidate","paired-8-candidate","75"
"1","queue-submit","first-frame","296","candidate","paired-8-candidate","75"
"1","pre-present-notify","first-frame","0","candidate","paired-8-candidate","75"
"1","first-present","first-frame","280","candidate","paired-8-candidate","75"
"1","startup-redraw","first-frame","6390","candidate","paired-8-candidate","75"
"1","initial-ui-and-pane-layout","first-text","3","candidate","paired-8-candidate","75"
"1","initial-projection","first-text","49","candidate","paired-8-candidate","75"
"1","surface-acquire","first-text","37","candidate","paired-8-candidate","75"
"1","frame-texture-view","first-text","6","candidate","paired-8-candidate","75"
"1","instance-generation","first-text","0","candidate","paired-8-candidate","75"
"1","instance-buffer-writes","first-text","0","candidate","paired-8-candidate","75"
"1","buffer-create-upload","first-text","10","candidate","paired-8-candidate","75"
"1","render-encoding","first-text","766","candidate","paired-8-candidate","75"
"1","queue-submit","first-text","663","candidate","paired-8-candidate","75"
"1","pre-present-notify","first-text","0","candidate","paired-8-candidate","75"
"1","first-present","first-text","618","candidate","paired-8-candidate","75"
"1","startup-redraw","first-text","2423","candidate","paired-8-candidate","75"
"1","initial-ui-and-pane-layout","first-text","2","candidate","paired-8-candidate","75"
"1","initial-projection","first-text","16","candidate","paired-8-candidate","75"
"1","surface-acquire","first-text","34","candidate","paired-8-candidate","75"
"1","frame-texture-view","first-text","5","candidate","paired-8-candidate","75"
"1","instance-generation","first-text","0","candidate","paired-8-candidate","75"
"1","instance-buffer-writes","first-text","0","candidate","paired-8-candidate","75"
"1","buffer-create-upload","first-text","10","candidate","paired-8-candidate","75"
"1","render-encoding","first-text","90","candidate","paired-8-candidate","75"
"1","queue-submit","first-text","175","candidate","paired-8-candidate","75"
"1","pre-present-notify","first-text","0","candidate","paired-8-candidate","75"
"1","first-present","first-text","111","candidate","paired-8-candidate","75"
"1","startup-redraw","first-text","542","candidate","paired-8-candidate","75"
"1","initial-ui-and-pane-layout","first-text","1","candidate","paired-8-candidate","75"
"1","initial-projection","first-text","20","candidate","paired-8-candidate","75"
"1","surface-acquire","first-text","23","candidate","paired-8-candidate","75"
"1","frame-texture-view","first-text","3","candidate","paired-8-candidate","75"
"1","instance-generation","first-text","0","candidate","paired-8-candidate","75"
"1","instance-buffer-writes","first-text","0","candidate","paired-8-candidate","75"
"1","buffer-create-upload","first-text","10","candidate","paired-8-candidate","75"
"1","render-encoding","first-text","62","candidate","paired-8-candidate","75"
"1","queue-submit","first-text","72","candidate","paired-8-candidate","75"
"1","pre-present-notify","first-text","0","candidate","paired-8-candidate","75"
"1","first-present","first-text","85","candidate","paired-8-candidate","75"
"1","startup-redraw","first-text","371","candidate","paired-8-candidate","75"
"1","initial-ui-and-pane-layout","first-text","2","candidate","paired-8-candidate","75"
"1","initial-projection","first-text","21","candidate","paired-8-candidate","75"
"1","surface-acquire","first-text","35","candidate","paired-8-candidate","75"
"1","frame-texture-view","first-text","5","candidate","paired-8-candidate","75"
"1","glyph-bind-group-layout","first-text","39","candidate","paired-8-candidate","75"
"1","glyph-pipeline","first-text","5818","candidate","paired-8-candidate","75"
"1","atlas-texture-create","first-text","1272","candidate","paired-8-candidate","75"
"1","atlas-view-sampler-bind-group","first-text","168","candidate","paired-8-candidate","75"
"1","glyph-atlas","first-text","1485","candidate","paired-8-candidate","75"
"1","instance-generation","first-text","12959","candidate","paired-8-candidate","75"
"1","instance-buffer-allocation","first-text","106","candidate","paired-8-candidate","75"
"1","instance-buffer-writes","first-text","151","candidate","paired-8-candidate","75"
"1","instance-buffer-writes","first-text","100","candidate","paired-8-candidate","75"
"1","buffer-create-upload","first-text","405","candidate","paired-8-candidate","75"
"1","render-encoding","first-text","107","candidate","paired-8-candidate","75"
"1","queue-submit","first-text","147","candidate","paired-8-candidate","75"
"1","pre-present-notify","first-text","0","candidate","paired-8-candidate","75"
"1","first-present","first-text","145","candidate","paired-8-candidate","75"
"1","startup-redraw","first-text","13931","candidate","paired-8-candidate","75"
"1","cli-parse","first-frame","425","baseline","paired-8-baseline","76"
"1","event-loop-create","first-frame","3931","baseline","paired-8-baseline","76"
"1","application-default-state","first-frame","140","baseline","paired-8-baseline","76"
"1","application-state-and-paths","first-frame","172","baseline","paired-8-baseline","76"
"1","config-read-parse","first-frame","156","baseline","paired-8-baseline","76"
"1","workspace-model-and-runtimes","first-frame","8","baseline","paired-8-baseline","76"
"1","window-create-and-branding","first-frame","12710","baseline","paired-8-baseline","76"
"1","system-font-discovery","first-frame","24102","baseline","paired-8-baseline","76"
"1","font-family-resolution","first-frame","12","baseline","paired-8-baseline","76"
"1","fallback-candidate-ordering","first-frame","1260","baseline","paired-8-baseline","76"
"1","font-cache-setup","first-frame","4","baseline","paired-8-baseline","76"
"1","font-family-preparation","first-frame","25437","baseline","paired-8-baseline","76"
"1","font-metrics","first-frame","124","baseline","paired-8-baseline","76"
"1","wgpu-instance","first-frame","5842","baseline","paired-8-baseline","76"
"1","surface-create","first-frame","24","baseline","paired-8-baseline","76"
"1","adapter-request","first-frame","33883","baseline","paired-8-baseline","76"
"1","device-request","first-frame","38327","baseline","paired-8-baseline","76"
"1","surface-capabilities-and-config","first-frame","9","baseline","paired-8-baseline","76"
"1","surface-configure","first-frame","4986","baseline","paired-8-baseline","76"
"1","initial-grid-resize","first-frame","141","baseline","paired-8-baseline","76"
"1","initial-ui-and-pane-layout","first-frame","16","baseline","paired-8-baseline","76"
"1","initial-projection","first-frame","29","baseline","paired-8-baseline","76"
"1","surface-acquire","first-frame","48","baseline","paired-8-baseline","76"
"1","shader-module-create","first-frame","361","baseline","paired-8-baseline","76"
"1","glyph-bind-group-layout","first-frame","58","baseline","paired-8-baseline","76"
"1","shader-and-layout","first-frame","448","baseline","paired-8-baseline","76"
"1","rectangle-pipeline","first-frame","5249","baseline","paired-8-baseline","76"
"1","glyph-pipeline","first-frame","6370","baseline","paired-8-baseline","76"
"1","atlas-texture-create","first-frame","1295","baseline","paired-8-baseline","76"
"1","atlas-view-sampler-bind-group","first-frame","220","baseline","paired-8-baseline","76"
"1","glyph-atlas","first-frame","1565","baseline","paired-8-baseline","76"
"1","frame-texture-view","first-frame","12","baseline","paired-8-baseline","76"
"1","instance-generation","first-frame","3","baseline","paired-8-baseline","76"
"1","instance-buffer-allocation","first-frame","131","baseline","paired-8-baseline","76"
"1","instance-buffer-writes","first-frame","259","baseline","paired-8-baseline","76"
"1","buffer-create-upload","first-frame","418","baseline","paired-8-baseline","76"
"1","render-encoding","first-frame","624","baseline","paired-8-baseline","76"
"1","queue-submit","first-frame","434","baseline","paired-8-baseline","76"
"1","pre-present-notify","first-frame","0","baseline","paired-8-baseline","76"
"1","first-present","first-frame","370","baseline","paired-8-baseline","76"
"1","startup-redraw","first-frame","15783","baseline","paired-8-baseline","76"
"1","initial-ui-and-pane-layout","first-text","6","baseline","paired-8-baseline","76"
"1","initial-projection","first-text","35","baseline","paired-8-baseline","76"
"1","surface-acquire","first-text","48","baseline","paired-8-baseline","76"
"1","frame-texture-view","first-text","7","baseline","paired-8-baseline","76"
"1","instance-generation","first-text","0","baseline","paired-8-baseline","76"
"1","instance-buffer-writes","first-text","0","baseline","paired-8-baseline","76"
"1","buffer-create-upload","first-text","12","baseline","paired-8-baseline","76"
"1","render-encoding","first-text","1051","baseline","paired-8-baseline","76"
"1","queue-submit","first-text","785","baseline","paired-8-baseline","76"
"1","pre-present-notify","first-text","0","baseline","paired-8-baseline","76"
"1","first-present","first-text","651","baseline","paired-8-baseline","76"
"1","startup-redraw","first-text","2785","baseline","paired-8-baseline","76"
"1","initial-ui-and-pane-layout","first-text","2","baseline","paired-8-baseline","76"
"1","initial-projection","first-text","18","baseline","paired-8-baseline","76"
"1","surface-acquire","first-text","36","baseline","paired-8-baseline","76"
"1","frame-texture-view","first-text","6","baseline","paired-8-baseline","76"
"1","instance-generation","first-text","0","baseline","paired-8-baseline","76"
"1","instance-buffer-writes","first-text","0","baseline","paired-8-baseline","76"
"1","buffer-create-upload","first-text","10","baseline","paired-8-baseline","76"
"1","render-encoding","first-text","104","baseline","paired-8-baseline","76"
"1","queue-submit","first-text","216","baseline","paired-8-baseline","76"
"1","pre-present-notify","first-text","0","baseline","paired-8-baseline","76"
"1","first-present","first-text","127","baseline","paired-8-baseline","76"
"1","startup-redraw","first-text","615","baseline","paired-8-baseline","76"
"1","initial-ui-and-pane-layout","first-text","1","baseline","paired-8-baseline","76"
"1","initial-projection","first-text","17","baseline","paired-8-baseline","76"
"1","surface-acquire","first-text","21","baseline","paired-8-baseline","76"
"1","frame-texture-view","first-text","4","baseline","paired-8-baseline","76"
"1","instance-generation","first-text","0","baseline","paired-8-baseline","76"
"1","instance-buffer-writes","first-text","0","baseline","paired-8-baseline","76"
"1","buffer-create-upload","first-text","9","baseline","paired-8-baseline","76"
"1","render-encoding","first-text","91","baseline","paired-8-baseline","76"
"1","queue-submit","first-text","88","baseline","paired-8-baseline","76"
"1","pre-present-notify","first-text","0","baseline","paired-8-baseline","76"
"1","first-present","first-text","125","baseline","paired-8-baseline","76"
"1","startup-redraw","first-text","459","baseline","paired-8-baseline","76"
"1","initial-ui-and-pane-layout","first-text","4","baseline","paired-8-baseline","76"
"1","initial-projection","first-text","24","baseline","paired-8-baseline","76"
"1","surface-acquire","first-text","43","baseline","paired-8-baseline","76"
"1","frame-texture-view","first-text","6","baseline","paired-8-baseline","76"
"1","instance-generation","first-text","6824","baseline","paired-8-baseline","76"
"1","instance-buffer-allocation","first-text","143","baseline","paired-8-baseline","76"
"1","instance-buffer-writes","first-text","109","baseline","paired-8-baseline","76"
"1","instance-buffer-writes","first-text","128","baseline","paired-8-baseline","76"
"1","buffer-create-upload","first-text","427","baseline","paired-8-baseline","76"
"1","render-encoding","first-text","109","baseline","paired-8-baseline","76"
"1","queue-submit","first-text","151","baseline","paired-8-baseline","76"
"1","pre-present-notify","first-text","0","baseline","paired-8-baseline","76"
"1","first-present","first-text","136","baseline","paired-8-baseline","76"
"1","startup-redraw","first-text","7841","baseline","paired-8-baseline","76"
"1","cli-parse","first-frame","393","baseline","paired-9-baseline","77"
"1","event-loop-create","first-frame","3861","baseline","paired-9-baseline","77"
"1","application-default-state","first-frame","139","baseline","paired-9-baseline","77"
"1","application-state-and-paths","first-frame","176","baseline","paired-9-baseline","77"
"1","config-read-parse","first-frame","159","baseline","paired-9-baseline","77"
"1","workspace-model-and-runtimes","first-frame","8","baseline","paired-9-baseline","77"
"1","window-create-and-branding","first-frame","11813","baseline","paired-9-baseline","77"
"1","system-font-discovery","first-frame","26720","baseline","paired-9-baseline","77"
"1","font-family-resolution","first-frame","12","baseline","paired-9-baseline","77"
"1","fallback-candidate-ordering","first-frame","1233","baseline","paired-9-baseline","77"
"1","font-cache-setup","first-frame","3","baseline","paired-9-baseline","77"
"1","font-family-preparation","first-frame","28023","baseline","paired-9-baseline","77"
"1","font-metrics","first-frame","80","baseline","paired-9-baseline","77"
"1","wgpu-instance","first-frame","7087","baseline","paired-9-baseline","77"
"1","surface-create","first-frame","27","baseline","paired-9-baseline","77"
"1","adapter-request","first-frame","33126","baseline","paired-9-baseline","77"
"1","device-request","first-frame","38272","baseline","paired-9-baseline","77"
"1","surface-capabilities-and-config","first-frame","9","baseline","paired-9-baseline","77"
"1","surface-configure","first-frame","4698","baseline","paired-9-baseline","77"
"1","initial-grid-resize","first-frame","124","baseline","paired-9-baseline","77"
"1","initial-ui-and-pane-layout","first-frame","2","baseline","paired-9-baseline","77"
"1","initial-projection","first-frame","22","baseline","paired-9-baseline","77"
"1","surface-acquire","first-frame","44","baseline","paired-9-baseline","77"
"1","shader-module-create","first-frame","317","baseline","paired-9-baseline","77"
"1","glyph-bind-group-layout","first-frame","48","baseline","paired-9-baseline","77"
"1","shader-and-layout","first-frame","389","baseline","paired-9-baseline","77"
"1","rectangle-pipeline","first-frame","5760","baseline","paired-9-baseline","77"
"1","glyph-pipeline","first-frame","5764","baseline","paired-9-baseline","77"
"1","atlas-texture-create","first-frame","1236","baseline","paired-9-baseline","77"
"1","atlas-view-sampler-bind-group","first-frame","333","baseline","paired-9-baseline","77"
"1","glyph-atlas","first-frame","1616","baseline","paired-9-baseline","77"
"1","frame-texture-view","first-frame","13","baseline","paired-9-baseline","77"
"1","instance-generation","first-frame","3","baseline","paired-9-baseline","77"
"1","instance-buffer-allocation","first-frame","141","baseline","paired-9-baseline","77"
"1","instance-buffer-writes","first-frame","258","baseline","paired-9-baseline","77"
"1","buffer-create-upload","first-frame","465","baseline","paired-9-baseline","77"
"1","render-encoding","first-frame","574","baseline","paired-9-baseline","77"
"1","queue-submit","first-frame","341","baseline","paired-9-baseline","77"
"1","pre-present-notify","first-frame","0","baseline","paired-9-baseline","77"
"1","first-present","first-frame","570","baseline","paired-9-baseline","77"
"1","startup-redraw","first-frame","15792","baseline","paired-9-baseline","77"
"1","initial-ui-and-pane-layout","first-text","6","baseline","paired-9-baseline","77"
"1","initial-projection","first-text","66","baseline","paired-9-baseline","77"
"1","surface-acquire","first-text","66","baseline","paired-9-baseline","77"
"1","frame-texture-view","first-text","8","baseline","paired-9-baseline","77"
"1","instance-generation","first-text","1","baseline","paired-9-baseline","77"
"1","instance-buffer-writes","first-text","0","baseline","paired-9-baseline","77"
"1","buffer-create-upload","first-text","17","baseline","paired-9-baseline","77"
"1","render-encoding","first-text","1182","baseline","paired-9-baseline","77"
"1","queue-submit","first-text","894","baseline","paired-9-baseline","77"
"1","pre-present-notify","first-text","0","baseline","paired-9-baseline","77"
"1","first-present","first-text","579","baseline","paired-9-baseline","77"
"1","startup-redraw","first-text","3036","baseline","paired-9-baseline","77"
"1","initial-ui-and-pane-layout","first-text","2","baseline","paired-9-baseline","77"
"1","initial-projection","first-text","20","baseline","paired-9-baseline","77"
"1","surface-acquire","first-text","38","baseline","paired-9-baseline","77"
"1","frame-texture-view","first-text","6","baseline","paired-9-baseline","77"
"1","instance-generation","first-text","0","baseline","paired-9-baseline","77"
"1","instance-buffer-writes","first-text","0","baseline","paired-9-baseline","77"
"1","buffer-create-upload","first-text","10","baseline","paired-9-baseline","77"
"1","render-encoding","first-text","107","baseline","paired-9-baseline","77"
"1","queue-submit","first-text","230","baseline","paired-9-baseline","77"
"1","pre-present-notify","first-text","0","baseline","paired-9-baseline","77"
"1","first-present","first-text","147","baseline","paired-9-baseline","77"
"1","startup-redraw","first-text","671","baseline","paired-9-baseline","77"
"1","initial-ui-and-pane-layout","first-text","4","baseline","paired-9-baseline","77"
"1","initial-projection","first-text","33","baseline","paired-9-baseline","77"
"1","surface-acquire","first-text","96","baseline","paired-9-baseline","77"
"1","frame-texture-view","first-text","7","baseline","paired-9-baseline","77"
"1","instance-generation","first-text","1","baseline","paired-9-baseline","77"
"1","instance-buffer-writes","first-text","0","baseline","paired-9-baseline","77"
"1","buffer-create-upload","first-text","13","baseline","paired-9-baseline","77"
"1","render-encoding","first-text","276","baseline","paired-9-baseline","77"
"1","queue-submit","first-text","142","baseline","paired-9-baseline","77"
"1","pre-present-notify","first-text","0","baseline","paired-9-baseline","77"
"1","first-present","first-text","185","baseline","paired-9-baseline","77"
"1","startup-redraw","first-text","995","baseline","paired-9-baseline","77"
"1","initial-ui-and-pane-layout","first-text","4","baseline","paired-9-baseline","77"
"1","initial-projection","first-text","35","baseline","paired-9-baseline","77"
"1","surface-acquire","first-text","49","baseline","paired-9-baseline","77"
"1","frame-texture-view","first-text","6","baseline","paired-9-baseline","77"
"1","instance-generation","first-text","7759","baseline","paired-9-baseline","77"
"1","instance-buffer-allocation","first-text","86","baseline","paired-9-baseline","77"
"1","instance-buffer-writes","first-text","86","baseline","paired-9-baseline","77"
"1","instance-buffer-writes","first-text","164","baseline","paired-9-baseline","77"
"1","buffer-create-upload","first-text","385","baseline","paired-9-baseline","77"
"1","render-encoding","first-text","148","baseline","paired-9-baseline","77"
"1","queue-submit","first-text","163","baseline","paired-9-baseline","77"
"1","pre-present-notify","first-text","0","baseline","paired-9-baseline","77"
"1","first-present","first-text","208","baseline","paired-9-baseline","77"
"1","startup-redraw","first-text","8879","baseline","paired-9-baseline","77"
"1","cli-parse","first-frame","430","candidate","paired-9-candidate","78"
"1","event-loop-create","first-frame","3989","candidate","paired-9-candidate","78"
"1","application-default-state","first-frame","145","candidate","paired-9-candidate","78"
"1","application-state-and-paths","first-frame","183","candidate","paired-9-candidate","78"
"1","config-read-parse","first-frame","158","candidate","paired-9-candidate","78"
"1","workspace-model-and-runtimes","first-frame","9","candidate","paired-9-candidate","78"
"1","window-create-and-branding","first-frame","13483","candidate","paired-9-candidate","78"
"1","system-font-discovery","first-frame","27974","candidate","paired-9-candidate","78"
"1","font-family-resolution","first-frame","13","candidate","paired-9-candidate","78"
"1","fallback-candidate-ordering","first-frame","1164","candidate","paired-9-candidate","78"
"1","font-cache-setup","first-frame","23","candidate","paired-9-candidate","78"
"1","font-family-preparation","first-frame","29229","candidate","paired-9-candidate","78"
"1","font-metrics","first-frame","101","candidate","paired-9-candidate","78"
"1","wgpu-instance","first-frame","6120","candidate","paired-9-candidate","78"
"1","surface-create","first-frame","25","candidate","paired-9-candidate","78"
"1","adapter-request","first-frame","32322","candidate","paired-9-candidate","78"
"1","device-request","first-frame","38894","candidate","paired-9-candidate","78"
"1","surface-capabilities-and-config","first-frame","10","candidate","paired-9-candidate","78"
"1","surface-configure","first-frame","4592","candidate","paired-9-candidate","78"
"1","initial-grid-resize","first-frame","120","candidate","paired-9-candidate","78"
"1","initial-ui-and-pane-layout","first-frame","14","candidate","paired-9-candidate","78"
"1","initial-projection","first-frame","23","candidate","paired-9-candidate","78"
"1","surface-acquire","first-frame","38","candidate","paired-9-candidate","78"
"1","shader-module-create","first-frame","335","candidate","paired-9-candidate","78"
"1","shader-and-layout","first-frame","348","candidate","paired-9-candidate","78"
"1","rectangle-pipeline","first-frame","5941","candidate","paired-9-candidate","78"
"1","frame-texture-view","first-frame","19","candidate","paired-9-candidate","78"
"1","instance-generation","first-frame","2","candidate","paired-9-candidate","78"
"1","instance-buffer-allocation","first-frame","154","candidate","paired-9-candidate","78"
"1","instance-buffer-writes","first-frame","156","candidate","paired-9-candidate","78"
"1","buffer-create-upload","first-frame","347","candidate","paired-9-candidate","78"
"1","render-encoding","first-frame","569","candidate","paired-9-candidate","78"
"1","queue-submit","first-frame","333","candidate","paired-9-candidate","78"
"1","pre-present-notify","first-frame","0","candidate","paired-9-candidate","78"
"1","first-present","first-frame","341","candidate","paired-9-candidate","78"
"1","startup-redraw","first-frame","8113","candidate","paired-9-candidate","78"
"1","initial-ui-and-pane-layout","first-text","6","candidate","paired-9-candidate","78"
"1","initial-projection","first-text","43","candidate","paired-9-candidate","78"
"1","surface-acquire","first-text","54","candidate","paired-9-candidate","78"
"1","frame-texture-view","first-text","6","candidate","paired-9-candidate","78"
"1","instance-generation","first-text","1","candidate","paired-9-candidate","78"
"1","instance-buffer-writes","first-text","0","candidate","paired-9-candidate","78"
"1","buffer-create-upload","first-text","10","candidate","paired-9-candidate","78"
"1","render-encoding","first-text","825","candidate","paired-9-candidate","78"
"1","queue-submit","first-text","562","candidate","paired-9-candidate","78"
"1","pre-present-notify","first-text","0","candidate","paired-9-candidate","78"
"1","first-present","first-text","342","candidate","paired-9-candidate","78"
"1","startup-redraw","first-text","1977","candidate","paired-9-candidate","78"
"1","initial-ui-and-pane-layout","first-text","2","candidate","paired-9-candidate","78"
"1","initial-projection","first-text","20","candidate","paired-9-candidate","78"
"1","surface-acquire","first-text","34","candidate","paired-9-candidate","78"
"1","frame-texture-view","first-text","5","candidate","paired-9-candidate","78"
"1","instance-generation","first-text","0","candidate","paired-9-candidate","78"
"1","instance-buffer-writes","first-text","0","candidate","paired-9-candidate","78"
"1","buffer-create-upload","first-text","10","candidate","paired-9-candidate","78"
"1","render-encoding","first-text","94","candidate","paired-9-candidate","78"
"1","queue-submit","first-text","207","candidate","paired-9-candidate","78"
"1","pre-present-notify","first-text","0","candidate","paired-9-candidate","78"
"1","first-present","first-text","129","candidate","paired-9-candidate","78"
"1","startup-redraw","first-text","604","candidate","paired-9-candidate","78"
"1","initial-ui-and-pane-layout","first-text","1","candidate","paired-9-candidate","78"
"1","initial-projection","first-text","20","candidate","paired-9-candidate","78"
"1","surface-acquire","first-text","38","candidate","paired-9-candidate","78"
"1","frame-texture-view","first-text","5","candidate","paired-9-candidate","78"
"1","instance-generation","first-text","0","candidate","paired-9-candidate","78"
"1","instance-buffer-writes","first-text","0","candidate","paired-9-candidate","78"
"1","buffer-create-upload","first-text","11","candidate","paired-9-candidate","78"
"1","render-encoding","first-text","101","candidate","paired-9-candidate","78"
"1","queue-submit","first-text","121","candidate","paired-9-candidate","78"
"1","pre-present-notify","first-text","0","candidate","paired-9-candidate","78"
"1","first-present","first-text","140","candidate","paired-9-candidate","78"
"1","startup-redraw","first-text","561","candidate","paired-9-candidate","78"
"1","initial-ui-and-pane-layout","first-text","2","candidate","paired-9-candidate","78"
"1","initial-projection","first-text","19","candidate","paired-9-candidate","78"
"1","surface-acquire","first-text","34","candidate","paired-9-candidate","78"
"1","frame-texture-view","first-text","5","candidate","paired-9-candidate","78"
"1","glyph-bind-group-layout","first-text","46","candidate","paired-9-candidate","78"
"1","glyph-pipeline","first-text","6060","candidate","paired-9-candidate","78"
"1","atlas-texture-create","first-text","1388","candidate","paired-9-candidate","78"
"1","atlas-view-sampler-bind-group","first-text","248","candidate","paired-9-candidate","78"
"1","glyph-atlas","first-text","1692","candidate","paired-9-candidate","78"
"1","instance-generation","first-text","13853","candidate","paired-9-candidate","78"
"1","instance-buffer-allocation","first-text","83","candidate","paired-9-candidate","78"
"1","instance-buffer-writes","first-text","80","candidate","paired-9-candidate","78"
"1","instance-buffer-writes","first-text","99","candidate","paired-9-candidate","78"
"1","buffer-create-upload","first-text","299","candidate","paired-9-candidate","78"
"1","render-encoding","first-text","103","candidate","paired-9-candidate","78"
"1","queue-submit","first-text","142","candidate","paired-9-candidate","78"
"1","pre-present-notify","first-text","0","candidate","paired-9-candidate","78"
"1","first-present","first-text","187","candidate","paired-9-candidate","78"
"1","startup-redraw","first-text","14751","candidate","paired-9-candidate","78"
"1","cli-parse","first-frame","438","candidate","paired-10-candidate","79"
"1","event-loop-create","first-frame","4168","candidate","paired-10-candidate","79"
"1","application-default-state","first-frame","150","candidate","paired-10-candidate","79"
"1","application-state-and-paths","first-frame","185","candidate","paired-10-candidate","79"
"1","config-read-parse","first-frame","180","candidate","paired-10-candidate","79"
"1","workspace-model-and-runtimes","first-frame","10","candidate","paired-10-candidate","79"
"1","window-create-and-branding","first-frame","13207","candidate","paired-10-candidate","79"
"1","system-font-discovery","first-frame","23916","candidate","paired-10-candidate","79"
"1","font-family-resolution","first-frame","12","candidate","paired-10-candidate","79"
"1","fallback-candidate-ordering","first-frame","1060","candidate","paired-10-candidate","79"
"1","font-cache-setup","first-frame","3","candidate","paired-10-candidate","79"
"1","font-family-preparation","first-frame","25040","candidate","paired-10-candidate","79"
"1","font-metrics","first-frame","82","candidate","paired-10-candidate","79"
"1","wgpu-instance","first-frame","5715","candidate","paired-10-candidate","79"
"1","surface-create","first-frame","26","candidate","paired-10-candidate","79"
"1","adapter-request","first-frame","31677","candidate","paired-10-candidate","79"
"1","device-request","first-frame","37769","candidate","paired-10-candidate","79"
"1","surface-capabilities-and-config","first-frame","10","candidate","paired-10-candidate","79"
"1","surface-configure","first-frame","4267","candidate","paired-10-candidate","79"
"1","initial-grid-resize","first-frame","104","candidate","paired-10-candidate","79"
"1","initial-ui-and-pane-layout","first-frame","3","candidate","paired-10-candidate","79"
"1","initial-projection","first-frame","20","candidate","paired-10-candidate","79"
"1","surface-acquire","first-frame","51","candidate","paired-10-candidate","79"
"1","shader-module-create","first-frame","483","candidate","paired-10-candidate","79"
"1","shader-and-layout","first-frame","507","candidate","paired-10-candidate","79"
"1","rectangle-pipeline","first-frame","5544","candidate","paired-10-candidate","79"
"1","frame-texture-view","first-frame","19","candidate","paired-10-candidate","79"
"1","instance-generation","first-frame","2","candidate","paired-10-candidate","79"
"1","instance-buffer-allocation","first-frame","143","candidate","paired-10-candidate","79"
"1","instance-buffer-writes","first-frame","110","candidate","paired-10-candidate","79"
"1","buffer-create-upload","first-frame","279","candidate","paired-10-candidate","79"
"1","render-encoding","first-frame","720","candidate","paired-10-candidate","79"
"1","queue-submit","first-frame","329","candidate","paired-10-candidate","79"
"1","pre-present-notify","first-frame","0","candidate","paired-10-candidate","79"
"1","first-present","first-frame","332","candidate","paired-10-candidate","79"
"1","startup-redraw","first-frame","7957","candidate","paired-10-candidate","79"
"1","initial-ui-and-pane-layout","first-text","15","candidate","paired-10-candidate","79"
"1","initial-projection","first-text","59","candidate","paired-10-candidate","79"
"1","surface-acquire","first-text","54","candidate","paired-10-candidate","79"
"1","frame-texture-view","first-text","12","candidate","paired-10-candidate","79"
"1","instance-generation","first-text","2","candidate","paired-10-candidate","79"
"1","instance-buffer-writes","first-text","0","candidate","paired-10-candidate","79"
"1","buffer-create-upload","first-text","13","candidate","paired-10-candidate","79"
"1","render-encoding","first-text","1307","candidate","paired-10-candidate","79"
"1","queue-submit","first-text","768","candidate","paired-10-candidate","79"
"1","pre-present-notify","first-text","0","candidate","paired-10-candidate","79"
"1","first-present","first-text","384","candidate","paired-10-candidate","79"
"1","startup-redraw","first-text","3068","candidate","paired-10-candidate","79"
"1","initial-ui-and-pane-layout","first-text","3","candidate","paired-10-candidate","79"
"1","initial-projection","first-text","26","candidate","paired-10-candidate","79"
"1","surface-acquire","first-text","47","candidate","paired-10-candidate","79"
"1","frame-texture-view","first-text","7","candidate","paired-10-candidate","79"
"1","instance-generation","first-text","0","candidate","paired-10-candidate","79"
"1","instance-buffer-writes","first-text","0","candidate","paired-10-candidate","79"
"1","buffer-create-upload","first-text","10","candidate","paired-10-candidate","79"
"1","render-encoding","first-text","134","candidate","paired-10-candidate","79"
"1","queue-submit","first-text","243","candidate","paired-10-candidate","79"
"1","pre-present-notify","first-text","0","candidate","paired-10-candidate","79"
"1","first-present","first-text","129","candidate","paired-10-candidate","79"
"1","startup-redraw","first-text","700","candidate","paired-10-candidate","79"
"1","initial-ui-and-pane-layout","first-text","4","candidate","paired-10-candidate","79"
"1","initial-projection","first-text","26","candidate","paired-10-candidate","79"
"1","surface-acquire","first-text","38","candidate","paired-10-candidate","79"
"1","frame-texture-view","first-text","6","candidate","paired-10-candidate","79"
"1","instance-generation","first-text","1","candidate","paired-10-candidate","79"
"1","instance-buffer-writes","first-text","0","candidate","paired-10-candidate","79"
"1","buffer-create-upload","first-text","10","candidate","paired-10-candidate","79"
"1","render-encoding","first-text","124","candidate","paired-10-candidate","79"
"1","queue-submit","first-text","133","candidate","paired-10-candidate","79"
"1","pre-present-notify","first-text","0","candidate","paired-10-candidate","79"
"1","first-present","first-text","130","candidate","paired-10-candidate","79"
"1","startup-redraw","first-text","570","candidate","paired-10-candidate","79"
"1","initial-ui-and-pane-layout","first-text","2","candidate","paired-10-candidate","79"
"1","initial-projection","first-text","25","candidate","paired-10-candidate","79"
"1","surface-acquire","first-text","37","candidate","paired-10-candidate","79"
"1","frame-texture-view","first-text","5","candidate","paired-10-candidate","79"
"1","glyph-bind-group-layout","first-text","45","candidate","paired-10-candidate","79"
"1","glyph-pipeline","first-text","5767","candidate","paired-10-candidate","79"
"1","atlas-texture-create","first-text","1561","candidate","paired-10-candidate","79"
"1","atlas-view-sampler-bind-group","first-text","272","candidate","paired-10-candidate","79"
"1","glyph-atlas","first-text","1896","candidate","paired-10-candidate","79"
"1","instance-generation","first-text","13094","candidate","paired-10-candidate","79"
"1","instance-buffer-allocation","first-text","86","candidate","paired-10-candidate","79"
"1","instance-buffer-writes","first-text","72","candidate","paired-10-candidate","79"
"1","instance-buffer-writes","first-text","83","candidate","paired-10-candidate","79"
"1","buffer-create-upload","first-text","273","candidate","paired-10-candidate","79"
"1","render-encoding","first-text","232","candidate","paired-10-candidate","79"
"1","queue-submit","first-text","452","candidate","paired-10-candidate","79"
"1","pre-present-notify","first-text","0","candidate","paired-10-candidate","79"
"1","first-present","first-text","151","candidate","paired-10-candidate","79"
"1","startup-redraw","first-text","14382","candidate","paired-10-candidate","79"
"1","cli-parse","first-frame","443","baseline","paired-10-baseline","80"
"1","event-loop-create","first-frame","3913","baseline","paired-10-baseline","80"
"1","application-default-state","first-frame","153","baseline","paired-10-baseline","80"
"1","application-state-and-paths","first-frame","186","baseline","paired-10-baseline","80"
"1","config-read-parse","first-frame","151","baseline","paired-10-baseline","80"
"1","workspace-model-and-runtimes","first-frame","8","baseline","paired-10-baseline","80"
"1","window-create-and-branding","first-frame","12897","baseline","paired-10-baseline","80"
"1","system-font-discovery","first-frame","24651","baseline","paired-10-baseline","80"
"1","font-family-resolution","first-frame","9","baseline","paired-10-baseline","80"
"1","fallback-candidate-ordering","first-frame","1070","baseline","paired-10-baseline","80"
"1","font-cache-setup","first-frame","3","baseline","paired-10-baseline","80"
"1","font-family-preparation","first-frame","25782","baseline","paired-10-baseline","80"
"1","font-metrics","first-frame","56","baseline","paired-10-baseline","80"
"1","wgpu-instance","first-frame","5589","baseline","paired-10-baseline","80"
"1","surface-create","first-frame","23","baseline","paired-10-baseline","80"
"1","adapter-request","first-frame","31649","baseline","paired-10-baseline","80"
"1","device-request","first-frame","38596","baseline","paired-10-baseline","80"
"1","surface-capabilities-and-config","first-frame","8","baseline","paired-10-baseline","80"
"1","surface-configure","first-frame","3725","baseline","paired-10-baseline","80"
"1","initial-grid-resize","first-frame","101","baseline","paired-10-baseline","80"
"1","initial-ui-and-pane-layout","first-frame","14","baseline","paired-10-baseline","80"
"1","initial-projection","first-frame","25","baseline","paired-10-baseline","80"
"1","surface-acquire","first-frame","38","baseline","paired-10-baseline","80"
"1","shader-module-create","first-frame","299","baseline","paired-10-baseline","80"
"1","glyph-bind-group-layout","first-frame","38","baseline","paired-10-baseline","80"
"1","shader-and-layout","first-frame","355","baseline","paired-10-baseline","80"
"1","rectangle-pipeline","first-frame","5151","baseline","paired-10-baseline","80"
"1","glyph-pipeline","first-frame","5593","baseline","paired-10-baseline","80"
"1","atlas-texture-create","first-frame","1119","baseline","paired-10-baseline","80"
"1","atlas-view-sampler-bind-group","first-frame","197","baseline","paired-10-baseline","80"
"1","glyph-atlas","first-frame","1375","baseline","paired-10-baseline","80"
"1","frame-texture-view","first-frame","8","baseline","paired-10-baseline","80"
"1","instance-generation","first-frame","2","baseline","paired-10-baseline","80"
"1","instance-buffer-allocation","first-frame","104","baseline","paired-10-baseline","80"
"1","instance-buffer-writes","first-frame","130","baseline","paired-10-baseline","80"
"1","buffer-create-upload","first-frame","266","baseline","paired-10-baseline","80"
"1","render-encoding","first-frame","522","baseline","paired-10-baseline","80"
"1","queue-submit","first-frame","402","baseline","paired-10-baseline","80"
"1","pre-present-notify","first-frame","0","baseline","paired-10-baseline","80"
"1","first-present","first-frame","361","baseline","paired-10-baseline","80"
"1","startup-redraw","first-frame","14272","baseline","paired-10-baseline","80"
"1","initial-ui-and-pane-layout","first-text","1","baseline","paired-10-baseline","80"
"1","initial-projection","first-text","27","baseline","paired-10-baseline","80"
"1","surface-acquire","first-text","35","baseline","paired-10-baseline","80"
"1","frame-texture-view","first-text","6","baseline","paired-10-baseline","80"
"1","instance-generation","first-text","0","baseline","paired-10-baseline","80"
"1","instance-buffer-writes","first-text","0","baseline","paired-10-baseline","80"
"1","buffer-create-upload","first-text","10","baseline","paired-10-baseline","80"
"1","render-encoding","first-text","884","baseline","paired-10-baseline","80"
"1","queue-submit","first-text","1150","baseline","paired-10-baseline","80"
"1","pre-present-notify","first-text","0","baseline","paired-10-baseline","80"
"1","first-present","first-text","560","baseline","paired-10-baseline","80"
"1","startup-redraw","first-text","2850","baseline","paired-10-baseline","80"
"1","initial-ui-and-pane-layout","first-text","3","baseline","paired-10-baseline","80"
"1","initial-projection","first-text","26","baseline","paired-10-baseline","80"
"1","surface-acquire","first-text","60","baseline","paired-10-baseline","80"
"1","frame-texture-view","first-text","7","baseline","paired-10-baseline","80"
"1","instance-generation","first-text","0","baseline","paired-10-baseline","80"
"1","instance-buffer-writes","first-text","0","baseline","paired-10-baseline","80"
"1","buffer-create-upload","first-text","23","baseline","paired-10-baseline","80"
"1","render-encoding","first-text","159","baseline","paired-10-baseline","80"
"1","queue-submit","first-text","312","baseline","paired-10-baseline","80"
"1","pre-present-notify","first-text","0","baseline","paired-10-baseline","80"
"1","first-present","first-text","148","baseline","paired-10-baseline","80"
"1","startup-redraw","first-text","839","baseline","paired-10-baseline","80"
"1","initial-ui-and-pane-layout","first-text","1","baseline","paired-10-baseline","80"
"1","initial-projection","first-text","17","baseline","paired-10-baseline","80"
"1","surface-acquire","first-text","18","baseline","paired-10-baseline","80"
"1","frame-texture-view","first-text","3","baseline","paired-10-baseline","80"
"1","instance-generation","first-text","0","baseline","paired-10-baseline","80"
"1","instance-buffer-writes","first-text","0","baseline","paired-10-baseline","80"
"1","buffer-create-upload","first-text","9","baseline","paired-10-baseline","80"
"1","render-encoding","first-text","63","baseline","paired-10-baseline","80"
"1","queue-submit","first-text","79","baseline","paired-10-baseline","80"
"1","pre-present-notify","first-text","0","baseline","paired-10-baseline","80"
"1","first-present","first-text","117","baseline","paired-10-baseline","80"
"1","startup-redraw","first-text","403","baseline","paired-10-baseline","80"
"1","initial-ui-and-pane-layout","first-text","2","baseline","paired-10-baseline","80"
"1","initial-projection","first-text","20","baseline","paired-10-baseline","80"
"1","surface-acquire","first-text","34","baseline","paired-10-baseline","80"
"1","frame-texture-view","first-text","5","baseline","paired-10-baseline","80"
"1","instance-generation","first-text","5592","baseline","paired-10-baseline","80"
"1","instance-buffer-allocation","first-text","72","baseline","paired-10-baseline","80"
"1","instance-buffer-writes","first-text","71","baseline","paired-10-baseline","80"
"1","instance-buffer-writes","first-text","87","baseline","paired-10-baseline","80"
"1","buffer-create-upload","first-text","263","baseline","paired-10-baseline","80"
"1","render-encoding","first-text","222","baseline","paired-10-baseline","80"
"1","queue-submit","first-text","362","baseline","paired-10-baseline","80"
"1","pre-present-notify","first-text","0","baseline","paired-10-baseline","80"
"1","first-present","first-text","128","baseline","paired-10-baseline","80"
"1","startup-redraw","first-text","6732","baseline","paired-10-baseline","80"
