"scenario","run","stage","duration_us"
"configured-pwsh","1","cli-parse","670"
"configured-pwsh","1","event-loop-create","3176"
"configured-pwsh","1","application-default-state","137"
"configured-pwsh","1","application-state-and-paths","170"
"configured-pwsh","1","config-read-parse","216"
"configured-pwsh","1","workspace-model-and-runtimes","11"
"configured-pwsh","1","window-create-and-branding","14380"
"configured-pwsh","1","font-database-create","1"
"configured-pwsh","1","system-font-discovery","26121"
"configured-pwsh","1","font-configured-family-query","11"
"configured-pwsh","1","font-primary-monospace-validation","0"
"configured-pwsh","1","font-family-resolution","30"
"configured-pwsh","1","fallback-candidate-collection","7"
"configured-pwsh","1","fallback-candidate-sort","1221"
"configured-pwsh","1","fallback-candidate-ordering","1256"
"configured-pwsh","1","font-cache-setup","4"
"configured-pwsh","1","font-family-preparation","27473"
"configured-pwsh","1","font-metrics","70"
"configured-pwsh","1","gpu-backend-policy","10"
"configured-pwsh","1","wgpu-instance","5443"
"configured-pwsh","1","surface-create","28"
"configured-pwsh","1","adapter-request-call","34087"
"configured-pwsh","1","adapter-request-poll","6"
"configured-pwsh","1","adapter-request","34126"
"configured-pwsh","1","device-request-call","25754"
"configured-pwsh","1","device-request-poll","3"
"configured-pwsh","1","device-request","25797"
"configured-pwsh","1","gpu-initialize","65971"
"configured-pwsh","1","adapter-info","1"
"configured-pwsh","1","surface-capabilities-and-config","10"
"configured-pwsh","1","surface-configure","4616"
"configured-pwsh","1","initial-grid-resize","88"
"configured-pwsh","1","initial-ui-and-pane-layout","6"
"configured-pwsh","1","initial-projection","25"
"configured-pwsh","1","surface-acquire","48"
"configured-pwsh","1","shader-module-create","321"
"configured-pwsh","1","glyph-bind-group-layout","41"
"configured-pwsh","1","shader-and-layout","383"
"configured-pwsh","1","rectangle-pipeline","4946"
"configured-pwsh","1","glyph-pipeline","5228"
"configured-pwsh","1","atlas-texture-create","1149"
"configured-pwsh","1","atlas-view-sampler-bind-group","151"
"configured-pwsh","1","glyph-atlas","1335"
"configured-pwsh","1","frame-texture-view","7"
"configured-pwsh","1","instance-generation","2"
"configured-pwsh","1","instance-buffer-allocation","65"
"configured-pwsh","1","instance-buffer-writes","75"
"configured-pwsh","1","buffer-create-upload","160"
"configured-pwsh","1","render-encoding","1093"
"configured-pwsh","1","queue-submit","687"
"configured-pwsh","1","pre-present-notify","0"
"configured-pwsh","1","first-present","310"
"cmd","1","cli-parse","712"
"cmd","1","event-loop-create","5197"
"cmd","1","application-default-state","141"
"cmd","1","application-state-and-paths","173"
"cmd","1","config-read-parse","263"
"cmd","1","workspace-model-and-runtimes","14"
"cmd","1","window-create-and-branding","13931"
"cmd","1","font-database-create","0"
"cmd","1","system-font-discovery","26747"
"cmd","1","font-configured-family-query","9"
"cmd","1","font-primary-monospace-validation","0"
"cmd","1","font-family-resolution","25"
"cmd","1","fallback-candidate-collection","9"
"cmd","1","fallback-candidate-sort","1386"
"cmd","1","fallback-candidate-ordering","1422"
"cmd","1","font-cache-setup","5"
"cmd","1","font-family-preparation","28257"
"cmd","1","font-metrics","123"
"cmd","1","gpu-backend-policy","10"
"cmd","1","wgpu-instance","8017"
"cmd","1","surface-create","33"
"cmd","1","adapter-request-call","33921"
"cmd","1","adapter-request-poll","6"
"cmd","1","adapter-request","33972"
"cmd","1","device-request-call","25878"
"cmd","1","device-request-poll","2"
"cmd","1","device-request","25913"
"cmd","1","gpu-initialize","68551"
"cmd","1","adapter-info","0"
"cmd","1","surface-capabilities-and-config","8"
"cmd","1","surface-configure","4743"
"cmd","1","initial-grid-resize","102"
"cmd","1","initial-ui-and-pane-layout","4"
"cmd","1","initial-projection","25"
"cmd","1","surface-acquire","41"
"cmd","1","shader-module-create","310"
"cmd","1","glyph-bind-group-layout","38"
"cmd","1","shader-and-layout","372"
"cmd","1","rectangle-pipeline","4966"
"cmd","1","glyph-pipeline","5272"
"cmd","1","atlas-texture-create","1562"
"cmd","1","atlas-view-sampler-bind-group","249"
"cmd","1","glyph-atlas","1874"
"cmd","1","frame-texture-view","11"
"cmd","1","instance-generation","2"
"cmd","1","instance-buffer-allocation","96"
"cmd","1","instance-buffer-writes","82"
"cmd","1","buffer-create-upload","197"
"cmd","1","render-encoding","462"
"cmd","1","queue-submit","297"
"cmd","1","pre-present-notify","0"
"cmd","1","first-present","335"
"no-profile","1","cli-parse","664"
"no-profile","1","event-loop-create","4390"
"no-profile","1","application-default-state","143"
"no-profile","1","application-state-and-paths","175"
"no-profile","1","config-read-parse","249"
"no-profile","1","workspace-model-and-runtimes","12"
"no-profile","1","window-create-and-branding","13170"
"no-profile","1","font-database-create","0"
"no-profile","1","system-font-discovery","25544"
"no-profile","1","font-configured-family-query","11"
"no-profile","1","font-primary-monospace-validation","0"
"no-profile","1","font-family-resolution","31"
"no-profile","1","fallback-candidate-collection","14"
"no-profile","1","fallback-candidate-sort","1111"
"no-profile","1","fallback-candidate-ordering","1147"
"no-profile","1","font-cache-setup","3"
"no-profile","1","font-family-preparation","26786"
"no-profile","1","font-metrics","79"
"no-profile","1","gpu-backend-policy","9"
"no-profile","1","wgpu-instance","6085"
"no-profile","1","surface-create","31"
"no-profile","1","adapter-request-call","33688"
"no-profile","1","adapter-request-poll","6"
"no-profile","1","adapter-request","33727"
"no-profile","1","device-request-call","26595"
"no-profile","1","device-request-poll","3"
"no-profile","1","device-request","26634"
"no-profile","1","gpu-initialize","67069"
"no-profile","1","adapter-info","1"
"no-profile","1","surface-capabilities-and-config","8"
"no-profile","1","surface-configure","4629"
"no-profile","1","initial-grid-resize","105"
"no-profile","1","initial-ui-and-pane-layout","18"
"no-profile","1","initial-projection","27"
"no-profile","1","surface-acquire","40"
"no-profile","1","shader-module-create","311"
"no-profile","1","glyph-bind-group-layout","36"
"no-profile","1","shader-and-layout","367"
"no-profile","1","rectangle-pipeline","5080"
"no-profile","1","glyph-pipeline","5907"
"no-profile","1","atlas-texture-create","1299"
"no-profile","1","atlas-view-sampler-bind-group","216"
"no-profile","1","glyph-atlas","1561"
"no-profile","1","frame-texture-view","10"
"no-profile","1","instance-generation","3"
"no-profile","1","instance-buffer-allocation","114"
"no-profile","1","instance-buffer-writes","144"
"no-profile","1","buffer-create-upload","290"
"no-profile","1","render-encoding","532"
"no-profile","1","queue-submit","354"
"no-profile","1","pre-present-notify","0"
"no-profile","1","first-present","296"
"cmd","2","cli-parse","745"
"cmd","2","event-loop-create","5207"
"cmd","2","application-default-state","158"
"cmd","2","application-state-and-paths","202"
"cmd","2","config-read-parse","247"
"cmd","2","workspace-model-and-runtimes","12"
"cmd","2","window-create-and-branding","15115"
"cmd","2","font-database-create","1"
"cmd","2","system-font-discovery","30931"
"cmd","2","font-configured-family-query","12"
"cmd","2","font-primary-monospace-validation","0"
"cmd","2","font-family-resolution","32"
"cmd","2","fallback-candidate-collection","12"
"cmd","2","fallback-candidate-sort","1208"
"cmd","2","fallback-candidate-ordering","1244"
"cmd","2","font-cache-setup","4"
"cmd","2","font-family-preparation","32276"
"cmd","2","font-metrics","163"
"cmd","2","gpu-backend-policy","11"
"cmd","2","wgpu-instance","7775"
"cmd","2","surface-create","32"
"cmd","2","adapter-request-call","35672"
"cmd","2","adapter-request-poll","6"
"cmd","2","adapter-request","35714"
"cmd","2","device-request-call","28372"
"cmd","2","device-request-poll","3"
"cmd","2","device-request","28418"
"cmd","2","gpu-initialize","72526"
"cmd","2","adapter-info","1"
"cmd","2","surface-capabilities-and-config","11"
"cmd","2","surface-configure","5247"
"cmd","2","initial-grid-resize","125"
"cmd","2","initial-ui-and-pane-layout","5"
"cmd","2","initial-projection","25"
"cmd","2","surface-acquire","48"
"cmd","2","shader-module-create","337"
"cmd","2","glyph-bind-group-layout","46"
"cmd","2","shader-and-layout","406"
"cmd","2","rectangle-pipeline","5607"
"cmd","2","glyph-pipeline","5714"
"cmd","2","atlas-texture-create","1174"
"cmd","2","atlas-view-sampler-bind-group","162"
"cmd","2","glyph-atlas","1367"
"cmd","2","frame-texture-view","8"
"cmd","2","instance-generation","2"
"cmd","2","instance-buffer-allocation","70"
"cmd","2","instance-buffer-writes","81"
"cmd","2","buffer-create-upload","171"
"cmd","2","render-encoding","568"
"cmd","2","queue-submit","360"
"cmd","2","pre-present-notify","0"
"cmd","2","first-present","542"
"no-profile","2","cli-parse","685"
"no-profile","2","event-loop-create","5694"
"no-profile","2","application-default-state","142"
"no-profile","2","application-state-and-paths","174"
"no-profile","2","config-read-parse","232"
"no-profile","2","workspace-model-and-runtimes","11"
"no-profile","2","window-create-and-branding","14038"
"no-profile","2","font-database-create","0"
"no-profile","2","system-font-discovery","28339"
"no-profile","2","font-configured-family-query","10"
"no-profile","2","font-primary-monospace-validation","0"
"no-profile","2","font-family-resolution","27"
"no-profile","2","fallback-candidate-collection","9"
"no-profile","2","fallback-candidate-sort","1266"
"no-profile","2","fallback-candidate-ordering","1301"
"no-profile","2","font-cache-setup","5"
"no-profile","2","font-family-preparation","29725"
"no-profile","2","font-metrics","96"
"no-profile","2","gpu-backend-policy","9"
"no-profile","2","wgpu-instance","5992"
"no-profile","2","surface-create","42"
"no-profile","2","adapter-request-call","31552"
"no-profile","2","adapter-request-poll","6"
"no-profile","2","adapter-request","31592"
"no-profile","2","device-request-call","25197"
"no-profile","2","device-request-poll","3"
"no-profile","2","device-request","25236"
"no-profile","2","gpu-initialize","63456"
"no-profile","2","adapter-info","1"
"no-profile","2","surface-capabilities-and-config","9"
"no-profile","2","surface-configure","4131"
"no-profile","2","initial-grid-resize","83"
"no-profile","2","initial-ui-and-pane-layout","4"
"no-profile","2","initial-projection","28"
"no-profile","2","surface-acquire","40"
"no-profile","2","shader-module-create","372"
"no-profile","2","glyph-bind-group-layout","47"
"no-profile","2","shader-and-layout","441"
"no-profile","2","rectangle-pipeline","4953"
"no-profile","2","glyph-pipeline","5724"
"no-profile","2","atlas-texture-create","1444"
"no-profile","2","atlas-view-sampler-bind-group","303"
"no-profile","2","glyph-atlas","1799"
"no-profile","2","frame-texture-view","13"
"no-profile","2","instance-generation","4"
"no-profile","2","instance-buffer-allocation","163"
"no-profile","2","instance-buffer-writes","141"
"no-profile","2","buffer-create-upload","338"
"no-profile","2","render-encoding","727"
"no-profile","2","queue-submit","350"
"no-profile","2","pre-present-notify","0"
"no-profile","2","first-present","292"
"configured-pwsh","2","cli-parse","688"
"configured-pwsh","2","event-loop-create","4544"
"configured-pwsh","2","application-default-state","148"
"configured-pwsh","2","application-state-and-paths","181"
"configured-pwsh","2","config-read-parse","240"
"configured-pwsh","2","workspace-model-and-runtimes","12"
"configured-pwsh","2","window-create-and-branding","15153"
"configured-pwsh","2","font-database-create","0"
"configured-pwsh","2","system-font-discovery","27547"
"configured-pwsh","2","font-configured-family-query","11"
"configured-pwsh","2","font-primary-monospace-validation","0"
"configured-pwsh","2","font-family-resolution","28"
"configured-pwsh","2","fallback-candidate-collection","9"
"configured-pwsh","2","fallback-candidate-sort","1027"
"configured-pwsh","2","fallback-candidate-ordering","1054"
"configured-pwsh","2","font-cache-setup","3"
"configured-pwsh","2","font-family-preparation","28691"
"configured-pwsh","2","font-metrics","63"
"configured-pwsh","2","gpu-backend-policy","10"
"configured-pwsh","2","wgpu-instance","6473"
"configured-pwsh","2","surface-create","54"
"configured-pwsh","2","adapter-request-call","33803"
"configured-pwsh","2","adapter-request-poll","6"
"configured-pwsh","2","adapter-request","33842"
"configured-pwsh","2","device-request-call","26038"
"configured-pwsh","2","device-request-poll","2"
"configured-pwsh","2","device-request","26073"
"configured-pwsh","2","gpu-initialize","67031"
"configured-pwsh","2","adapter-info","0"
"configured-pwsh","2","surface-capabilities-and-config","7"
"configured-pwsh","2","surface-configure","5584"
"configured-pwsh","2","initial-grid-resize","126"
"configured-pwsh","2","initial-ui-and-pane-layout","21"
"configured-pwsh","2","initial-projection","35"
"configured-pwsh","2","surface-acquire","89"
"configured-pwsh","2","shader-module-create","401"
"configured-pwsh","2","glyph-bind-group-layout","46"
"configured-pwsh","2","shader-and-layout","472"
"configured-pwsh","2","rectangle-pipeline","5712"
"configured-pwsh","2","glyph-pipeline","6080"
"configured-pwsh","2","atlas-texture-create","1548"
"configured-pwsh","2","atlas-view-sampler-bind-group","397"
"configured-pwsh","2","glyph-atlas","2019"
"configured-pwsh","2","frame-texture-view","18"
"configured-pwsh","2","instance-generation","2"
"configured-pwsh","2","instance-buffer-allocation","119"
"configured-pwsh","2","instance-buffer-writes","150"
"configured-pwsh","2","buffer-create-upload","298"
"configured-pwsh","2","render-encoding","428"
"configured-pwsh","2","queue-submit","468"
"configured-pwsh","2","pre-present-notify","0"
"configured-pwsh","2","first-present","409"
"no-profile","3","cli-parse","778"
"no-profile","3","event-loop-create","6573"
"no-profile","3","application-default-state","153"
"no-profile","3","application-state-and-paths","185"
"no-profile","3","config-read-parse","239"
"no-profile","3","workspace-model-and-runtimes","12"
"no-profile","3","window-create-and-branding","18308"
"no-profile","3","font-database-create","0"
"no-profile","3","system-font-discovery","31127"
"no-profile","3","font-configured-family-query","10"
"no-profile","3","font-primary-monospace-validation","0"
"no-profile","3","font-family-resolution","29"
"no-profile","3","fallback-candidate-collection","12"
"no-profile","3","fallback-candidate-sort","1196"
"no-profile","3","fallback-candidate-ordering","1230"
"no-profile","3","font-cache-setup","4"
"no-profile","3","font-family-preparation","32453"
"no-profile","3","font-metrics","76"
"no-profile","3","gpu-backend-policy","10"
"no-profile","3","wgpu-instance","7435"
"no-profile","3","surface-create","30"
"no-profile","3","adapter-request-call","36846"
"no-profile","3","adapter-request-poll","6"
"no-profile","3","adapter-request","36885"
"no-profile","3","device-request-call","25098"
"no-profile","3","device-request-poll","3"
"no-profile","3","device-request","25138"
"no-profile","3","gpu-initialize","70099"
"no-profile","3","adapter-info","1"
"no-profile","3","surface-capabilities-and-config","9"
"no-profile","3","surface-configure","5741"
"no-profile","3","initial-grid-resize","78"
"no-profile","3","initial-ui-and-pane-layout","9"
"no-profile","3","initial-projection","26"
"no-profile","3","surface-acquire","50"
"no-profile","3","shader-module-create","326"
"no-profile","3","glyph-bind-group-layout","45"
"no-profile","3","shader-and-layout","395"
"no-profile","3","rectangle-pipeline","5194"
"no-profile","3","glyph-pipeline","6219"
"no-profile","3","atlas-texture-create","1208"
"no-profile","3","atlas-view-sampler-bind-group","164"
"no-profile","3","glyph-atlas","1420"
"no-profile","3","frame-texture-view","9"
"no-profile","3","instance-generation","3"
"no-profile","3","instance-buffer-allocation","93"
"no-profile","3","instance-buffer-writes","98"
"no-profile","3","buffer-create-upload","215"
"no-profile","3","render-encoding","482"
"no-profile","3","queue-submit","410"
"no-profile","3","pre-present-notify","0"
"no-profile","3","first-present","295"
"configured-pwsh","3","cli-parse","629"
"configured-pwsh","3","event-loop-create","3621"
"configured-pwsh","3","application-default-state","145"
"configured-pwsh","3","application-state-and-paths","177"
"configured-pwsh","3","config-read-parse","227"
"configured-pwsh","3","workspace-model-and-runtimes","11"
"configured-pwsh","3","window-create-and-branding","15053"
"configured-pwsh","3","font-database-create","1"
"configured-pwsh","3","system-font-discovery","25502"
"configured-pwsh","3","font-configured-family-query","10"
"configured-pwsh","3","font-primary-monospace-validation","0"
"configured-pwsh","3","font-family-resolution","29"
"configured-pwsh","3","fallback-candidate-collection","7"
"configured-pwsh","3","fallback-candidate-sort","1130"
"configured-pwsh","3","fallback-candidate-ordering","1159"
"configured-pwsh","3","font-cache-setup","4"
"configured-pwsh","3","font-family-preparation","26755"
"configured-pwsh","3","font-metrics","79"
"configured-pwsh","3","gpu-backend-policy","9"
"configured-pwsh","3","wgpu-instance","5824"
"configured-pwsh","3","surface-create","27"
"configured-pwsh","3","adapter-request-call","41586"
"configured-pwsh","3","adapter-request-poll","6"
"configured-pwsh","3","adapter-request","41630"
"configured-pwsh","3","device-request-call","31409"
"configured-pwsh","3","device-request-poll","6"
"configured-pwsh","3","device-request","31540"
"configured-pwsh","3","gpu-initialize","79695"
"configured-pwsh","3","adapter-info","2"
"configured-pwsh","3","surface-capabilities-and-config","14"
"configured-pwsh","3","surface-configure","8767"
"configured-pwsh","3","initial-grid-resize","169"
"configured-pwsh","3","initial-ui-and-pane-layout","17"
"configured-pwsh","3","initial-projection","47"
"configured-pwsh","3","surface-acquire","105"
"configured-pwsh","3","shader-module-create","368"
"configured-pwsh","3","glyph-bind-group-layout","49"
"configured-pwsh","3","shader-and-layout","451"
"configured-pwsh","3","rectangle-pipeline","6366"
"configured-pwsh","3","glyph-pipeline","6460"
"configured-pwsh","3","atlas-texture-create","1701"
"configured-pwsh","3","atlas-view-sampler-bind-group","402"
"configured-pwsh","3","glyph-atlas","2185"
"configured-pwsh","3","frame-texture-view","16"
"configured-pwsh","3","instance-generation","3"
"configured-pwsh","3","instance-buffer-allocation","127"
"configured-pwsh","3","instance-buffer-writes","110"
"configured-pwsh","3","buffer-create-upload","261"
"configured-pwsh","3","render-encoding","717"
"configured-pwsh","3","queue-submit","439"
"configured-pwsh","3","pre-present-notify","0"
"configured-pwsh","3","first-present","412"
"cmd","3","cli-parse","699"
"cmd","3","event-loop-create","4732"
"cmd","3","application-default-state","141"
"cmd","3","application-state-and-paths","173"
"cmd","3","config-read-parse","234"
"cmd","3","workspace-model-and-runtimes","12"
"cmd","3","window-create-and-branding","14048"
"cmd","3","font-database-create","1"
"cmd","3","system-font-discovery","25064"
"cmd","3","font-configured-family-query","9"
"cmd","3","font-primary-monospace-validation","0"
"cmd","3","font-family-resolution","25"
"cmd","3","fallback-candidate-collection","6"
"cmd","3","fallback-candidate-sort","1043"
"cmd","3","fallback-candidate-ordering","1067"
"cmd","3","font-cache-setup","3"
"cmd","3","font-family-preparation","26217"
"cmd","3","font-metrics","60"
"cmd","3","gpu-backend-policy","9"
"cmd","3","wgpu-instance","6361"
"cmd","3","surface-create","33"
"cmd","3","adapter-request-call","33788"
"cmd","3","adapter-request-poll","5"
"cmd","3","adapter-request","33822"
"cmd","3","device-request-call","25403"
"cmd","3","device-request-poll","3"
"cmd","3","device-request","25440"
"cmd","3","gpu-initialize","66192"
"cmd","3","adapter-info","1"
"cmd","3","surface-capabilities-and-config","8"
"cmd","3","surface-configure","4829"
"cmd","3","initial-grid-resize","136"
"cmd","3","initial-ui-and-pane-layout","6"
"cmd","3","initial-projection","64"
"cmd","3","surface-acquire","58"
"cmd","3","shader-module-create","320"
"cmd","3","glyph-bind-group-layout","47"
"cmd","3","shader-and-layout","388"
"cmd","3","rectangle-pipeline","5209"
"cmd","3","glyph-pipeline","5872"
"cmd","3","atlas-texture-create","1464"
"cmd","3","atlas-view-sampler-bind-group","204"
"cmd","3","glyph-atlas","1716"
"cmd","3","frame-texture-view","11"
"cmd","3","instance-generation","2"
"cmd","3","instance-buffer-allocation","87"
"cmd","3","instance-buffer-writes","88"
"cmd","3","buffer-create-upload","199"
"cmd","3","render-encoding","476"
"cmd","3","queue-submit","322"
"cmd","3","pre-present-notify","0"
"cmd","3","first-present","273"
"configured-pwsh","4","cli-parse","714"
"configured-pwsh","4","event-loop-create","4833"
"configured-pwsh","4","application-default-state","151"
"configured-pwsh","4","application-state-and-paths","182"
"configured-pwsh","4","config-read-parse","254"
"configured-pwsh","4","workspace-model-and-runtimes","13"
"configured-pwsh","4","window-create-and-branding","17520"
"configured-pwsh","4","font-database-create","1"
"configured-pwsh","4","system-font-discovery","31175"
"configured-pwsh","4","font-configured-family-query","12"
"configured-pwsh","4","font-primary-monospace-validation","0"
"configured-pwsh","4","font-family-resolution","32"
"configured-pwsh","4","fallback-candidate-collection","10"
"configured-pwsh","4","fallback-candidate-sort","1229"
"configured-pwsh","4","fallback-candidate-ordering","1266"
"configured-pwsh","4","font-cache-setup","5"
"configured-pwsh","4","font-family-preparation","32550"
"configured-pwsh","4","font-metrics","121"
"configured-pwsh","4","gpu-backend-policy","13"
"configured-pwsh","4","wgpu-instance","6515"
"configured-pwsh","4","surface-create","32"
"configured-pwsh","4","adapter-request-call","33587"
"configured-pwsh","4","adapter-request-poll","6"
"configured-pwsh","4","adapter-request","33624"
"configured-pwsh","4","device-request-call","26242"
"configured-pwsh","4","device-request-poll","2"
"configured-pwsh","4","device-request","26279"
"configured-pwsh","4","gpu-initialize","67069"
"configured-pwsh","4","adapter-info","0"
"configured-pwsh","4","surface-capabilities-and-config","8"
"configured-pwsh","4","surface-configure","4465"
"configured-pwsh","4","initial-grid-resize","100"
"configured-pwsh","4","initial-ui-and-pane-layout","5"
"configured-pwsh","4","initial-projection","25"
"configured-pwsh","4","surface-acquire","40"
"configured-pwsh","4","shader-module-create","315"
"configured-pwsh","4","glyph-bind-group-layout","39"
"configured-pwsh","4","shader-and-layout","376"
"configured-pwsh","4","rectangle-pipeline","5041"
"configured-pwsh","4","glyph-pipeline","6004"
"configured-pwsh","4","atlas-texture-create","1515"
"configured-pwsh","4","atlas-view-sampler-bind-group","279"
"configured-pwsh","4","glyph-atlas","1848"
"configured-pwsh","4","frame-texture-view","151"
"configured-pwsh","4","instance-generation","3"
"configured-pwsh","4","instance-buffer-allocation","102"
"configured-pwsh","4","instance-buffer-writes","126"
"configured-pwsh","4","buffer-create-upload","260"
"configured-pwsh","4","render-encoding","510"
"configured-pwsh","4","queue-submit","382"
"configured-pwsh","4","pre-present-notify","0"
"configured-pwsh","4","first-present","278"
"cmd","4","cli-parse","651"
"cmd","4","event-loop-create","3306"
"cmd","4","application-default-state","138"
"cmd","4","application-state-and-paths","170"
"cmd","4","config-read-parse","217"
"cmd","4","workspace-model-and-runtimes","11"
"cmd","4","window-create-and-branding","12463"
"cmd","4","font-database-create","0"
"cmd","4","system-font-discovery","27721"
"cmd","4","font-configured-family-query","10"
"cmd","4","font-primary-monospace-validation","0"
"cmd","4","font-family-resolution","26"
"cmd","4","fallback-candidate-collection","10"
"cmd","4","fallback-candidate-sort","1062"
"cmd","4","fallback-candidate-ordering","1091"
"cmd","4","font-cache-setup","4"
"cmd","4","font-family-preparation","28898"
"cmd","4","font-metrics","67"
"cmd","4","gpu-backend-policy","8"
"cmd","4","wgpu-instance","5462"
"cmd","4","surface-create","27"
"cmd","4","adapter-request-call","33701"
"cmd","4","adapter-request-poll","5"
"cmd","4","adapter-request","33736"
"cmd","4","device-request-call","24897"
"cmd","4","device-request-poll","2"
"cmd","4","device-request","24937"
"cmd","4","gpu-initialize","64703"
"cmd","4","adapter-info","1"
"cmd","4","surface-capabilities-and-config","8"
"cmd","4","surface-configure","4332"
"cmd","4","initial-grid-resize","118"
"cmd","4","initial-ui-and-pane-layout","5"
"cmd","4","initial-projection","28"
"cmd","4","surface-acquire","35"
"cmd","4","shader-module-create","325"
"cmd","4","glyph-bind-group-layout","47"
"cmd","4","shader-and-layout","396"
"cmd","4","rectangle-pipeline","5092"
"cmd","4","glyph-pipeline","5612"
"cmd","4","atlas-texture-create","1188"
"cmd","4","atlas-view-sampler-bind-group","171"
"cmd","4","glyph-atlas","1400"
"cmd","4","frame-texture-view","8"
"cmd","4","instance-generation","2"
"cmd","4","instance-buffer-allocation","86"
"cmd","4","instance-buffer-writes","161"
"cmd","4","buffer-create-upload","272"
"cmd","4","render-encoding","650"
"cmd","4","queue-submit","426"
"cmd","4","pre-present-notify","0"
"cmd","4","first-present","274"
"no-profile","4","cli-parse","684"
"no-profile","4","event-loop-create","3785"
"no-profile","4","application-default-state","150"
"no-profile","4","application-state-and-paths","182"
"no-profile","4","config-read-parse","221"
"no-profile","4","workspace-model-and-runtimes","10"
"no-profile","4","window-create-and-branding","12716"
"no-profile","4","font-database-create","0"
"no-profile","4","system-font-discovery","34843"
"no-profile","4","font-configured-family-query","12"
"no-profile","4","font-primary-monospace-validation","0"
"no-profile","4","font-family-resolution","28"
"no-profile","4","fallback-candidate-collection","10"
"no-profile","4","fallback-candidate-sort","1065"
"no-profile","4","fallback-candidate-ordering","1093"
"no-profile","4","font-cache-setup","4"
"no-profile","4","font-family-preparation","36026"
"no-profile","4","font-metrics","60"
"no-profile","4","gpu-backend-policy","9"
"no-profile","4","wgpu-instance","6890"
"no-profile","4","surface-create","32"
"no-profile","4","adapter-request-call","34322"
"no-profile","4","adapter-request-poll","6"
"no-profile","4","adapter-request","34360"
"no-profile","4","device-request-call","25484"
"no-profile","4","device-request-poll","3"
"no-profile","4","device-request","25519"
"no-profile","4","gpu-initialize","67347"
"no-profile","4","adapter-info","1"
"no-profile","4","surface-capabilities-and-config","9"
"no-profile","4","surface-configure","4311"
"no-profile","4","initial-grid-resize","126"
"no-profile","4","initial-ui-and-pane-layout","5"
"no-profile","4","initial-projection","25"
"no-profile","4","surface-acquire","44"
"no-profile","4","shader-module-create","303"
"no-profile","4","glyph-bind-group-layout","36"
"no-profile","4","shader-and-layout","358"
"no-profile","4","rectangle-pipeline","4975"
"no-profile","4","glyph-pipeline","6022"
"no-profile","4","atlas-texture-create","1224"
"no-profile","4","atlas-view-sampler-bind-group","203"
"no-profile","4","glyph-atlas","1470"
"no-profile","4","frame-texture-view","10"
"no-profile","4","instance-generation","3"
"no-profile","4","instance-buffer-allocation","131"
"no-profile","4","instance-buffer-writes","129"
"no-profile","4","buffer-create-upload","289"
"no-profile","4","render-encoding","444"
"no-profile","4","queue-submit","320"
"no-profile","4","pre-present-notify","0"
"no-profile","4","first-present","349"
"cmd","5","cli-parse","638"
"cmd","5","event-loop-create","4759"
"cmd","5","application-default-state","137"
"cmd","5","application-state-and-paths","169"
"cmd","5","config-read-parse","221"
"cmd","5","workspace-model-and-runtimes","10"
"cmd","5","window-create-and-branding","14098"
"cmd","5","font-database-create","0"
"cmd","5","system-font-discovery","25666"
"cmd","5","font-configured-family-query","8"
"cmd","5","font-primary-monospace-validation","0"
"cmd","5","font-family-resolution","25"
"cmd","5","fallback-candidate-collection","10"
"cmd","5","fallback-candidate-sort","1127"
"cmd","5","fallback-candidate-ordering","1157"
"cmd","5","font-cache-setup","3"
"cmd","5","font-family-preparation","26910"
"cmd","5","font-metrics","70"
"cmd","5","gpu-backend-policy","9"
"cmd","5","wgpu-instance","6045"
"cmd","5","surface-create","30"
"cmd","5","adapter-request-call","31642"
"cmd","5","adapter-request-poll","6"
"cmd","5","adapter-request","31680"
"cmd","5","device-request-call","25050"
"cmd","5","device-request-poll","2"
"cmd","5","device-request","25084"
"cmd","5","gpu-initialize","63451"
"cmd","5","adapter-info","1"
"cmd","5","surface-capabilities-and-config","8"
"cmd","5","surface-configure","5191"
"cmd","5","initial-grid-resize","124"
"cmd","5","initial-ui-and-pane-layout","4"
"cmd","5","initial-projection","26"
"cmd","5","surface-acquire","43"
"cmd","5","shader-module-create","323"
"cmd","5","glyph-bind-group-layout","45"
"cmd","5","shader-and-layout","390"
"cmd","5","rectangle-pipeline","5323"
"cmd","5","glyph-pipeline","6454"
"cmd","5","atlas-texture-create","1362"
"cmd","5","atlas-view-sampler-bind-group","178"
"cmd","5","glyph-atlas","1584"
"cmd","5","frame-texture-view","11"
"cmd","5","instance-generation","2"
"cmd","5","instance-buffer-allocation","109"
"cmd","5","instance-buffer-writes","107"
"cmd","5","buffer-create-upload","244"
"cmd","5","render-encoding","603"
"cmd","5","queue-submit","361"
"cmd","5","pre-present-notify","0"
"cmd","5","first-present","291"
"no-profile","5","cli-parse","707"
"no-profile","5","event-loop-create","3444"
"no-profile","5","application-default-state","133"
"no-profile","5","application-state-and-paths","160"
"no-profile","5","config-read-parse","229"
"no-profile","5","workspace-model-and-runtimes","11"
"no-profile","5","window-create-and-branding","12499"
"no-profile","5","font-database-create","0"
"no-profile","5","system-font-discovery","27575"
"no-profile","5","font-configured-family-query","12"
"no-profile","5","font-primary-monospace-validation","0"
"no-profile","5","font-family-resolution","28"
"no-profile","5","fallback-candidate-collection","9"
"no-profile","5","fallback-candidate-sort","1049"
"no-profile","5","fallback-candidate-ordering","1076"
"no-profile","5","font-cache-setup","4"
"no-profile","5","font-family-preparation","28741"
"no-profile","5","font-metrics","66"
"no-profile","5","gpu-backend-policy","11"
"no-profile","5","wgpu-instance","5600"
"no-profile","5","surface-create","28"
"no-profile","5","adapter-request-call","35430"
"no-profile","5","adapter-request-poll","5"
"no-profile","5","adapter-request","35462"
"no-profile","5","device-request-call","24356"
"no-profile","5","device-request-poll","2"
"no-profile","5","device-request","24397"
"no-profile","5","gpu-initialize","66048"
"no-profile","5","adapter-info","0"
"no-profile","5","surface-capabilities-and-config","10"
"no-profile","5","surface-configure","5000"
"no-profile","5","initial-grid-resize","126"
"no-profile","5","initial-ui-and-pane-layout","5"
"no-profile","5","initial-projection","26"
"no-profile","5","surface-acquire","63"
"no-profile","5","shader-module-create","314"
"no-profile","5","glyph-bind-group-layout","43"
"no-profile","5","shader-and-layout","376"
"no-profile","5","rectangle-pipeline","4811"
"no-profile","5","glyph-pipeline","5290"
"no-profile","5","atlas-texture-create","1261"
"no-profile","5","atlas-view-sampler-bind-group","195"
"no-profile","5","glyph-atlas","1514"
"no-profile","5","frame-texture-view","10"
"no-profile","5","instance-generation","3"
"no-profile","5","instance-buffer-allocation","150"
"no-profile","5","instance-buffer-writes","110"
"no-profile","5","buffer-create-upload","283"
"no-profile","5","render-encoding","587"
"no-profile","5","queue-submit","382"
"no-profile","5","pre-present-notify","0"
"no-profile","5","first-present","681"
"configured-pwsh","5","cli-parse","712"
"configured-pwsh","5","event-loop-create","4940"
"configured-pwsh","5","application-default-state","148"
"configured-pwsh","5","application-state-and-paths","182"
"configured-pwsh","5","config-read-parse","249"
"configured-pwsh","5","workspace-model-and-runtimes","10"
"configured-pwsh","5","window-create-and-branding","12639"
"configured-pwsh","5","font-database-create","0"
"configured-pwsh","5","system-font-discovery","26301"
"configured-pwsh","5","font-configured-family-query","10"
"configured-pwsh","5","font-primary-monospace-validation","0"
"configured-pwsh","5","font-family-resolution","26"
"configured-pwsh","5","fallback-candidate-collection","6"
"configured-pwsh","5","fallback-candidate-sort","1056"
"configured-pwsh","5","fallback-candidate-ordering","1081"
"configured-pwsh","5","font-cache-setup","4"
"configured-pwsh","5","font-family-preparation","27467"
"configured-pwsh","5","font-metrics","64"
"configured-pwsh","5","gpu-backend-policy","9"
"configured-pwsh","5","wgpu-instance","5375"
"configured-pwsh","5","surface-create","26"
"configured-pwsh","5","adapter-request-call","32222"
"configured-pwsh","5","adapter-request-poll","5"
"configured-pwsh","5","adapter-request","32259"
"configured-pwsh","5","device-request-call","23749"
"configured-pwsh","5","device-request-poll","3"
"configured-pwsh","5","device-request","23784"
"configured-pwsh","5","gpu-initialize","62020"
"configured-pwsh","5","adapter-info","1"
"configured-pwsh","5","surface-capabilities-and-config","8"
"configured-pwsh","5","surface-configure","4774"
"configured-pwsh","5","initial-grid-resize","114"
"configured-pwsh","5","initial-ui-and-pane-layout","4"
"configured-pwsh","5","initial-projection","36"
"configured-pwsh","5","surface-acquire","36"
"configured-pwsh","5","shader-module-create","321"
"configured-pwsh","5","glyph-bind-group-layout","32"
"configured-pwsh","5","shader-and-layout","371"
"configured-pwsh","5","rectangle-pipeline","4772"
"configured-pwsh","5","glyph-pipeline","5869"
"configured-pwsh","5","atlas-texture-create","1551"
"configured-pwsh","5","atlas-view-sampler-bind-group","205"
"configured-pwsh","5","glyph-atlas","1801"
"configured-pwsh","5","frame-texture-view","9"
"configured-pwsh","5","instance-generation","5"
"configured-pwsh","5","instance-buffer-allocation","169"
"configured-pwsh","5","instance-buffer-writes","168"
"configured-pwsh","5","buffer-create-upload","382"
"configured-pwsh","5","render-encoding","474"
"configured-pwsh","5","queue-submit","496"
"configured-pwsh","5","pre-present-notify","0"
"configured-pwsh","5","first-present","367"
"no-profile","6","cli-parse","841"
"no-profile","6","event-loop-create","4330"
"no-profile","6","application-default-state","150"
"no-profile","6","application-state-and-paths","192"
"no-profile","6","config-read-parse","242"
"no-profile","6","workspace-model-and-runtimes","11"
"no-profile","6","window-create-and-branding","14237"
"no-profile","6","font-database-create","0"
"no-profile","6","system-font-discovery","24778"
"no-profile","6","font-configured-family-query","9"
"no-profile","6","font-primary-monospace-validation","0"
"no-profile","6","font-family-resolution","25"
"no-profile","6","fallback-candidate-collection","6"
"no-profile","6","fallback-candidate-sort","1059"
"no-profile","6","fallback-candidate-ordering","1083"
"no-profile","6","font-cache-setup","3"
"no-profile","6","font-family-preparation","25945"
"no-profile","6","font-metrics","64"
"no-profile","6","gpu-backend-policy","9"
"no-profile","6","wgpu-instance","6351"
"no-profile","6","surface-create","32"
"no-profile","6","adapter-request-call","33092"
"no-profile","6","adapter-request-poll","6"
"no-profile","6","adapter-request","33130"
"no-profile","6","device-request-call","24607"
"no-profile","6","device-request-poll","3"
"no-profile","6","device-request","24649"
"no-profile","6","gpu-initialize","64784"
"no-profile","6","adapter-info","1"
"no-profile","6","surface-capabilities-and-config","9"
"no-profile","6","surface-configure","4962"
"no-profile","6","initial-grid-resize","96"
"no-profile","6","initial-ui-and-pane-layout","6"
"no-profile","6","initial-projection","25"
"no-profile","6","surface-acquire","44"
"no-profile","6","shader-module-create","294"
"no-profile","6","glyph-bind-group-layout","35"
"no-profile","6","shader-and-layout","347"
"no-profile","6","rectangle-pipeline","5150"
"no-profile","6","glyph-pipeline","5876"
"no-profile","6","atlas-texture-create","1172"
"no-profile","6","atlas-view-sampler-bind-group","183"
"no-profile","6","glyph-atlas","1406"
"no-profile","6","frame-texture-view","9"
"no-profile","6","instance-generation","2"
"no-profile","6","instance-buffer-allocation","80"
"no-profile","6","instance-buffer-writes","226"
"no-profile","6","buffer-create-upload","341"
"no-profile","6","render-encoding","677"
"no-profile","6","queue-submit","462"
"no-profile","6","pre-present-notify","0"
"no-profile","6","first-present","289"
"configured-pwsh","6","cli-parse","642"
"configured-pwsh","6","event-loop-create","4326"
"configured-pwsh","6","application-default-state","135"
"configured-pwsh","6","application-state-and-paths","164"
"configured-pwsh","6","config-read-parse","210"
"configured-pwsh","6","workspace-model-and-runtimes","12"
"configured-pwsh","6","window-create-and-branding","12483"
"configured-pwsh","6","font-database-create","0"
"configured-pwsh","6","system-font-discovery","26647"
"configured-pwsh","6","font-configured-family-query","10"
"configured-pwsh","6","font-primary-monospace-validation","0"
"configured-pwsh","6","font-family-resolution","26"
"configured-pwsh","6","fallback-candidate-collection","6"
"configured-pwsh","6","fallback-candidate-sort","1026"
"configured-pwsh","6","fallback-candidate-ordering","1049"
"configured-pwsh","6","font-cache-setup","3"
"configured-pwsh","6","font-family-preparation","27779"
"configured-pwsh","6","font-metrics","60"
"configured-pwsh","6","gpu-backend-policy","9"
"configured-pwsh","6","wgpu-instance","6427"
"configured-pwsh","6","surface-create","26"
"configured-pwsh","6","adapter-request-call","31643"
"configured-pwsh","6","adapter-request-poll","7"
"configured-pwsh","6","adapter-request","31685"
"configured-pwsh","6","device-request-call","24333"
"configured-pwsh","6","device-request-poll","3"
"configured-pwsh","6","device-request","24372"
"configured-pwsh","6","gpu-initialize","63089"
"configured-pwsh","6","adapter-info","1"
"configured-pwsh","6","surface-capabilities-and-config","8"
"configured-pwsh","6","surface-configure","4492"
"configured-pwsh","6","initial-grid-resize","89"
"configured-pwsh","6","initial-ui-and-pane-layout","6"
"configured-pwsh","6","initial-projection","26"
"configured-pwsh","6","surface-acquire","40"
"configured-pwsh","6","shader-module-create","306"
"configured-pwsh","6","glyph-bind-group-layout","47"
"configured-pwsh","6","shader-and-layout","376"
"configured-pwsh","6","rectangle-pipeline","5281"
"configured-pwsh","6","glyph-pipeline","5563"
"configured-pwsh","6","atlas-texture-create","1148"
"configured-pwsh","6","atlas-view-sampler-bind-group","273"
"configured-pwsh","6","glyph-atlas","1469"
"configured-pwsh","6","frame-texture-view","10"
"configured-pwsh","6","instance-generation","2"
"configured-pwsh","6","instance-buffer-allocation","116"
"configured-pwsh","6","instance-buffer-writes","106"
"configured-pwsh","6","buffer-create-upload","245"
"configured-pwsh","6","render-encoding","628"
"configured-pwsh","6","queue-submit","378"
"configured-pwsh","6","pre-present-notify","0"
"configured-pwsh","6","first-present","475"
"cmd","6","cli-parse","709"
"cmd","6","event-loop-create","3822"
"cmd","6","application-default-state","143"
"cmd","6","application-state-and-paths","171"
"cmd","6","config-read-parse","226"
"cmd","6","workspace-model-and-runtimes","10"
"cmd","6","window-create-and-branding","13414"
"cmd","6","font-database-create","0"
"cmd","6","system-font-discovery","28704"
"cmd","6","font-configured-family-query","11"
"cmd","6","font-primary-monospace-validation","0"
"cmd","6","font-family-resolution","29"
"cmd","6","fallback-candidate-collection","10"
"cmd","6","fallback-candidate-sort","1194"
"cmd","6","fallback-candidate-ordering","1226"
"cmd","6","font-cache-setup","4"
"cmd","6","font-family-preparation","30027"
"cmd","6","font-metrics","79"
"cmd","6","gpu-backend-policy","10"
"cmd","6","wgpu-instance","7613"
"cmd","6","surface-create","28"
"cmd","6","adapter-request-call","32441"
"cmd","6","adapter-request-poll","5"
"cmd","6","adapter-request","32474"
"cmd","6","device-request-call","23385"
"cmd","6","device-request-poll","2"
"cmd","6","device-request","23420"
"cmd","6","gpu-initialize","64084"
"cmd","6","adapter-info","1"
"cmd","6","surface-capabilities-and-config","7"
"cmd","6","surface-configure","4685"
"cmd","6","initial-grid-resize","120"
"cmd","6","initial-ui-and-pane-layout","6"
"cmd","6","initial-projection","29"
"cmd","6","surface-acquire","47"
"cmd","6","shader-module-create","510"
"cmd","6","glyph-bind-group-layout","51"
"cmd","6","shader-and-layout","593"
"cmd","6","rectangle-pipeline","5323"
"cmd","6","glyph-pipeline","5810"
"cmd","6","atlas-texture-create","1591"
"cmd","6","atlas-view-sampler-bind-group","380"
"cmd","6","glyph-atlas","2024"
"cmd","6","frame-texture-view","14"
"cmd","6","instance-generation","3"
"cmd","6","instance-buffer-allocation","137"
"cmd","6","instance-buffer-writes","164"
"cmd","6","buffer-create-upload","515"
"cmd","6","render-encoding","993"
"cmd","6","queue-submit","544"
"cmd","6","pre-present-notify","0"
"cmd","6","first-present","304"
"configured-pwsh","7","cli-parse","691"
"configured-pwsh","7","event-loop-create","5205"
"configured-pwsh","7","application-default-state","148"
"configured-pwsh","7","application-state-and-paths","176"
"configured-pwsh","7","config-read-parse","200"
"configured-pwsh","7","workspace-model-and-runtimes","9"
"configured-pwsh","7","window-create-and-branding","13050"
"configured-pwsh","7","font-database-create","1"
"configured-pwsh","7","system-font-discovery","27087"
"configured-pwsh","7","font-configured-family-query","10"
"configured-pwsh","7","font-primary-monospace-validation","0"
"configured-pwsh","7","font-family-resolution","26"
"configured-pwsh","7","fallback-candidate-collection","6"
"configured-pwsh","7","fallback-candidate-sort","1040"
"configured-pwsh","7","fallback-candidate-ordering","1064"
"configured-pwsh","7","font-cache-setup","3"
"configured-pwsh","7","font-family-preparation","28249"
"configured-pwsh","7","font-metrics","57"
"configured-pwsh","7","gpu-backend-policy","9"
"configured-pwsh","7","wgpu-instance","6749"
"configured-pwsh","7","surface-create","34"
"configured-pwsh","7","adapter-request-call","31879"
"configured-pwsh","7","adapter-request-poll","6"
"configured-pwsh","7","adapter-request","31917"
"configured-pwsh","7","device-request-call","24500"
"configured-pwsh","7","device-request-poll","3"
"configured-pwsh","7","device-request","24536"
"configured-pwsh","7","gpu-initialize","63830"
"configured-pwsh","7","adapter-info","2"
"configured-pwsh","7","surface-capabilities-and-config","8"
"configured-pwsh","7","surface-configure","4468"
"configured-pwsh","7","initial-grid-resize","118"
"configured-pwsh","7","initial-ui-and-pane-layout","6"
"configured-pwsh","7","initial-projection","33"
"configured-pwsh","7","surface-acquire","42"
"configured-pwsh","7","shader-module-create","299"
"configured-pwsh","7","glyph-bind-group-layout","50"
"configured-pwsh","7","shader-and-layout","369"
"configured-pwsh","7","rectangle-pipeline","4775"
"configured-pwsh","7","glyph-pipeline","6237"
"configured-pwsh","7","atlas-texture-create","1697"
"configured-pwsh","7","atlas-view-sampler-bind-group","232"
"configured-pwsh","7","glyph-atlas","1987"
"configured-pwsh","7","frame-texture-view","11"
"configured-pwsh","7","instance-generation","3"
"configured-pwsh","7","instance-buffer-allocation","133"
"configured-pwsh","7","instance-buffer-writes","151"
"configured-pwsh","7","buffer-create-upload","317"
"configured-pwsh","7","render-encoding","624"
"configured-pwsh","7","queue-submit","560"
"configured-pwsh","7","pre-present-notify","0"
"configured-pwsh","7","first-present","348"
"cmd","7","cli-parse","866"
"cmd","7","event-loop-create","3821"
"cmd","7","application-default-state","144"
"cmd","7","application-state-and-paths","177"
"cmd","7","config-read-parse","225"
"cmd","7","workspace-model-and-runtimes","11"
"cmd","7","window-create-and-branding","14678"
"cmd","7","font-database-create","5"
"cmd","7","system-font-discovery","26691"
"cmd","7","font-configured-family-query","10"
"cmd","7","font-primary-monospace-validation","0"
"cmd","7","font-family-resolution","26"
"cmd","7","fallback-candidate-collection","8"
"cmd","7","fallback-candidate-sort","1213"
"cmd","7","fallback-candidate-ordering","1243"
"cmd","7","font-cache-setup","4"
"cmd","7","font-family-preparation","28022"
"cmd","7","font-metrics","90"
"cmd","7","gpu-backend-policy","9"
"cmd","7","wgpu-instance","5629"
"cmd","7","surface-create","26"
"cmd","7","adapter-request-call","29887"
"cmd","7","adapter-request-poll","5"
"cmd","7","adapter-request","29920"
"cmd","7","device-request-call","24779"
"cmd","7","device-request-poll","2"
"cmd","7","device-request","24811"
"cmd","7","gpu-initialize","60914"
"cmd","7","adapter-info","1"
"cmd","7","surface-capabilities-and-config","8"
"cmd","7","surface-configure","4189"
"cmd","7","initial-grid-resize","115"
"cmd","7","initial-ui-and-pane-layout","6"
"cmd","7","initial-projection","30"
"cmd","7","surface-acquire","42"
"cmd","7","shader-module-create","331"
"cmd","7","glyph-bind-group-layout","40"
"cmd","7","shader-and-layout","395"
"cmd","7","rectangle-pipeline","5138"
"cmd","7","glyph-pipeline","5854"
"cmd","7","atlas-texture-create","1359"
"cmd","7","atlas-view-sampler-bind-group","185"
"cmd","7","glyph-atlas","1595"
"cmd","7","frame-texture-view","8"
"cmd","7","instance-generation","2"
"cmd","7","instance-buffer-allocation","100"
"cmd","7","instance-buffer-writes","130"
"cmd","7","buffer-create-upload","254"
"cmd","7","render-encoding","508"
"cmd","7","queue-submit","439"
"cmd","7","pre-present-notify","0"
"cmd","7","first-present","345"
"no-profile","7","cli-parse","642"
"no-profile","7","event-loop-create","3351"
"no-profile","7","application-default-state","128"
"no-profile","7","application-state-and-paths","156"
"no-profile","7","config-read-parse","223"
"no-profile","7","workspace-model-and-runtimes","12"
"no-profile","7","window-create-and-branding","15431"
"no-profile","7","font-database-create","0"
"no-profile","7","system-font-discovery","25374"
"no-profile","7","font-configured-family-query","8"
"no-profile","7","font-primary-monospace-validation","0"
"no-profile","7","font-family-resolution","25"
"no-profile","7","fallback-candidate-collection","7"
"no-profile","7","fallback-candidate-sort","1041"
"no-profile","7","fallback-candidate-ordering","1067"
"no-profile","7","font-cache-setup","3"
"no-profile","7","font-family-preparation","26523"
"no-profile","7","font-metrics","55"
"no-profile","7","gpu-backend-policy","8"
"no-profile","7","wgpu-instance","5569"
"no-profile","7","surface-create","26"
"no-profile","7","adapter-request-call","32514"
"no-profile","7","adapter-request-poll","5"
"no-profile","7","adapter-request","32549"
"no-profile","7","device-request-call","25754"
"no-profile","7","device-request-poll","3"
"no-profile","7","device-request","25791"
"no-profile","7","gpu-initialize","64490"
"no-profile","7","adapter-info","1"
"no-profile","7","surface-capabilities-and-config","8"
"no-profile","7","surface-configure","4378"
"no-profile","7","initial-grid-resize","84"
"no-profile","7","initial-ui-and-pane-layout","5"
"no-profile","7","initial-projection","27"
"no-profile","7","surface-acquire","42"
"no-profile","7","shader-module-create","324"
"no-profile","7","glyph-bind-group-layout","40"
"no-profile","7","shader-and-layout","386"
"no-profile","7","rectangle-pipeline","5020"
"no-profile","7","glyph-pipeline","5225"
"no-profile","7","atlas-texture-create","1309"
"no-profile","7","atlas-view-sampler-bind-group","179"
"no-profile","7","glyph-atlas","1526"
"no-profile","7","frame-texture-view","9"
"no-profile","7","instance-generation","3"
"no-profile","7","instance-buffer-allocation","130"
"no-profile","7","instance-buffer-writes","159"
"no-profile","7","buffer-create-upload","323"
"no-profile","7","render-encoding","559"
"no-profile","7","queue-submit","424"
"no-profile","7","pre-present-notify","0"
"no-profile","7","first-present","338"
"cmd","8","cli-parse","670"
"cmd","8","event-loop-create","4625"
"cmd","8","application-default-state","141"
"cmd","8","application-state-and-paths","172"
"cmd","8","config-read-parse","231"
"cmd","8","workspace-model-and-runtimes","11"
"cmd","8","window-create-and-branding","15096"
"cmd","8","font-database-create","1"
"cmd","8","system-font-discovery","25062"
"cmd","8","font-configured-family-query","11"
"cmd","8","font-primary-monospace-validation","0"
"cmd","8","font-family-resolution","30"
"cmd","8","fallback-candidate-collection","10"
"cmd","8","fallback-candidate-sort","1178"
"cmd","8","fallback-candidate-ordering","1210"
"cmd","8","font-cache-setup","4"
"cmd","8","font-family-preparation","26365"
"cmd","8","font-metrics","72"
"cmd","8","gpu-backend-policy","9"
"cmd","8","wgpu-instance","6617"
"cmd","8","surface-create","33"
"cmd","8","adapter-request-call","33173"
"cmd","8","adapter-request-poll","5"
"cmd","8","adapter-request","33208"
"cmd","8","device-request-call","24976"
"cmd","8","device-request-poll","3"
"cmd","8","device-request","25019"
"cmd","8","gpu-initialize","65421"
"cmd","8","adapter-info","1"
"cmd","8","surface-capabilities-and-config","9"
"cmd","8","surface-configure","4984"
"cmd","8","initial-grid-resize","135"
"cmd","8","initial-ui-and-pane-layout","7"
"cmd","8","initial-projection","34"
"cmd","8","surface-acquire","47"
"cmd","8","shader-module-create","309"
"cmd","8","glyph-bind-group-layout","56"
"cmd","8","shader-and-layout","405"
"cmd","8","rectangle-pipeline","5116"
"cmd","8","glyph-pipeline","5656"
"cmd","8","atlas-texture-create","1137"
"cmd","8","atlas-view-sampler-bind-group","169"
"cmd","8","glyph-atlas","1347"
"cmd","8","frame-texture-view","8"
"cmd","8","instance-generation","2"
"cmd","8","instance-buffer-allocation","66"
"cmd","8","instance-buffer-writes","95"
"cmd","8","buffer-create-upload","196"
"cmd","8","render-encoding","389"
"cmd","8","queue-submit","347"
"cmd","8","pre-present-notify","0"
"cmd","8","first-present","387"
"no-profile","8","cli-parse","751"
"no-profile","8","event-loop-create","3222"
"no-profile","8","application-default-state","135"
"no-profile","8","application-state-and-paths","162"
"no-profile","8","config-read-parse","213"
"no-profile","8","workspace-model-and-runtimes","11"
"no-profile","8","window-create-and-branding","13939"
"no-profile","8","font-database-create","0"
"no-profile","8","system-font-discovery","27180"
"no-profile","8","font-configured-family-query","12"
"no-profile","8","font-primary-monospace-validation","0"
"no-profile","8","font-family-resolution","28"
"no-profile","8","fallback-candidate-collection","7"
"no-profile","8","fallback-candidate-sort","1099"
"no-profile","8","fallback-candidate-ordering","1124"
"no-profile","8","font-cache-setup","3"
"no-profile","8","font-family-preparation","28395"
"no-profile","8","font-metrics","64"
"no-profile","8","gpu-backend-policy","9"
"no-profile","8","wgpu-instance","5897"
"no-profile","8","surface-create","31"
"no-profile","8","adapter-request-call","30814"
"no-profile","8","adapter-request-poll","5"
"no-profile","8","adapter-request","30849"
"no-profile","8","device-request-call","25644"
"no-profile","8","device-request-poll","2"
"no-profile","8","device-request","25679"
"no-profile","8","gpu-initialize","62989"
"no-profile","8","adapter-info","1"
"no-profile","8","surface-capabilities-and-config","7"
"no-profile","8","surface-configure","4024"
"no-profile","8","initial-grid-resize","109"
"no-profile","8","initial-ui-and-pane-layout","4"
"no-profile","8","initial-projection","50"
"no-profile","8","surface-acquire","38"
"no-profile","8","shader-module-create","317"
"no-profile","8","glyph-bind-group-layout","38"
"no-profile","8","shader-and-layout","382"
"no-profile","8","rectangle-pipeline","5289"
"no-profile","8","glyph-pipeline","5282"
"no-profile","8","atlas-texture-create","1300"
"no-profile","8","atlas-view-sampler-bind-group","251"
"no-profile","8","glyph-atlas","1597"
"no-profile","8","frame-texture-view","8"
"no-profile","8","instance-generation","3"
"no-profile","8","instance-buffer-allocation","97"
"no-profile","8","instance-buffer-writes","134"
"no-profile","8","buffer-create-upload","255"
"no-profile","8","render-encoding","572"
"no-profile","8","queue-submit","402"
"no-profile","8","pre-present-notify","0"
"no-profile","8","first-present","303"
"configured-pwsh","8","cli-parse","698"
"configured-pwsh","8","event-loop-create","4235"
"configured-pwsh","8","application-default-state","141"
"configured-pwsh","8","application-state-and-paths","171"
"configured-pwsh","8","config-read-parse","221"
"configured-pwsh","8","workspace-model-and-runtimes","11"
"configured-pwsh","8","window-create-and-branding","15492"
"configured-pwsh","8","font-database-create","0"
"configured-pwsh","8","system-font-discovery","26648"
"configured-pwsh","8","font-configured-family-query","12"
"configured-pwsh","8","font-primary-monospace-validation","0"
"configured-pwsh","8","font-family-resolution","32"
"configured-pwsh","8","fallback-candidate-collection","7"
"configured-pwsh","8","fallback-candidate-sort","1198"
"configured-pwsh","8","fallback-candidate-ordering","1227"
"configured-pwsh","8","font-cache-setup","4"
"configured-pwsh","8","font-family-preparation","27978"
"configured-pwsh","8","font-metrics","76"
"configured-pwsh","8","gpu-backend-policy","11"
"configured-pwsh","8","wgpu-instance","6257"
"configured-pwsh","8","surface-create","31"
"configured-pwsh","8","adapter-request-call","31074"
"configured-pwsh","8","adapter-request-poll","5"
"configured-pwsh","8","adapter-request","31110"
"configured-pwsh","8","device-request-call","24707"
"configured-pwsh","8","device-request-poll","2"
"configured-pwsh","8","device-request","24748"
"configured-pwsh","8","gpu-initialize","62715"
"configured-pwsh","8","adapter-info","1"
"configured-pwsh","8","surface-capabilities-and-config","9"
"configured-pwsh","8","surface-configure","5074"
"configured-pwsh","8","initial-grid-resize","111"
"configured-pwsh","8","initial-ui-and-pane-layout","5"
"configured-pwsh","8","initial-projection","25"
"configured-pwsh","8","surface-acquire","45"
"configured-pwsh","8","shader-module-create","310"
"configured-pwsh","8","glyph-bind-group-layout","47"
"configured-pwsh","8","shader-and-layout","377"
"configured-pwsh","8","rectangle-pipeline","4818"
"configured-pwsh","8","glyph-pipeline","5105"
"configured-pwsh","8","atlas-texture-create","1169"
"configured-pwsh","8","atlas-view-sampler-bind-group","174"
"configured-pwsh","8","glyph-atlas","1378"
"configured-pwsh","8","frame-texture-view","9"
"configured-pwsh","8","instance-generation","3"
"configured-pwsh","8","instance-buffer-allocation","70"
"configured-pwsh","8","instance-buffer-writes","87"
"configured-pwsh","8","buffer-create-upload","200"
"configured-pwsh","8","render-encoding","639"
"configured-pwsh","8","queue-submit","273"
"configured-pwsh","8","pre-present-notify","0"
"configured-pwsh","8","first-present","401"
"no-profile","9","cli-parse","680"
"no-profile","9","event-loop-create","5151"
"no-profile","9","application-default-state","140"
"no-profile","9","application-state-and-paths","172"
"no-profile","9","config-read-parse","236"
"no-profile","9","workspace-model-and-runtimes","12"
"no-profile","9","window-create-and-branding","14629"
"no-profile","9","font-database-create","0"
"no-profile","9","system-font-discovery","25123"
"no-profile","9","font-configured-family-query","8"
"no-profile","9","font-primary-monospace-validation","0"
"no-profile","9","font-family-resolution","24"
"no-profile","9","fallback-candidate-collection","6"
"no-profile","9","fallback-candidate-sort","1027"
"no-profile","9","fallback-candidate-ordering","1051"
"no-profile","9","font-cache-setup","3"
"no-profile","9","font-family-preparation","26257"
"no-profile","9","font-metrics","56"
"no-profile","9","gpu-backend-policy","8"
"no-profile","9","wgpu-instance","6735"
"no-profile","9","surface-create","32"
"no-profile","9","adapter-request-call","31860"
"no-profile","9","adapter-request-poll","5"
"no-profile","9","adapter-request","31893"
"no-profile","9","device-request-call","25295"
"no-profile","9","device-request-poll","7"
"no-profile","9","device-request","25335"
"no-profile","9","gpu-initialize","64553"
"no-profile","9","adapter-info","0"
"no-profile","9","surface-capabilities-and-config","19"
"no-profile","9","surface-configure","4057"
"no-profile","9","initial-grid-resize","84"
"no-profile","9","initial-ui-and-pane-layout","6"
"no-profile","9","initial-projection","32"
"no-profile","9","surface-acquire","45"
"no-profile","9","shader-module-create","333"
"no-profile","9","glyph-bind-group-layout","41"
"no-profile","9","shader-and-layout","396"
"no-profile","9","rectangle-pipeline","4708"
"no-profile","9","glyph-pipeline","4982"
"no-profile","9","atlas-texture-create","1225"
"no-profile","9","atlas-view-sampler-bind-group","156"
"no-profile","9","glyph-atlas","1415"
"no-profile","9","frame-texture-view","8"
"no-profile","9","instance-generation","2"
"no-profile","9","instance-buffer-allocation","68"
"no-profile","9","instance-buffer-writes","462"
"no-profile","9","buffer-create-upload","559"
"no-profile","9","render-encoding","550"
"no-profile","9","queue-submit","393"
"no-profile","9","pre-present-notify","0"
"no-profile","9","first-present","340"
"configured-pwsh","9","cli-parse","661"
"configured-pwsh","9","event-loop-create","3528"
"configured-pwsh","9","application-default-state","167"
"configured-pwsh","9","application-state-and-paths","224"
"configured-pwsh","9","config-read-parse","229"
"configured-pwsh","9","workspace-model-and-runtimes","11"
"configured-pwsh","9","window-create-and-branding","16394"
"configured-pwsh","9","font-database-create","0"
"configured-pwsh","9","system-font-discovery","28511"
"configured-pwsh","9","font-configured-family-query","11"
"configured-pwsh","9","font-primary-monospace-validation","0"
"configured-pwsh","9","font-family-resolution","27"
"configured-pwsh","9","fallback-candidate-collection","6"
"configured-pwsh","9","fallback-candidate-sort","1030"
"configured-pwsh","9","fallback-candidate-ordering","1055"
"configured-pwsh","9","font-cache-setup","3"
"configured-pwsh","9","font-family-preparation","29665"
"configured-pwsh","9","font-metrics","60"
"configured-pwsh","9","gpu-backend-policy","9"
"configured-pwsh","9","wgpu-instance","5842"
"configured-pwsh","9","surface-create","27"
"configured-pwsh","9","adapter-request-call","37353"
"configured-pwsh","9","adapter-request-poll","7"
"configured-pwsh","9","adapter-request","37400"
"configured-pwsh","9","device-request-call","26334"
"configured-pwsh","9","device-request-poll","3"
"configured-pwsh","9","device-request","26386"
"configured-pwsh","9","gpu-initialize","70251"
"configured-pwsh","9","adapter-info","1"
"configured-pwsh","9","surface-capabilities-and-config","11"
"configured-pwsh","9","surface-configure","4916"
"configured-pwsh","9","initial-grid-resize","107"
"configured-pwsh","9","initial-ui-and-pane-layout","5"
"configured-pwsh","9","initial-projection","28"
"configured-pwsh","9","surface-acquire","47"
"configured-pwsh","9","shader-module-create","307"
"configured-pwsh","9","glyph-bind-group-layout","42"
"configured-pwsh","9","shader-and-layout","370"
"configured-pwsh","9","rectangle-pipeline","5055"
"configured-pwsh","9","glyph-pipeline","8075"
"configured-pwsh","9","atlas-texture-create","1262"
"configured-pwsh","9","atlas-view-sampler-bind-group","271"
"configured-pwsh","9","glyph-atlas","1589"
"configured-pwsh","9","frame-texture-view","13"
"configured-pwsh","9","instance-generation","4"
"configured-pwsh","9","instance-buffer-allocation","124"
"configured-pwsh","9","instance-buffer-writes","147"
"configured-pwsh","9","buffer-create-upload","304"
"configured-pwsh","9","render-encoding","535"
"configured-pwsh","9","queue-submit","309"
"configured-pwsh","9","pre-present-notify","0"
"configured-pwsh","9","first-present","297"
"cmd","9","cli-parse","663"
"cmd","9","event-loop-create","3350"
"cmd","9","application-default-state","131"
"cmd","9","application-state-and-paths","159"
"cmd","9","config-read-parse","196"
"cmd","9","workspace-model-and-runtimes","10"
"cmd","9","window-create-and-branding","14873"
"cmd","9","font-database-create","0"
"cmd","9","system-font-discovery","24979"
"cmd","9","font-configured-family-query","9"
"cmd","9","font-primary-monospace-validation","0"
"cmd","9","font-family-resolution","25"
"cmd","9","fallback-candidate-collection","6"
"cmd","9","fallback-candidate-sort","1094"
"cmd","9","fallback-candidate-ordering","1121"
"cmd","9","font-cache-setup","4"
"cmd","9","font-family-preparation","26189"
"cmd","9","font-metrics","72"
"cmd","9","gpu-backend-policy","9"
"cmd","9","wgpu-instance","5534"
"cmd","9","surface-create","26"
"cmd","9","adapter-request-call","33286"
"cmd","9","adapter-request-poll","5"
"cmd","9","adapter-request","33321"
"cmd","9","device-request-call","24705"
"cmd","9","device-request-poll","16"
"cmd","9","device-request","24759"
"cmd","9","gpu-initialize","64187"
"cmd","9","adapter-info","1"
"cmd","9","surface-capabilities-and-config","8"
"cmd","9","surface-configure","4680"
"cmd","9","initial-grid-resize","108"
"cmd","9","initial-ui-and-pane-layout","7"
"cmd","9","initial-projection","30"
"cmd","9","surface-acquire","52"
"cmd","9","shader-module-create","323"
"cmd","9","glyph-bind-group-layout","41"
"cmd","9","shader-and-layout","383"
"cmd","9","rectangle-pipeline","5701"
"cmd","9","glyph-pipeline","5810"
"cmd","9","atlas-texture-create","1295"
"cmd","9","atlas-view-sampler-bind-group","158"
"cmd","9","glyph-atlas","1498"
"cmd","9","frame-texture-view","8"
"cmd","9","instance-generation","2"
"cmd","9","instance-buffer-allocation","66"
"cmd","9","instance-buffer-writes","75"
"cmd","9","buffer-create-upload","161"
"cmd","9","render-encoding","642"
"cmd","9","queue-submit","376"
"cmd","9","pre-present-notify","0"
"cmd","9","first-present","284"
"configured-pwsh","10","cli-parse","726"
"configured-pwsh","10","event-loop-create","4528"
"configured-pwsh","10","application-default-state","137"
"configured-pwsh","10","application-state-and-paths","169"
"configured-pwsh","10","config-read-parse","223"
"configured-pwsh","10","workspace-model-and-runtimes","11"
"configured-pwsh","10","window-create-and-branding","12866"
"configured-pwsh","10","font-database-create","0"
"configured-pwsh","10","system-font-discovery","26146"
"configured-pwsh","10","font-configured-family-query","10"
"configured-pwsh","10","font-primary-monospace-validation","0"
"configured-pwsh","10","font-family-resolution","26"
"configured-pwsh","10","fallback-candidate-collection","22"
"configured-pwsh","10","fallback-candidate-sort","1074"
"configured-pwsh","10","fallback-candidate-ordering","1116"
"configured-pwsh","10","font-cache-setup","4"
"configured-pwsh","10","font-family-preparation","27349"
"configured-pwsh","10","font-metrics","73"
"configured-pwsh","10","gpu-backend-policy","10"
"configured-pwsh","10","wgpu-instance","6482"
"configured-pwsh","10","surface-create","33"
"configured-pwsh","10","adapter-request-call","32007"
"configured-pwsh","10","adapter-request-poll","6"
"configured-pwsh","10","adapter-request","32045"
"configured-pwsh","10","device-request-call","25244"
"configured-pwsh","10","device-request-poll","2"
"configured-pwsh","10","device-request","25284"
"configured-pwsh","10","gpu-initialize","64425"
"configured-pwsh","10","adapter-info","1"
"configured-pwsh","10","surface-capabilities-and-config","7"
"configured-pwsh","10","surface-configure","4225"
"configured-pwsh","10","initial-grid-resize","76"
"configured-pwsh","10","initial-ui-and-pane-layout","5"
"configured-pwsh","10","initial-projection","25"
"configured-pwsh","10","surface-acquire","41"
"configured-pwsh","10","shader-module-create","308"
"configured-pwsh","10","glyph-bind-group-layout","35"
"configured-pwsh","10","shader-and-layout","364"
"configured-pwsh","10","rectangle-pipeline","4912"
"configured-pwsh","10","glyph-pipeline","5079"
"configured-pwsh","10","atlas-texture-create","1810"
"configured-pwsh","10","atlas-view-sampler-bind-group","314"
"configured-pwsh","10","glyph-atlas","2192"
"configured-pwsh","10","frame-texture-view","10"
"configured-pwsh","10","instance-generation","2"
"configured-pwsh","10","instance-buffer-allocation","142"
"configured-pwsh","10","instance-buffer-writes","132"
"configured-pwsh","10","buffer-create-upload","307"
"configured-pwsh","10","render-encoding","459"
"configured-pwsh","10","queue-submit","325"
"configured-pwsh","10","pre-present-notify","0"
"configured-pwsh","10","first-present","270"
"cmd","10","cli-parse","669"
"cmd","10","event-loop-create","3868"
"cmd","10","application-default-state","149"
"cmd","10","application-state-and-paths","181"
"cmd","10","config-read-parse","238"
"cmd","10","workspace-model-and-runtimes","12"
"cmd","10","window-create-and-branding","13299"
"cmd","10","font-database-create","1"
"cmd","10","system-font-discovery","27754"
"cmd","10","font-configured-family-query","12"
"cmd","10","font-primary-monospace-validation","0"
"cmd","10","font-family-resolution","31"
"cmd","10","fallback-candidate-collection","10"
"cmd","10","fallback-candidate-sort","1088"
"cmd","10","fallback-candidate-ordering","1119"
"cmd","10","font-cache-setup","6"
"cmd","10","font-family-preparation","28987"
"cmd","10","font-metrics","97"
"cmd","10","gpu-backend-policy","12"
"cmd","10","wgpu-instance","6823"
"cmd","10","surface-create","30"
"cmd","10","adapter-request-call","36206"
"cmd","10","adapter-request-poll","7"
"cmd","10","adapter-request","36251"
"cmd","10","device-request-call","25284"
"cmd","10","device-request-poll","6"
"cmd","10","device-request","25419"
"cmd","10","gpu-initialize","69117"
"cmd","10","adapter-info","1"
"cmd","10","surface-capabilities-and-config","9"
"cmd","10","surface-configure","4391"
"cmd","10","initial-grid-resize","106"
"cmd","10","initial-ui-and-pane-layout","6"
"cmd","10","initial-projection","27"
"cmd","10","surface-acquire","44"
"cmd","10","shader-module-create","343"
"cmd","10","glyph-bind-group-layout","45"
"cmd","10","shader-and-layout","408"
"cmd","10","rectangle-pipeline","4861"
"cmd","10","glyph-pipeline","5382"
"cmd","10","atlas-texture-create","1445"
"cmd","10","atlas-view-sampler-bind-group","224"
"cmd","10","glyph-atlas","1729"
"cmd","10","frame-texture-view","15"
"cmd","10","instance-generation","3"
"cmd","10","instance-buffer-allocation","125"
"cmd","10","instance-buffer-writes","165"
"cmd","10","buffer-create-upload","314"
"cmd","10","render-encoding","487"
"cmd","10","queue-submit","497"
"cmd","10","pre-present-notify","0"
"cmd","10","first-present","443"
"no-profile","10","cli-parse","690"
"no-profile","10","event-loop-create","3716"
"no-profile","10","application-default-state","126"
"no-profile","10","application-state-and-paths","153"
"no-profile","10","config-read-parse","190"
"no-profile","10","workspace-model-and-runtimes","10"
"no-profile","10","window-create-and-branding","14835"
"no-profile","10","font-database-create","1"
"no-profile","10","system-font-discovery","27804"
"no-profile","10","font-configured-family-query","11"
"no-profile","10","font-primary-monospace-validation","0"
"no-profile","10","font-family-resolution","30"
"no-profile","10","fallback-candidate-collection","13"
"no-profile","10","fallback-candidate-sort","3670"
"no-profile","10","fallback-candidate-ordering","3714"
"no-profile","10","font-cache-setup","7"
"no-profile","10","font-family-preparation","31619"
"no-profile","10","font-metrics","164"
"no-profile","10","gpu-backend-policy","13"
"no-profile","10","wgpu-instance","6260"
"no-profile","10","surface-create","29"
"no-profile","10","adapter-request-call","32068"
"no-profile","10","adapter-request-poll","5"
"no-profile","10","adapter-request","32101"
"no-profile","10","device-request-call","25366"
"no-profile","10","device-request-poll","2"
"no-profile","10","device-request","25401"
"no-profile","10","gpu-initialize","64343"
"no-profile","10","adapter-info","0"
"no-profile","10","surface-capabilities-and-config","7"
"no-profile","10","surface-configure","4197"
"no-profile","10","initial-grid-resize","73"
"no-profile","10","initial-ui-and-pane-layout","5"
"no-profile","10","initial-projection","27"
"no-profile","10","surface-acquire","38"
"no-profile","10","shader-module-create","295"
"no-profile","10","glyph-bind-group-layout","33"
"no-profile","10","shader-and-layout","346"
"no-profile","10","rectangle-pipeline","4581"
"no-profile","10","glyph-pipeline","5641"
"no-profile","10","atlas-texture-create","1377"
"no-profile","10","atlas-view-sampler-bind-group","211"
"no-profile","10","glyph-atlas","1625"
"no-profile","10","frame-texture-view","9"
"no-profile","10","instance-generation","3"
"no-profile","10","instance-buffer-allocation","215"
"no-profile","10","instance-buffer-writes","207"
"no-profile","10","buffer-create-upload","465"
"no-profile","10","render-encoding","481"
"no-profile","10","queue-submit","374"
"no-profile","10","pre-present-notify","0"
"no-profile","10","first-present","340"
"cmd","11","cli-parse","648"
"cmd","11","event-loop-create","3851"
"cmd","11","application-default-state","131"
"cmd","11","application-state-and-paths","159"
"cmd","11","config-read-parse","214"
"cmd","11","workspace-model-and-runtimes","10"
"cmd","11","window-create-and-branding","13866"
"cmd","11","font-database-create","0"
"cmd","11","system-font-discovery","27004"
"cmd","11","font-configured-family-query","10"
"cmd","11","font-primary-monospace-validation","0"
"cmd","11","font-family-resolution","29"
"cmd","11","fallback-candidate-collection","9"
"cmd","11","fallback-candidate-sort","1164"
"cmd","11","fallback-candidate-ordering","1194"
"cmd","11","font-cache-setup","4"
"cmd","11","font-family-preparation","28289"
"cmd","11","font-metrics","78"
"cmd","11","gpu-backend-policy","9"
"cmd","11","wgpu-instance","5537"
"cmd","11","surface-create","29"
"cmd","11","adapter-request-call","34738"
"cmd","11","adapter-request-poll","6"
"cmd","11","adapter-request","34778"
"cmd","11","device-request-call","24558"
"cmd","11","device-request-poll","2"
"cmd","11","device-request","24596"
"cmd","11","gpu-initialize","65471"
"cmd","11","adapter-info","1"
"cmd","11","surface-capabilities-and-config","22"
"cmd","11","surface-configure","4856"
"cmd","11","initial-grid-resize","79"
"cmd","11","initial-ui-and-pane-layout","5"
"cmd","11","initial-projection","23"
"cmd","11","surface-acquire","44"
"cmd","11","shader-module-create","331"
"cmd","11","glyph-bind-group-layout","39"
"cmd","11","shader-and-layout","391"
"cmd","11","rectangle-pipeline","5549"
"cmd","11","glyph-pipeline","5709"
"cmd","11","atlas-texture-create","1255"
"cmd","11","atlas-view-sampler-bind-group","363"
"cmd","11","glyph-atlas","1676"
"cmd","11","frame-texture-view","12"
"cmd","11","instance-generation","3"
"cmd","11","instance-buffer-allocation","151"
"cmd","11","instance-buffer-writes","202"
"cmd","11","buffer-create-upload","392"
"cmd","11","render-encoding","507"
"cmd","11","queue-submit","352"
"cmd","11","pre-present-notify","0"
"cmd","11","first-present","368"
"no-profile","11","cli-parse","668"
"no-profile","11","event-loop-create","3210"
"no-profile","11","application-default-state","140"
"no-profile","11","application-state-and-paths","172"
"no-profile","11","config-read-parse","213"
"no-profile","11","workspace-model-and-runtimes","10"
"no-profile","11","window-create-and-branding","12187"
"no-profile","11","font-database-create","0"
"no-profile","11","system-font-discovery","25860"
"no-profile","11","font-configured-family-query","25"
"no-profile","11","font-primary-monospace-validation","0"
"no-profile","11","font-family-resolution","44"
"no-profile","11","fallback-candidate-collection","7"
"no-profile","11","fallback-candidate-sort","1095"
"no-profile","11","fallback-candidate-ordering","1123"
"no-profile","11","font-cache-setup","4"
"no-profile","11","font-family-preparation","27093"
"no-profile","11","font-metrics","65"
"no-profile","11","gpu-backend-policy","10"
"no-profile","11","wgpu-instance","6821"
"no-profile","11","surface-create","28"
"no-profile","11","adapter-request-call","30594"
"no-profile","11","adapter-request-poll","6"
"no-profile","11","adapter-request","30632"
"no-profile","11","device-request-call","24331"
"no-profile","11","device-request-poll","2"
"no-profile","11","device-request","24365"
"no-profile","11","gpu-initialize","62435"
"no-profile","11","adapter-info","0"
"no-profile","11","surface-capabilities-and-config","8"
"no-profile","11","surface-configure","4179"
"no-profile","11","initial-grid-resize","131"
"no-profile","11","initial-ui-and-pane-layout","6"
"no-profile","11","initial-projection","34"
"no-profile","11","surface-acquire","44"
"no-profile","11","shader-module-create","299"
"no-profile","11","glyph-bind-group-layout","49"
"no-profile","11","shader-and-layout","438"
"no-profile","11","rectangle-pipeline","5615"
"no-profile","11","glyph-pipeline","5541"
"no-profile","11","atlas-texture-create","1483"
"no-profile","11","atlas-view-sampler-bind-group","211"
"no-profile","11","glyph-atlas","1742"
"no-profile","11","frame-texture-view","11"
"no-profile","11","instance-generation","2"
"no-profile","11","instance-buffer-allocation","128"
"no-profile","11","instance-buffer-writes","127"
"no-profile","11","buffer-create-upload","290"
"no-profile","11","render-encoding","494"
"no-profile","11","queue-submit","352"
"no-profile","11","pre-present-notify","0"
"no-profile","11","first-present","400"
"configured-pwsh","11","cli-parse","666"
"configured-pwsh","11","event-loop-create","4291"
"configured-pwsh","11","application-default-state","140"
"configured-pwsh","11","application-state-and-paths","172"
"configured-pwsh","11","config-read-parse","229"
"configured-pwsh","11","workspace-model-and-runtimes","11"
"configured-pwsh","11","window-create-and-branding","12855"
"configured-pwsh","11","font-database-create","0"
"configured-pwsh","11","system-font-discovery","25608"
"configured-pwsh","11","font-configured-family-query","9"
"configured-pwsh","11","font-primary-monospace-validation","0"
"configured-pwsh","11","font-family-resolution","26"
"configured-pwsh","11","fallback-candidate-collection","6"
"configured-pwsh","11","fallback-candidate-sort","1067"
"configured-pwsh","11","fallback-candidate-ordering","1092"
"configured-pwsh","11","font-cache-setup","3"
"configured-pwsh","11","font-family-preparation","26784"
"configured-pwsh","11","font-metrics","84"
"configured-pwsh","11","gpu-backend-policy","10"
"configured-pwsh","11","wgpu-instance","7515"
"configured-pwsh","11","surface-create","30"
"configured-pwsh","11","adapter-request-call","31905"
"configured-pwsh","11","adapter-request-poll","5"
"configured-pwsh","11","adapter-request","31939"
"configured-pwsh","11","device-request-call","25538"
"configured-pwsh","11","device-request-poll","3"
"configured-pwsh","11","device-request","25579"
"configured-pwsh","11","gpu-initialize","65619"
"configured-pwsh","11","adapter-info","1"
"configured-pwsh","11","surface-capabilities-and-config","9"
"configured-pwsh","11","surface-configure","4788"
"configured-pwsh","11","initial-grid-resize","95"
"configured-pwsh","11","initial-ui-and-pane-layout","4"
"configured-pwsh","11","initial-projection","26"
"configured-pwsh","11","surface-acquire","36"
"configured-pwsh","11","shader-module-create","292"
"configured-pwsh","11","glyph-bind-group-layout","32"
"configured-pwsh","11","shader-and-layout","342"
"configured-pwsh","11","rectangle-pipeline","5088"
"configured-pwsh","11","glyph-pipeline","5466"
"configured-pwsh","11","atlas-texture-create","1348"
"configured-pwsh","11","atlas-view-sampler-bind-group","184"
"configured-pwsh","11","glyph-atlas","1585"
"configured-pwsh","11","frame-texture-view","14"
"configured-pwsh","11","instance-generation","2"
"configured-pwsh","11","instance-buffer-allocation","82"
"configured-pwsh","11","instance-buffer-writes","119"
"configured-pwsh","11","buffer-create-upload","226"
"configured-pwsh","11","render-encoding","497"
"configured-pwsh","11","queue-submit","549"
"configured-pwsh","11","pre-present-notify","0"
"configured-pwsh","11","first-present","319"
"no-profile","12","cli-parse","699"
"no-profile","12","event-loop-create","3287"
"no-profile","12","application-default-state","132"
"no-profile","12","application-state-and-paths","159"
"no-profile","12","config-read-parse","211"
"no-profile","12","workspace-model-and-runtimes","10"
"no-profile","12","window-create-and-branding","12395"
"no-profile","12","font-database-create","0"
"no-profile","12","system-font-discovery","29974"
"no-profile","12","font-configured-family-query","12"
"no-profile","12","font-primary-monospace-validation","0"
"no-profile","12","font-family-resolution","31"
"no-profile","12","fallback-candidate-collection","11"
"no-profile","12","fallback-candidate-sort","1203"
"no-profile","12","fallback-candidate-ordering","1237"
"no-profile","12","font-cache-setup","5"
"no-profile","12","font-family-preparation","31311"
"no-profile","12","font-metrics","81"
"no-profile","12","gpu-backend-policy","10"
"no-profile","12","wgpu-instance","6715"
"no-profile","12","surface-create","42"
"no-profile","12","adapter-request-call","38994"
"no-profile","12","adapter-request-poll","6"
"no-profile","12","adapter-request","39034"
"no-profile","12","device-request-call","27682"
"no-profile","12","device-request-poll","4"
"no-profile","12","device-request","27744"
"no-profile","12","gpu-initialize","74211"
"no-profile","12","adapter-info","1"
"no-profile","12","surface-capabilities-and-config","10"
"no-profile","12","surface-configure","6411"
"no-profile","12","initial-grid-resize","88"
"no-profile","12","initial-ui-and-pane-layout","6"
"no-profile","12","initial-projection","28"
"no-profile","12","surface-acquire","62"
"no-profile","12","shader-module-create","433"
"no-profile","12","glyph-bind-group-layout","67"
"no-profile","12","shader-and-layout","528"
"no-profile","12","rectangle-pipeline","5834"
"no-profile","12","glyph-pipeline","7440"
"no-profile","12","atlas-texture-create","2058"
"no-profile","12","atlas-view-sampler-bind-group","288"
"no-profile","12","glyph-atlas","2423"
"no-profile","12","frame-texture-view","19"
"no-profile","12","instance-generation","3"
"no-profile","12","instance-buffer-allocation","306"
"no-profile","12","instance-buffer-writes","317"
"no-profile","12","buffer-create-upload","722"
"no-profile","12","render-encoding","684"
"no-profile","12","queue-submit","676"
"no-profile","12","pre-present-notify","0"
"no-profile","12","first-present","694"
"configured-pwsh","12","cli-parse","665"
"configured-pwsh","12","event-loop-create","3872"
"configured-pwsh","12","application-default-state","134"
"configured-pwsh","12","application-state-and-paths","165"
"configured-pwsh","12","config-read-parse","209"
"configured-pwsh","12","workspace-model-and-runtimes","10"
"configured-pwsh","12","window-create-and-branding","12976"
"configured-pwsh","12","font-database-create","0"
"configured-pwsh","12","system-font-discovery","26060"
"configured-pwsh","12","font-configured-family-query","9"
"configured-pwsh","12","font-primary-monospace-validation","0"
"configured-pwsh","12","font-family-resolution","25"
"configured-pwsh","12","fallback-candidate-collection","8"
"configured-pwsh","12","fallback-candidate-sort","1085"
"configured-pwsh","12","fallback-candidate-ordering","1113"
"configured-pwsh","12","font-cache-setup","3"
"configured-pwsh","12","font-family-preparation","27258"
"configured-pwsh","12","font-metrics","65"
"configured-pwsh","12","gpu-backend-policy","9"
"configured-pwsh","12","wgpu-instance","5836"
"configured-pwsh","12","surface-create","28"
"configured-pwsh","12","adapter-request-call","32842"
"configured-pwsh","12","adapter-request-poll","7"
"configured-pwsh","12","adapter-request","32884"
"configured-pwsh","12","device-request-call","24900"
"configured-pwsh","12","device-request-poll","2"
"configured-pwsh","12","device-request","24934"
"configured-pwsh","12","gpu-initialize","64704"
"configured-pwsh","12","adapter-info","0"
"configured-pwsh","12","surface-capabilities-and-config","7"
"configured-pwsh","12","surface-configure","4425"
"configured-pwsh","12","initial-grid-resize","95"
"configured-pwsh","12","initial-ui-and-pane-layout","5"
"configured-pwsh","12","initial-projection","27"
"configured-pwsh","12","surface-acquire","36"
"configured-pwsh","12","shader-module-create","293"
"configured-pwsh","12","glyph-bind-group-layout","33"
"configured-pwsh","12","shader-and-layout","344"
"configured-pwsh","12","rectangle-pipeline","5470"
"configured-pwsh","12","glyph-pipeline","4872"
"configured-pwsh","12","atlas-texture-create","1337"
"configured-pwsh","12","atlas-view-sampler-bind-group","168"
"configured-pwsh","12","glyph-atlas","1554"
"configured-pwsh","12","frame-texture-view","12"
"configured-pwsh","12","instance-generation","2"
"configured-pwsh","12","instance-buffer-allocation","86"
"configured-pwsh","12","instance-buffer-writes","96"
"configured-pwsh","12","buffer-create-upload","205"
"configured-pwsh","12","render-encoding","565"
"configured-pwsh","12","queue-submit","385"
"configured-pwsh","12","pre-present-notify","0"
"configured-pwsh","12","first-present","258"
"cmd","12","cli-parse","726"
"cmd","12","event-loop-create","7087"
"cmd","12","application-default-state","145"
"cmd","12","application-state-and-paths","188"
"cmd","12","config-read-parse","255"
"cmd","12","workspace-model-and-runtimes","11"
"cmd","12","window-create-and-branding","13983"
"cmd","12","font-database-create","0"
"cmd","12","system-font-discovery","25405"
"cmd","12","font-configured-family-query","10"
"cmd","12","font-primary-monospace-validation","0"
"cmd","12","font-family-resolution","26"
"cmd","12","fallback-candidate-collection","7"
"cmd","12","fallback-candidate-sort","1283"
"cmd","12","fallback-candidate-ordering","1317"
"cmd","12","font-cache-setup","5"
"cmd","12","font-family-preparation","26814"
"cmd","12","font-metrics","113"
"cmd","12","gpu-backend-policy","24"
"cmd","12","wgpu-instance","5767"
"cmd","12","surface-create","26"
"cmd","12","adapter-request-call","34288"
"cmd","12","adapter-request-poll","6"
"cmd","12","adapter-request","34329"
"cmd","12","device-request-call","25178"
"cmd","12","device-request-poll","2"
"cmd","12","device-request","25211"
"cmd","12","gpu-initialize","65947"
"cmd","12","adapter-info","1"
"cmd","12","surface-capabilities-and-config","8"
"cmd","12","surface-configure","4228"
"cmd","12","initial-grid-resize","108"
"cmd","12","initial-ui-and-pane-layout","6"
"cmd","12","initial-projection","30"
"cmd","12","surface-acquire","45"
"cmd","12","shader-module-create","316"
"cmd","12","glyph-bind-group-layout","42"
"cmd","12","shader-and-layout","381"
"cmd","12","rectangle-pipeline","4649"
"cmd","12","glyph-pipeline","6711"
"cmd","12","atlas-texture-create","1564"
"cmd","12","atlas-view-sampler-bind-group","250"
"cmd","12","glyph-atlas","1874"
"cmd","12","frame-texture-view","13"
"cmd","12","instance-generation","7"
"cmd","12","instance-buffer-allocation","109"
"cmd","12","instance-buffer-writes","109"
"cmd","12","buffer-create-upload","242"
"cmd","12","render-encoding","828"
"cmd","12","queue-submit","370"
"cmd","12","pre-present-notify","0"
"cmd","12","first-present","350"
"configured-pwsh","13","cli-parse","808"
"configured-pwsh","13","event-loop-create","4527"
"configured-pwsh","13","application-default-state","153"
"configured-pwsh","13","application-state-and-paths","185"
"configured-pwsh","13","config-read-parse","247"
"configured-pwsh","13","workspace-model-and-runtimes","12"
"configured-pwsh","13","window-create-and-branding","14557"
"configured-pwsh","13","font-database-create","0"
"configured-pwsh","13","system-font-discovery","28965"
"configured-pwsh","13","font-configured-family-query","10"
"configured-pwsh","13","font-primary-monospace-validation","0"
"configured-pwsh","13","font-family-resolution","30"
"configured-pwsh","13","fallback-candidate-collection","10"
"configured-pwsh","13","fallback-candidate-sort","1232"
"configured-pwsh","13","fallback-candidate-ordering","1264"
"configured-pwsh","13","font-cache-setup","4"
"configured-pwsh","13","font-family-preparation","30325"
"configured-pwsh","13","font-metrics","83"
"configured-pwsh","13","gpu-backend-policy","11"
"configured-pwsh","13","wgpu-instance","6102"
"configured-pwsh","13","surface-create","29"
"configured-pwsh","13","adapter-request-call","34601"
"configured-pwsh","13","adapter-request-poll","7"
"configured-pwsh","13","adapter-request","34642"
"configured-pwsh","13","device-request-call","26445"
"configured-pwsh","13","device-request-poll","2"
"configured-pwsh","13","device-request","26481"
"configured-pwsh","13","gpu-initialize","67858"
"configured-pwsh","13","adapter-info","1"
"configured-pwsh","13","surface-capabilities-and-config","8"
"configured-pwsh","13","surface-configure","5501"
"configured-pwsh","13","initial-grid-resize","134"
"configured-pwsh","13","initial-ui-and-pane-layout","5"
"configured-pwsh","13","initial-projection","30"
"configured-pwsh","13","surface-acquire","47"
"configured-pwsh","13","shader-module-create","341"
"configured-pwsh","13","glyph-bind-group-layout","42"
"configured-pwsh","13","shader-and-layout","412"
"configured-pwsh","13","rectangle-pipeline","5467"
"configured-pwsh","13","glyph-pipeline","5801"
"configured-pwsh","13","atlas-texture-create","1480"
"configured-pwsh","13","atlas-view-sampler-bind-group","235"
"configured-pwsh","13","glyph-atlas","1762"
"configured-pwsh","13","frame-texture-view","14"
"configured-pwsh","13","instance-generation","3"
"configured-pwsh","13","instance-buffer-allocation","95"
"configured-pwsh","13","instance-buffer-writes","98"
"configured-pwsh","13","buffer-create-upload","217"
"configured-pwsh","13","render-encoding","479"
"configured-pwsh","13","queue-submit","330"
"configured-pwsh","13","pre-present-notify","0"
"configured-pwsh","13","first-present","392"
"cmd","13","cli-parse","723"
"cmd","13","event-loop-create","4235"
"cmd","13","application-default-state","137"
"cmd","13","application-state-and-paths","166"
"cmd","13","config-read-parse","214"
"cmd","13","workspace-model-and-runtimes","10"
"cmd","13","window-create-and-branding","13871"
"cmd","13","font-database-create","0"
"cmd","13","system-font-discovery","28215"
"cmd","13","font-configured-family-query","113"
"cmd","13","font-primary-monospace-validation","0"
"cmd","13","font-family-resolution","145"
"cmd","13","fallback-candidate-collection","24"
"cmd","13","fallback-candidate-sort","1177"
"cmd","13","fallback-candidate-ordering","1238"
"cmd","13","font-cache-setup","5"
"cmd","13","font-family-preparation","29695"
"cmd","13","font-metrics","180"
"cmd","13","gpu-backend-policy","13"
"cmd","13","wgpu-instance","6182"
"cmd","13","surface-create","28"
"cmd","13","adapter-request-call","32320"
"cmd","13","adapter-request-poll","7"
"cmd","13","adapter-request","32364"
"cmd","13","device-request-call","24915"
"cmd","13","device-request-poll","2"
"cmd","13","device-request","24950"
"cmd","13","gpu-initialize","64091"
"cmd","13","adapter-info","0"
"cmd","13","surface-capabilities-and-config","7"
"cmd","13","surface-configure","4635"
"cmd","13","initial-grid-resize","110"
"cmd","13","initial-ui-and-pane-layout","6"
"cmd","13","initial-projection","30"
"cmd","13","surface-acquire","45"
"cmd","13","shader-module-create","344"
"cmd","13","glyph-bind-group-layout","34"
"cmd","13","shader-and-layout","396"
"cmd","13","rectangle-pipeline","4860"
"cmd","13","glyph-pipeline","6321"
"cmd","13","atlas-texture-create","1290"
"cmd","13","atlas-view-sampler-bind-group","198"
"cmd","13","glyph-atlas","1539"
"cmd","13","frame-texture-view","11"
"cmd","13","instance-generation","3"
"cmd","13","instance-buffer-allocation","127"
"cmd","13","instance-buffer-writes","106"
"cmd","13","buffer-create-upload","260"
"cmd","13","render-encoding","603"
"cmd","13","queue-submit","525"
"cmd","13","pre-present-notify","0"
"cmd","13","first-present","272"
"no-profile","13","cli-parse","679"
"no-profile","13","event-loop-create","3545"
"no-profile","13","application-default-state","133"
"no-profile","13","application-state-and-paths","160"
"no-profile","13","config-read-parse","365"
"no-profile","13","workspace-model-and-runtimes","9"
"no-profile","13","window-create-and-branding","13256"
"no-profile","13","font-database-create","0"
"no-profile","13","system-font-discovery","26478"
"no-profile","13","font-configured-family-query","11"
"no-profile","13","font-primary-monospace-validation","0"
"no-profile","13","font-family-resolution","28"
"no-profile","13","fallback-candidate-collection","13"
"no-profile","13","fallback-candidate-sort","1178"
"no-profile","13","fallback-candidate-ordering","1223"
"no-profile","13","font-cache-setup","5"
"no-profile","13","font-family-preparation","27833"
"no-profile","13","font-metrics","148"
"no-profile","13","gpu-backend-policy","11"
"no-profile","13","wgpu-instance","5471"
"no-profile","13","surface-create","26"
"no-profile","13","adapter-request-call","31539"
"no-profile","13","adapter-request-poll","7"
"no-profile","13","adapter-request","31579"
"no-profile","13","device-request-call","24215"
"no-profile","13","device-request-poll","2"
"no-profile","13","device-request","24251"
"no-profile","13","gpu-initialize","61915"
"no-profile","13","adapter-info","0"
"no-profile","13","surface-capabilities-and-config","8"
"no-profile","13","surface-configure","4271"
"no-profile","13","initial-grid-resize","103"
"no-profile","13","initial-ui-and-pane-layout","5"
"no-profile","13","initial-projection","32"
"no-profile","13","surface-acquire","41"
"no-profile","13","shader-module-create","313"
"no-profile","13","glyph-bind-group-layout","41"
"no-profile","13","shader-and-layout","377"
"no-profile","13","rectangle-pipeline","5612"
"no-profile","13","glyph-pipeline","6025"
"no-profile","13","atlas-texture-create","1321"
"no-profile","13","atlas-view-sampler-bind-group","209"
"no-profile","13","glyph-atlas","1580"
"no-profile","13","frame-texture-view","13"
"no-profile","13","instance-generation","3"
"no-profile","13","instance-buffer-allocation","169"
"no-profile","13","instance-buffer-writes","198"
"no-profile","13","buffer-create-upload","404"
"no-profile","13","render-encoding","609"
"no-profile","13","queue-submit","349"
"no-profile","13","pre-present-notify","0"
"no-profile","13","first-present","352"
"cmd","14","cli-parse","690"
"cmd","14","event-loop-create","3489"
"cmd","14","application-default-state","134"
"cmd","14","application-state-and-paths","165"
"cmd","14","config-read-parse","214"
"cmd","14","workspace-model-and-runtimes","11"
"cmd","14","window-create-and-branding","12158"
"cmd","14","font-database-create","0"
"cmd","14","system-font-discovery","26879"
"cmd","14","font-configured-family-query","9"
"cmd","14","font-primary-monospace-validation","0"
"cmd","14","font-family-resolution","28"
"cmd","14","fallback-candidate-collection","9"
"cmd","14","fallback-candidate-sort","1037"
"cmd","14","fallback-candidate-ordering","1065"
"cmd","14","font-cache-setup","3"
"cmd","14","font-family-preparation","28036"
"cmd","14","font-metrics","97"
"cmd","14","gpu-backend-policy","9"
"cmd","14","wgpu-instance","5578"
"cmd","14","surface-create","26"
"cmd","14","adapter-request-call","31645"
"cmd","14","adapter-request-poll","7"
"cmd","14","adapter-request","31686"
"cmd","14","device-request-call","24361"
"cmd","14","device-request-poll","2"
"cmd","14","device-request","24396"
"cmd","14","gpu-initialize","62262"
"cmd","14","adapter-info","1"
"cmd","14","surface-capabilities-and-config","7"
"cmd","14","surface-configure","4437"
"cmd","14","initial-grid-resize","92"
"cmd","14","initial-ui-and-pane-layout","4"
"cmd","14","initial-projection","39"
"cmd","14","surface-acquire","37"
"cmd","14","shader-module-create","459"
"cmd","14","glyph-bind-group-layout","34"
"cmd","14","shader-and-layout","512"
"cmd","14","rectangle-pipeline","4760"
"cmd","14","glyph-pipeline","5361"
"cmd","14","atlas-texture-create","1352"
"cmd","14","atlas-view-sampler-bind-group","238"
"cmd","14","glyph-atlas","1633"
"cmd","14","frame-texture-view","10"
"cmd","14","instance-generation","2"
"cmd","14","instance-buffer-allocation","101"
"cmd","14","instance-buffer-writes","170"
"cmd","14","buffer-create-upload","296"
"cmd","14","render-encoding","491"
"cmd","14","queue-submit","449"
"cmd","14","pre-present-notify","0"
"cmd","14","first-present","268"
"no-profile","14","cli-parse","986"
"no-profile","14","event-loop-create","4315"
"no-profile","14","application-default-state","143"
"no-profile","14","application-state-and-paths","174"
"no-profile","14","config-read-parse","284"
"no-profile","14","workspace-model-and-runtimes","14"
"no-profile","14","window-create-and-branding","13902"
"no-profile","14","font-database-create","0"
"no-profile","14","system-font-discovery","29279"
"no-profile","14","font-configured-family-query","12"
"no-profile","14","font-primary-monospace-validation","0"
"no-profile","14","font-family-resolution","31"
"no-profile","14","fallback-candidate-collection","8"
"no-profile","14","fallback-candidate-sort","1188"
"no-profile","14","fallback-candidate-ordering","1219"
"no-profile","14","font-cache-setup","5"
"no-profile","14","font-family-preparation","30598"
"no-profile","14","font-metrics","101"
"no-profile","14","gpu-backend-policy","13"
"no-profile","14","wgpu-instance","6894"
"no-profile","14","surface-create","38"
"no-profile","14","adapter-request-call","38780"
"no-profile","14","adapter-request-poll","7"
"no-profile","14","adapter-request","38885"
"no-profile","14","device-request-call","26109"
"no-profile","14","device-request-poll","3"
"no-profile","14","device-request","26155"
"no-profile","14","gpu-initialize","72639"
"no-profile","14","adapter-info","2"
"no-profile","14","surface-capabilities-and-config","11"
"no-profile","14","surface-configure","5324"
"no-profile","14","initial-grid-resize","126"
"no-profile","14","initial-ui-and-pane-layout","7"
"no-profile","14","initial-projection","39"
"no-profile","14","surface-acquire","50"
"no-profile","14","shader-module-create","337"
"no-profile","14","glyph-bind-group-layout","42"
"no-profile","14","shader-and-layout","401"
"no-profile","14","rectangle-pipeline","5293"
"no-profile","14","glyph-pipeline","5962"
"no-profile","14","atlas-texture-create","1648"
"no-profile","14","atlas-view-sampler-bind-group","238"
"no-profile","14","glyph-atlas","1940"
"no-profile","14","frame-texture-view","11"
"no-profile","14","instance-generation","2"
"no-profile","14","instance-buffer-allocation","129"
"no-profile","14","instance-buffer-writes","118"
"no-profile","14","buffer-create-upload","273"
"no-profile","14","render-encoding","564"
"no-profile","14","queue-submit","380"
"no-profile","14","pre-present-notify","0"
"no-profile","14","first-present","343"
"configured-pwsh","14","cli-parse","673"
"configured-pwsh","14","event-loop-create","3126"
"configured-pwsh","14","application-default-state","134"
"configured-pwsh","14","application-state-and-paths","162"
"configured-pwsh","14","config-read-parse","198"
"configured-pwsh","14","workspace-model-and-runtimes","9"
"configured-pwsh","14","window-create-and-branding","14933"
"configured-pwsh","14","font-database-create","0"
"configured-pwsh","14","system-font-discovery","25620"
"configured-pwsh","14","font-configured-family-query","11"
"configured-pwsh","14","font-primary-monospace-validation","0"
"configured-pwsh","14","font-family-resolution","29"
"configured-pwsh","14","fallback-candidate-collection","7"
"configured-pwsh","14","fallback-candidate-sort","1040"
"configured-pwsh","14","fallback-candidate-ordering","1067"
"configured-pwsh","14","font-cache-setup","3"
"configured-pwsh","14","font-family-preparation","26776"
"configured-pwsh","14","font-metrics","82"
"configured-pwsh","14","gpu-backend-policy","8"
"configured-pwsh","14","wgpu-instance","5712"
"configured-pwsh","14","surface-create","26"
"configured-pwsh","14","adapter-request-call","31634"
"configured-pwsh","14","adapter-request-poll","12"
"configured-pwsh","14","adapter-request","31677"
"configured-pwsh","14","device-request-call","25046"
"configured-pwsh","14","device-request-poll","2"
"configured-pwsh","14","device-request","25080"
"configured-pwsh","14","gpu-initialize","63019"
"configured-pwsh","14","adapter-info","1"
"configured-pwsh","14","surface-capabilities-and-config","7"
"configured-pwsh","14","surface-configure","4026"
"configured-pwsh","14","initial-grid-resize","96"
"configured-pwsh","14","initial-ui-and-pane-layout","4"
"configured-pwsh","14","initial-projection","63"
"configured-pwsh","14","surface-acquire","78"
"configured-pwsh","14","shader-module-create","301"
"configured-pwsh","14","glyph-bind-group-layout","40"
"configured-pwsh","14","shader-and-layout","361"
"configured-pwsh","14","rectangle-pipeline","5653"
"configured-pwsh","14","glyph-pipeline","6215"
"configured-pwsh","14","atlas-texture-create","1461"
"configured-pwsh","14","atlas-view-sampler-bind-group","188"
"configured-pwsh","14","glyph-atlas","1688"
"configured-pwsh","14","frame-texture-view","12"
"configured-pwsh","14","instance-generation","3"
"configured-pwsh","14","instance-buffer-allocation","102"
"configured-pwsh","14","instance-buffer-writes","109"
"configured-pwsh","14","buffer-create-upload","235"
"configured-pwsh","14","render-encoding","487"
"configured-pwsh","14","queue-submit","486"
"configured-pwsh","14","pre-present-notify","0"
"configured-pwsh","14","first-present","310"
"no-profile","15","cli-parse","717"
"no-profile","15","event-loop-create","3795"
"no-profile","15","application-default-state","145"
"no-profile","15","application-state-and-paths","176"
"no-profile","15","config-read-parse","221"
"no-profile","15","workspace-model-and-runtimes","11"
"no-profile","15","window-create-and-branding","14804"
"no-profile","15","font-database-create","0"
"no-profile","15","system-font-discovery","27823"
"no-profile","15","font-configured-family-query","9"
"no-profile","15","font-primary-monospace-validation","0"
"no-profile","15","font-family-resolution","28"
"no-profile","15","fallback-candidate-collection","10"
"no-profile","15","fallback-candidate-sort","1230"
"no-profile","15","fallback-candidate-ordering","1264"
"no-profile","15","font-cache-setup","10"
"no-profile","15","font-family-preparation","29187"
"no-profile","15","font-metrics","99"
"no-profile","15","gpu-backend-policy","12"
"no-profile","15","wgpu-instance","6709"
"no-profile","15","surface-create","29"
"no-profile","15","adapter-request-call","36187"
"no-profile","15","adapter-request-poll","6"
"no-profile","15","adapter-request","36227"
"no-profile","15","device-request-call","25195"
"no-profile","15","device-request-poll","3"
"no-profile","15","device-request","25236"
"no-profile","15","gpu-initialize","68821"
"no-profile","15","adapter-info","1"
"no-profile","15","surface-capabilities-and-config","10"
"no-profile","15","surface-configure","5481"
"no-profile","15","initial-grid-resize","115"
"no-profile","15","initial-ui-and-pane-layout","7"
"no-profile","15","initial-projection","100"
"no-profile","15","surface-acquire","55"
"no-profile","15","shader-module-create","341"
"no-profile","15","glyph-bind-group-layout","43"
"no-profile","15","shader-and-layout","406"
"no-profile","15","rectangle-pipeline","5661"
"no-profile","15","glyph-pipeline","5634"
"no-profile","15","atlas-texture-create","1569"
"no-profile","15","atlas-view-sampler-bind-group","201"
"no-profile","15","glyph-atlas","1815"
"no-profile","15","frame-texture-view","15"
"no-profile","15","instance-generation","2"
"no-profile","15","instance-buffer-allocation","82"
"no-profile","15","instance-buffer-writes","102"
"no-profile","15","buffer-create-upload","208"
"no-profile","15","render-encoding","544"
"no-profile","15","queue-submit","452"
"no-profile","15","pre-present-notify","0"
"no-profile","15","first-present","308"
"configured-pwsh","15","cli-parse","670"
"configured-pwsh","15","event-loop-create","3476"
"configured-pwsh","15","application-default-state","134"
"configured-pwsh","15","application-state-and-paths","166"
"configured-pwsh","15","config-read-parse","209"
"configured-pwsh","15","workspace-model-and-runtimes","11"
"configured-pwsh","15","window-create-and-branding","15572"
"configured-pwsh","15","font-database-create","0"
"configured-pwsh","15","system-font-discovery","29614"
"configured-pwsh","15","font-configured-family-query","29"
"configured-pwsh","15","font-primary-monospace-validation","0"
"configured-pwsh","15","font-family-resolution","49"
"configured-pwsh","15","fallback-candidate-collection","13"
"configured-pwsh","15","fallback-candidate-sort","1271"
"configured-pwsh","15","fallback-candidate-ordering","1307"
"configured-pwsh","15","font-cache-setup","5"
"configured-pwsh","15","font-family-preparation","31050"
"configured-pwsh","15","font-metrics","114"
"configured-pwsh","15","gpu-backend-policy","17"
"configured-pwsh","15","wgpu-instance","6530"
"configured-pwsh","15","surface-create","32"
"configured-pwsh","15","adapter-request-call","33661"
"configured-pwsh","15","adapter-request-poll","6"
"configured-pwsh","15","adapter-request","33700"
"configured-pwsh","15","device-request-call","25905"
"configured-pwsh","15","device-request-poll","3"
"configured-pwsh","15","device-request","25940"
"configured-pwsh","15","gpu-initialize","66786"
"configured-pwsh","15","adapter-info","1"
"configured-pwsh","15","surface-capabilities-and-config","8"
"configured-pwsh","15","surface-configure","4629"
"configured-pwsh","15","initial-grid-resize","105"
"configured-pwsh","15","initial-ui-and-pane-layout","6"
"configured-pwsh","15","initial-projection","31"
"configured-pwsh","15","surface-acquire","44"
"configured-pwsh","15","shader-module-create","322"
"configured-pwsh","15","glyph-bind-group-layout","44"
"configured-pwsh","15","shader-and-layout","388"
"configured-pwsh","15","rectangle-pipeline","6622"
"configured-pwsh","15","glyph-pipeline","6297"
"configured-pwsh","15","atlas-texture-create","1252"
"configured-pwsh","15","atlas-view-sampler-bind-group","199"
"configured-pwsh","15","glyph-atlas","1520"
"configured-pwsh","15","frame-texture-view","9"
"configured-pwsh","15","instance-generation","3"
"configured-pwsh","15","instance-buffer-allocation","75"
"configured-pwsh","15","instance-buffer-writes","82"
"configured-pwsh","15","buffer-create-upload","178"
"configured-pwsh","15","render-encoding","473"
"configured-pwsh","15","queue-submit","308"
"configured-pwsh","15","pre-present-notify","0"
"configured-pwsh","15","first-present","384"
"cmd","15","cli-parse","801"
"cmd","15","event-loop-create","4559"
"cmd","15","application-default-state","148"
"cmd","15","application-state-and-paths","182"
"cmd","15","config-read-parse","246"
"cmd","15","workspace-model-and-runtimes","12"
"cmd","15","window-create-and-branding","15032"
"cmd","15","font-database-create","0"
"cmd","15","system-font-discovery","26509"
"cmd","15","font-configured-family-query","15"
"cmd","15","font-primary-monospace-validation","0"
"cmd","15","font-family-resolution","36"
"cmd","15","fallback-candidate-collection","10"
"cmd","15","fallback-candidate-sort","1164"
"cmd","15","fallback-candidate-ordering","1197"
"cmd","15","font-cache-setup","5"
"cmd","15","font-family-preparation","27813"
"cmd","15","font-metrics","103"
"cmd","15","gpu-backend-policy","12"
"cmd","15","wgpu-instance","5752"
"cmd","15","surface-create","30"
"cmd","15","adapter-request-call","32020"
"cmd","15","adapter-request-poll","6"
"cmd","15","adapter-request","32060"
"cmd","15","device-request-call","27393"
"cmd","15","device-request-poll","2"
"cmd","15","device-request","27433"
"cmd","15","gpu-initialize","65884"
"cmd","15","adapter-info","0"
"cmd","15","surface-capabilities-and-config","9"
"cmd","15","surface-configure","4230"
"cmd","15","initial-grid-resize","66"
"cmd","15","initial-ui-and-pane-layout","4"
"cmd","15","initial-projection","36"
"cmd","15","surface-acquire","49"
"cmd","15","shader-module-create","327"
"cmd","15","glyph-bind-group-layout","32"
"cmd","15","shader-and-layout","377"
"cmd","15","rectangle-pipeline","4789"
"cmd","15","glyph-pipeline","6019"
"cmd","15","atlas-texture-create","1311"
"cmd","15","atlas-view-sampler-bind-group","187"
"cmd","15","glyph-atlas","1558"
"cmd","15","frame-texture-view","9"
"cmd","15","instance-generation","2"
"cmd","15","instance-buffer-allocation","82"
"cmd","15","instance-buffer-writes","105"
"cmd","15","buffer-create-upload","210"
"cmd","15","render-encoding","683"
"cmd","15","queue-submit","477"
"cmd","15","pre-present-notify","0"
"cmd","15","first-present","399"
